cell_state	n_cell	n_ctrl	assoc_mcp	assoc_mcz	hetero_mcp	hetero_mcz	n_fdr_0.05	n_fdr_0.1	n_fdr_0.2	trait
AVN_P_cell	155.0	1000.0	0.000999001	8.437232	0.114885114	1.168729	103.0	115.0	127.0	AtrialFibrillation
AVN_bundle_cell	38.0	1000.0	0.000999001	5.515942	0.32367632	0.51251364	11.0	15.0	25.0	AtrialFibrillation
Adip1	1311.0	1000.0	0.33166832	0.38868225	0.003996004	4.192549	20.0	30.0	59.0	AtrialFibrillation
Adip2	554.0	1000.0	0.8321678	-0.96813095	0.001998002	4.0173974	4.0	10.0	17.0	AtrialFibrillation
Adip3	80.0	1000.0	0.91608393	-1.3453896	0.000999001	2.4995382	0.0	0.0	0.0	AtrialFibrillation
B	250.0	1000.0	0.004995005	2.7276804	0.02097902	1.7862718	14.0	20.0	38.0	AtrialFibrillation
B_plasma	117.0	1000.0	0.21778221	0.72678816	0.3756244	0.3592232	5.0	5.0	7.0	AtrialFibrillation
CD14+Mo	575.0	1000.0	0.6123876	-0.3034659	0.000999001	4.02397	7.0	10.0	15.0	AtrialFibrillation
CD16+Mo	1029.0	1000.0	0.55744255	-0.17598283	0.000999001	5.332298	11.0	17.0	35.0	AtrialFibrillation
CD4+T_act	930.0	1000.0	0.10889111	1.3174638	0.1918082	0.8340388	19.0	37.0	78.0	AtrialFibrillation
CD4+T_naive	897.0	1000.0	0.08691309	1.3732811	0.0989011	1.2193301	18.0	34.0	79.0	AtrialFibrillation
CD8+T_cytox	89.0	1000.0	0.010989011	2.3962674	0.5954046	-0.10743525	4.0	8.0	13.0	AtrialFibrillation
CD8+T_em	583.0	1000.0	0.051948052	1.7421155	0.10689311	1.280809	19.0	33.0	52.0	AtrialFibrillation
CD8+T_te	390.0	1000.0	0.08991009	1.3953464	0.12287712	1.1154867	6.0	19.0	35.0	AtrialFibrillation
CD8+T_trans	699.0	1000.0	0.04695305	1.7623258	0.033966035	1.7509565	23.0	39.0	73.0	AtrialFibrillation
DC	167.0	1000.0	0.973027	-1.812723	0.02097902	1.8221766	0.0	1.0	3.0	AtrialFibrillation
EC10_CMC-like	2492.0	1000.0	0.14085914	1.0730075	0.000999001	6.4909716	58.0	93.0	151.0	AtrialFibrillation
EC1_cap	739.0	1000.0	0.022977022	2.1958368	0.000999001	4.254246	23.0	46.0	82.0	AtrialFibrillation
EC2_cap	203.0	1000.0	0.010989011	2.488241	0.000999001	2.832111	10.0	17.0	26.0	AtrialFibrillation
EC3_cap	137.0	1000.0	0.09090909	1.37677	0.000999001	2.509645	5.0	7.0	12.0	AtrialFibrillation
EC4_immune	1572.0	1000.0	0.12487513	1.1694543	0.000999001	5.5110917	39.0	65.0	104.0	AtrialFibrillation
EC5_art	1755.0	1000.0	0.017982017	2.2253497	0.000999001	6.652903	67.0	103.0	161.0	AtrialFibrillation
EC6_ven	2329.0	1000.0	0.5074925	-0.053381678	0.001998002	4.763706	22.0	43.0	88.0	AtrialFibrillation
EC7_endocardial	3018.0	1000.0	0.96703297	-1.7034252	0.007992008	3.683341	11.0	14.0	36.0	AtrialFibrillation
EC8_ln	303.0	1000.0	0.8361638	-0.97371304	0.000999001	3.6981018	3.0	3.0	7.0	AtrialFibrillation
FB1	285.0	1000.0	0.22277722	0.739956	0.017982017	1.9399072	6.0	8.0	15.0	AtrialFibrillation
FB2	12538.0	1000.0	1.0	-3.490589	0.000999001	7.209675	14.0	38.0	84.0	AtrialFibrillation
FB3	13284.0	1000.0	0.999001	-2.714698	0.000999001	9.750213	40.0	85.0	161.0	AtrialFibrillation
FB4_activated	12567.0	1000.0	0.966034	-1.7760013	0.000999001	7.880441	99.0	170.0	309.0	AtrialFibrillation
FB5	3366.0	1000.0	0.9100899	-1.3750048	0.000999001	8.6391325	26.0	51.0	93.0	AtrialFibrillation
FB6	1367.0	1000.0	0.998002	-2.53722	0.000999001	6.08418	3.0	6.0	22.0	AtrialFibrillation
ILC	38.0	1000.0	0.1998002	0.75497466	0.33866134	0.5372779	0.0	1.0	3.0	AtrialFibrillation
LYVE1+IGF1+MP	1436.0	1000.0	0.36263737	0.27555895	0.000999001	6.5404143	16.0	32.0	62.0	AtrialFibrillation
LYVE1+MP_cycling	642.0	1000.0	0.8991009	-1.1791712	0.004995005	2.522325	2.0	6.0	9.0	AtrialFibrillation
LYVE1+TIMD4+MP	9361.0	1000.0	0.91808194	-1.3178724	0.000999001	5.7609243	26.0	59.0	127.0	AtrialFibrillation
MAIT-like	124.0	1000.0	0.05894106	1.5923479	0.31868133	0.5471924	2.0	7.0	15.0	AtrialFibrillation
Mast	308.0	1000.0	0.077922076	1.406796	0.060939062	1.5246291	6.0	13.0	25.0	AtrialFibrillation
Meso	48.0	1000.0	0.12687312	1.1791835	0.04295704	1.7449985	1.0	2.0	5.0	AtrialFibrillation
MoMP	3255.0	1000.0	0.82617384	-0.9169904	0.000999001	6.7774897	22.0	45.0	80.0	AtrialFibrillation
NC1_glial	1393.0	1000.0	0.037962038	2.0543292	0.045954045	1.8840119	62.0	103.0	177.0	AtrialFibrillation
NC2_glial_NGF+	149.0	1000.0	0.18581419	0.8557684	0.000999001	2.961606	2.0	4.0	9.0	AtrialFibrillation
NK_CD16hi	951.0	1000.0	0.09290709	1.2996709	0.001998002	3.1918736	19.0	35.0	73.0	AtrialFibrillation
NK_CD56hi	367.0	1000.0	0.0939061	1.3816092	0.05294705	1.546202	4.0	11.0	28.0	AtrialFibrillation
Neut	20.0	1000.0	0.16983017	0.93667173	0.024975024	1.479685	0.0	1.0	2.0	AtrialFibrillation
PC1_vent	390.0	1000.0	0.07892108	1.4223217	0.003996004	2.5717206	7.0	15.0	28.0	AtrialFibrillation
PC2_atria	3958.0	1000.0	0.5604396	-0.18319762	0.000999001	6.725017	35.0	74.0	154.0	AtrialFibrillation
PC3_str	613.0	1000.0	0.000999001	5.0733385	0.018981019	2.186297	54.0	83.0	111.0	AtrialFibrillation
PC4_CMC-like	10.0	1000.0	0.000999001	5.254792	0.2117882	0.88109446	4.0	7.0	7.0	AtrialFibrillation
SAN_P_cell	245.0	1000.0	0.000999001	6.980792	0.34065935	0.43152234	128.0	166.0	181.0	AtrialFibrillation
SMC1_basic	370.0	1000.0	0.000999001	4.9296193	0.000999001	4.8339524	47.0	75.0	106.0	AtrialFibrillation
SMC2_art	725.0	1000.0	0.003996004	3.4318368	0.001998002	3.3546648	37.0	59.0	108.0	AtrialFibrillation
T/NK_cycling	58.0	1000.0	0.23976023	0.67531055	0.7262737	-0.48665527	1.0	2.0	3.0	AtrialFibrillation
aCM1	1150.0	1000.0	0.000999001	7.7606263	0.001998002	3.0500216	486.0	652.0	801.0	AtrialFibrillation
aCM2	6007.0	1000.0	0.000999001	6.795882	0.006993007	3.9644606	3024.0	3847.0	4591.0	AtrialFibrillation
aCM3	735.0	1000.0	0.000999001	6.9753475	0.015984016	2.4737585	290.0	387.0	488.0	AtrialFibrillation
aCM4	2354.0	1000.0	0.000999001	8.810468	0.000999001	4.820902	1467.0	1706.0	1933.0	AtrialFibrillation
unclassified	6441.0	1000.0	0.000999001	15.861547	0.000999001	8.738142	1460.0	1807.0	2181.0	AtrialFibrillation
vCM1	5427.0	1000.0	0.000999001	7.858728	0.000999001	5.1178107	3896.0	4480.0	4917.0	AtrialFibrillation
vCM2	481.0	1000.0	0.000999001	7.5676394	0.025974026	2.1440895	310.0	363.0	400.0	AtrialFibrillation
vCM3_stressed	2807.0	1000.0	0.000999001	6.079598	0.04295704	2.070522	1096.0	1495.0	1895.0	AtrialFibrillation
vCM4	4480.0	1000.0	0.000999001	9.067763	0.001998002	3.6891868	3578.0	3931.0	4183.0	AtrialFibrillation
vCM5	10.0	1000.0	0.001998002	3.581345	0.7332667	-0.28697553	2.0	4.0	6.0	AtrialFibrillation
