	AtrialFibrillation	EducationalAttainment	HRV_RMSSD	HRV_RMSSDc	HRV_SDNN	HRV_SDNNc	PRinterval
AVN_P_cell	3.060717170335484	0.6277581927141935	1.7015835989419357	1.0132499680064517	1.0019020432580645	0.4700094392174194	4.409605278580645
AVN_bundle_cell	2.0824288621052633	0.47884267731578944	1.3166504635789473	0.7910148237894736	0.7797895252631579	0.23653758184999998	3.925544884210526
Adip1	-0.6387966269009153	0.45843446286602596	-0.565900078021129	-0.6594582735294432	-0.4925163552156827	-0.22885983573203664	-0.7567208241279939
Adip2	-1.3577304236154513	0.013058327228158846	-0.9328951957018051	-0.8309243292888087	-0.6670519303476534	-0.3456805214530686	-1.6803366819175092
Adip3	-1.6540251376875001	-0.8454327524374999	-1.09102264718625	-0.9757505718624999	-0.9500706550125001	-0.5649015344375	-1.9850301044999998
B	0.5991023900464001	1.2311387451272	0.474266451574	0.6936158515072	0.351303724548	1.368726351452	-0.374424304168
B_plasma	-0.0781417803162393	0.8584627751965812	0.8321374614410256	0.5050717416068375	0.3804913968803419	0.36794740253846153	-0.804115940357265
CD14+Mo	-0.7281582991667827	0.2631555147166957	0.18220374996434782	0.24344354520671305	-0.058504493639652176	0.1102558826293913	-1.4667645786867043
CD16+Mo	-0.6637316841111759	0.20263908754089408	0.1827194095013994	0.2153055785014577	0.04395530210122449	0.3471761793953353	-1.443827869670136
CD4+T_act	0.2167237426404301	0.3139283853107527	0.2963257009425269	0.26766552156412904	0.3537903773551613	0.6148901214026129	-0.4002616607855592
CD4+T_naive	0.27911491742731326	0.29903780355897436	0.32646900666940915	0.361433129176087	0.502692153529097	0.7381685668503846	-0.3216285382082497
CD8+T_cytox	0.6035261920786518	0.08325429531348315	0.5028388827224719	0.6197579124943821	0.32796962714044947	0.6485618100786517	0.08076860387640449
CD8+T_em	0.25442790708679247	0.2101140287186964	0.3523348871210978	0.2925460861348199	0.41236184455728986	0.6422307702332761	-0.2529364654451115
CD8+T_te	0.2685265497466667	0.12748268927384615	0.29153764573333335	0.27560247453897435	0.5479709228920513	0.8120340044525641	-0.34344279328589744
CD8+T_trans	0.3768808029118741	0.06799541176409156	0.38869604359814025	0.34963063311587983	0.5134296515188842	0.7985497884562232	-0.36380652903290417
DC	-1.0226928915628741	0.49411718893652695	-0.007472974601197606	0.021115299746107787	0.022768412329341316	0.42175190047305394	-1.7210737848682633
EC10_CMC-like	-0.2506374261663764	0.11941612466753612	0.01425939816135032	0.12783742670586276	-0.13942121150894865	0.09517228180110754	-0.523359137552175
EC1_cap	0.29010469510108255	0.027268762566941815	0.24021234995308524	0.28273094535112314	0.006115477132611637	0.2685003818871177	0.06871651851105548
EC2_cap	0.3604978480768473	-0.014543383310344828	0.19704627608965516	0.1886609044630542	0.011285353421182264	0.3040875884320197	0.21306087502463056
EC3_cap	0.05024116372627738	-0.05459879102189781	0.054393197439416056	0.20801342254379562	-0.07435177452554746	0.2640236447058394	-0.43965165071532847
EC4_immune	-0.02084412541438295	-0.2694155914538804	-0.07651078775016501	0.09770382708017608	-0.30268001417080154	-0.0442592983422799	-0.5309086236028626
EC5_art	0.11691428598660969	-0.048467550814415956	0.10304219188509971	0.10732279375099715	-0.07409546995207977	0.1784863183653561	-0.01789449652769231
EC6_ven	-0.5590750241087162	0.25998270060410045	-0.11653342745528983	0.07069984859416058	-0.030014788597468013	0.3342158053212409	-0.9512732106151567
EC7_endocardial	-1.2051572073476806	-0.21295272825609676	-0.5386667550026176	-0.3006014927831511	-0.008655980687234922	0.45800831136916637	-1.0101436016170642
EC8_ln	-1.0028987552455446	0.4025546225049505	0.5011602985941914	0.4816046827128713	0.30217366933333334	0.5147465693089109	-0.076097300769967
FB1	-0.3481096034385965	-0.2462231063087719	-0.1379494361719298	-0.0007408814666666653	0.0349014052968421	-0.011402959757894734	-0.24703937113157892
FB2	-1.3863491239727717	-0.3394395972195736	-0.6087679499762123	-0.3623853956307593	-0.23446201725753152	-0.19549277213779392	-1.3723757865438666
FB3	-1.32519246474053	-0.5325427115793984	-0.8679000455757513	-0.6067202642745736	-0.49674705354771603	-0.4426785196613944	-1.4534253018089538
FB4_activated	-0.8861995534086886	-0.47457529889816247	-0.43890589137418234	-0.2504705265960455	-0.1616367517724095	-0.18222741068201273	-1.0403055425276406
FB5	-0.9746654568900476	-0.21759158495054368	-0.19901250050524955	-0.11040102218290909	0.07063712870090018	-0.0879623378445306	-0.9129674980316032
FB6	-1.416784636464155	-0.4381879951434894	-0.8251901300671544	-0.5202761670786394	-0.4420231604164594	-0.3099102569990856	-1.6541141557407462
ILC	-0.40467209507894736	0.5418653960526316	-0.012360548342105234	0.022669548552631584	0.11130299049657894	0.4382641737894737	-1.1868046397368421
LYVE1+IGF1+MP	-0.598227696873259	0.01173375648057103	-0.26244018338407105	-0.034979824804665736	-0.12125966977855154	0.2441448946417131	-1.5082716812166435
LYVE1+MP_cycling	-1.0589461012468846	0.6834134819719626	0.12740087581688475	0.4390763778540498	-0.13803510277563863	0.2441019573548754	-1.8720435882129283
LYVE1+TIMD4+MP	-1.1663900597467416	-0.28908182760493534	-0.43205111625942844	-0.05541071033736032	-0.4907708570326327	0.025634235873814765	-2.007234250609998
MAIT-like	0.3656309932419355	0.3817568905725806	0.3826877963403226	0.3080250396612903	0.43219697127096773	0.6458707430080645	-0.24235785772580645
Mast	-0.025958717931818188	0.4845981986152597	0.2276713452198052	-0.016290224895909092	0.05374155395032468	0.1546017317974026	-0.17297000531136364
Meso	-0.7440083508333334	-0.08518633813125	-0.5665426403541667	-0.5718973400208334	-0.41428998791041666	0.018539214395833333	-1.0390216327083335
MoMP	-1.0843712486281107	-0.23691994819289094	-0.33753518453595394	-0.035325560230270045	-0.48900656704531487	0.027624957012875574	-1.9587463549172965
NC1_glial	0.5641598419866475	1.6902624199514	0.321081330660804	0.08873552980107681	0.16673302771730078	-0.17557914684091888	1.4466435738779613
NC2_glial_NGF+	-0.4081172152416107	1.3050492296979868	0.03326659215704699	-0.0363863463852349	0.2560761138993289	-0.01800407316912751	0.2843925836979866
NK_CD16hi	0.2380495064553102	0.0938441059659306	0.6680419696932702	0.7446207271764557	0.4418305614673922	0.9819297044582544	-0.11169755526879076
NK_CD56hi	0.16400653300626702	0.10032633747302452	0.4385061267010899	0.39918549813623977	0.7299298892885558	1.1283702105008173	-0.4732460863637602
Neut	0.6087956950000001	0.33714863375	-0.01610087340000001	0.15296788925	0.26519156885	0.14160959385	0.359135473
PC1_vent	0.2926459357948718	0.24096201738141027	0.32333858487410255	0.32517091087538463	0.612727036751282	0.6139993331717949	0.15003650833205126
PC2_atria	-0.4479693806979409	-0.1132845854321147	-0.23495437775453007	-0.26470548588647547	0.04642871875676756	0.008925928769330472	-0.6217103647031581
PC3_str	0.7499421367157586	0.03998840945721044	0.46932943438548125	0.3072507002442088	0.5971499618659053	0.5064229563783034	0.8143194048161337
PC4_CMC-like	2.1536378865	1.23235062	0.848633278	0.770709866	0.49937288300000005	0.451836108	2.693573593
SAN_P_cell	2.6087650996734695	1.689100792310204	1.9426184683102041	1.4199419648428573	1.356188167327347	0.8434248662628572	4.50790940492653
SMC1_basic	1.0349120001262162	0.30669744893297296	0.5429668755269459	0.2668949328372973	0.5834717612459459	0.4729558874591892	0.7628676200886487
SMC2_art	0.5207274859943448	0.26769739664547587	-0.11016216730386207	-0.02987961692317241	-0.0069767523982068955	-0.19377036047310345	0.7260410453086896
T/NK_cycling	0.30058196759137934	0.43832329270172415	0.7566668886896553	0.8087909727586208	0.4899711501844828	0.8742702060172414	-0.3926432166448276
aCM1	2.4126083834173913	0.8477885068424696	1.3699019715159129	0.8435713360652609	0.6743621682416522	0.10865534951191305	3.2654806502591303
aCM2	2.569007260381305	1.2544725089923505	1.7209244725477801	1.2027232441655968	1.0551726097747793	0.272004141862011	3.7622052799027803
aCM3	2.297292097527891	0.48362615840952383	0.9554107613700681	0.5961775248153742	0.508826983252381	0.1008653355147823	3.07872695945034
aCM4	2.975165198444605	0.8488729430699236	1.6966680517660577	1.0108460360481095	0.86937330204683	0.11262470716669498	4.092830284159728
unclassified	0.754640536837044	0.13187895454227808	0.1069473183848005	-0.06007926773049806	-0.07079996544222171	-0.1736141156442447	0.9221059857904518
vCM1	3.1887557015581907	0.42324752331118487	1.2366120663257048	0.5760065407189479	0.7331233384134697	0.29219399057613415	3.9709677034862727
vCM2	2.953640647297297	0.6579137192068607	1.037394616087318	0.4941520300392931	0.7041112722754678	0.2447837427709979	3.4953113115384613
vCM3_stressed	2.29863609982166	0.10310784866379051	0.16277056904323475	-0.27829367786628784	-0.17854600000522977	-0.41902992562297825	2.9259407719243677
vCM4	3.5489326797464287	0.3558960766572161	1.3972156371726117	0.541489857100491	0.7129183935817947	0.18190738518285712	4.221506741300447
vCM5	1.932682075	0.47991028699999994	0.22434719150000001	0.04107898149999996	0.04463167000000001	-0.11703596799999998	2.21996509
