trait	cell	auc	z	p	fdr
ReactionTime	AVN_P_cell	0.7576918103999626	9.902505990292509	4.05972564035873e-23	5.683615896502222e-21
HRV_SDNNc_lenadj	SAN_P_cell	0.7023053668446744	9.700609394311252	2.9970319094824456e-22	2.097922336637712e-20
HRV_SDNNc	SAN_P_cell	0.6986630408873695	9.52595865740962	1.6352555973713572e-21	7.631192787733001e-20
Intelligence	SAN_P_cell	0.6890926274868003	9.067054162739037	1.2227813760951994e-19	4.279734816333198e-18
ReactionTime	SAN_P_cell	0.6752628014882179	8.403909422211504	4.318558306026367e-17	1.2091963256873829e-15
EducationalAttainment	SAN_P_cell	0.6742982823184915	8.35766040833327	6.397428661231707e-17	1.4927333542873984e-15
HRV_SDNN	SAN_P_cell	0.6661936653774572	7.969041339735579	1.599099652358774e-15	3.198199304717548e-14
HRV_SDNN_lenadj	SAN_P_cell	0.6563539544528824	7.497223939530253	6.518356414415336e-14	1.1407123725226838e-12
HRV_RMSSDc_lenadj	SAN_P_cell	0.6553146203098992	7.447387522886937	9.520665659024008e-14	1.480992435848179e-12
Intelligence	AVN_P_cell	0.6863052017328891	7.1592821414042795	8.110061803353428e-13	1.1354086524694799e-11
EducationalAttainment_lenadj	SAN_P_cell	0.645226454090039	6.963656608922181	3.3155220301113578e-12	4.219755311050819e-11
HRV_RMSSDc	SAN_P_cell	0.6427388357091515	6.844374483037571	7.681074965531224e-12	8.961254126453095e-11
HRV_RMSSD_lenadj	AVN_P_cell	0.649723742135357	5.7535404446233	8.73935279060435e-09	9.411610697573915e-08
HRV_RMSSD	AVN_P_cell	0.6479615827214437	5.685824694848234	1.3018288523483964e-08	1.3018288523483965e-07
QTinterval_lenadj	AVN_P_cell	0.35352082714414157	-5.628859079405347	1.814055263107055e-08	1.6931182455665848e-07
QTinterval	AVN_P_cell	0.3540930945098517	-5.60686815540897	2.0602047702437584e-08	1.8026791739632886e-07
HRV_RMSSD_lenadj	SAN_P_cell	0.6162178164591747	5.572682819609973	2.508460277852975e-08	2.0657908170553913e-07
HRV_SDNN	AVN_P_cell	0.6421270829967451	5.461618235261825	4.718138481778981e-08	3.669663263605874e-07
HRV_RMSSD	SAN_P_cell	0.6136037219625119	5.44733612205343	5.11297864033109e-08	3.767457945507119e-07
AtrialFibrillation	AVN_bundle_cell	0.23495301454937664	-5.432591518952611	5.554145127420561e-08	3.8879015891943925e-07
AtrialFibrillation_lenadj	AVN_bundle_cell	0.23594847519052525	-5.412187849665973	6.225932454579681e-08	4.1506216363864534e-07
HRV_RMSSDc_lenadj	AVN_P_cell	0.6385313632708527	5.323442962753946	1.0182138957647873e-07	6.479542973048646e-07
PRinterval	SAN_P_cell	0.608071214776833	5.182050568750755	2.194596925347252e-07	1.33584160673311e-06
HRV_RMSSDc	AVN_P_cell	0.6283419158073245	4.93188583725295	8.143951188495214e-07	4.688516928288323e-06
HRV_SDNN_lenadj	AVN_P_cell	0.6282012804683973	4.926481543325206	8.37235165765772e-07	4.688516928288323e-06
RestingHeartRate	AVN_P_cell	0.6225844866452894	4.710641022847526	2.469388588497044e-06	1.3296707784214853e-05
RestingHeartRate_lenadj	AVN_P_cell	0.6154674903506226	4.437151157836134	9.115728265851683e-06	4.726673915626799e-05
PRinterval_lenadj	SAN_P_cell	0.5857708427268293	4.112740337495285	3.9099008079000006e-05	0.00019549504039500002
RestingHeartRate	SAN_P_cell	0.5833974091326594	3.998933409980324	6.362857743387937e-05	0.00030717244278424523
Brugada	AVN_P_cell	0.3970153594901542	-3.9574638323741476	7.574975246262774e-05	0.00035349884482559614
Brugada_lenadj	AVN_P_cell	0.3991257653759115	-3.8763657683991117	0.00010602825954042888	0.000478837301150324
HeartFailure_lenadj	AVN_P_cell	0.5994765009687982	3.8226540657537544	0.0001320229375646586	0.0005615238073795992
PRinterval_lenadj	AVN_P_cell	0.5994601833975165	3.8220270188673493	0.00013235918316804838	0.0005615238073795992
AtrialFlutter	SAN_P_cell	0.42442785315146925	-3.623709489773359	0.00029040778098336697	0.0011661349068755578
AtrialFlutter_lenadj	AVN_bundle_cell	0.32325413232011513	-3.622709008122412	0.00029153372671888945	0.0011661349068755578
QRSduration_lenadj	SAN_P_cell	0.574053212398704	3.550876079453371	0.0003839511505152747	0.0014931433631149573
HRV_SDNNc_lenadj	AVN_P_cell	0.5921972508579978	3.542929158256076	0.0003957089862346298	0.0014972772452121128
AVblock	AVN_bundle_cell	0.3294278029370301	-3.496169064356451	0.0004719895514831405	0.0017389088738852543
HeartFailure_lenadj	SAN_P_cell	0.5724088208463275	3.4720269594833746	0.000516544460593381	0.0018542621662326498
HeartFailure	AVN_P_cell	0.5894797299119289	3.4385010532052225	0.0005849442622779246	0.0020473049179727362
AtrialFlutter	AVN_bundle_cell	0.3329438334340298	-3.4241020026394358	0.000616834635390155	0.00210626460864931
AtrialFlutter_lenadj	SAN_P_cell	0.42933677038570833	-3.388325281331092	0.0007032081444062568	0.002344027148020856
AVblock_lenadj	AVN_bundle_cell	0.3372832576449482	-3.3351580777527117	0.0008525092225809002	0.0027756114223564192
QRSduration	SAN_P_cell	0.5693310204235544	3.324445409074533	0.0008859457643228073	0.0028189183410271142
HRV_SDNNc	AVN_P_cell	0.5835792223847577	3.2117580649709834	0.0013192542354375826	0.004104346510250257
QTinterval_lenadj	AVN_bundle_cell	0.3503381471567561	-3.067575777497034	0.002158027375761947	0.006567909404492882
QTinterval	AVN_bundle_cell	0.3523018488121468	-3.0273263517558138	0.0024672742587149264	0.007349327579150845
HeartFailure	SAN_P_cell	0.560604311672288	2.905996831983894	0.0036608515547567814	0.010677483701373947
RheumatoidArthritis	AVN_bundle_cell	0.361472432755775	-2.839359540998487	0.004520419130375533	0.012915483229644378
HRV_SDNNc_lenadj	Purkinje	0.4025132202611078	-2.8003836033155194	0.005104191134252889	0.014230650967739957
HRV_SDNN	Purkinje	0.4026877279001053	-2.7953707355993953	0.005184022852533841	0.014230650967739957
RestingHeartRate_lenadj	AVN_bundle_cell	0.36442268386493426	-2.7788890960049324	0.0054545144282822046	0.014685231153067475
PRinterval	AVN_P_cell	0.5721074166357639	2.770922848001667	0.005589766966306547	0.014765422175149371
HRV_SDNNc	Purkinje	0.40563485678623623	-2.710712165158528	0.006713888010612655	0.017406376323810587
RheumatoidArthritis_lenadj	AVN_bundle_cell	0.3698670953109819	-2.6672965668644846	0.007646416519368253	0.019463605685664645
AtrialFlutter	AVN_P_cell	0.5687423554598524	2.64161125521009	0.008251270231871636	0.020628175579679088
HRV_SDNN_lenadj	Purkinje	0.40910424985539984	-2.6110511496817144	0.009026439196953033	0.022170201536375868
QRSduration_lenadj	AVN_bundle_cell	0.3758298138193722	-2.545080447546962	0.01092525649376753	0.026371308778059554
Brugada_lenadj	AVN_bundle_cell	0.38191226628183295	-2.4204101759503325	0.015503008891592226	0.036786800759710366
AtrialFlutter_lenadj	AVN_P_cell	0.5608029351346581	2.3365175185963345	0.019464285649666242	0.045331802486981466
QRSduration	AVN_bundle_cell	0.3862729153208749	-2.3310312118909926	0.01975171394075621	0.045331802486981466
ReactionTime	AVN_bundle_cell	0.6057933735438513	2.168416225895091	0.03012703225092064	0.06802878250207886
Brugada	AVN_bundle_cell	0.39654654224056746	-2.1204556477965184	0.033967638062312976	0.07548364013847328
Brugada	Purkinje	0.5662386368363775	1.902756383987527	0.057072340874256465	0.12484574566243602
RestingHeartRate_lenadj	SAN_P_cell	0.5382105266858209	1.8322074194632854	0.0669205238979859	0.14413651301104657
ReactionTime	Purkinje	0.43728573439268004	-1.8015160780887738	0.07162157544969808	0.15192455398420804
RheumatoidArthritis_noMHC	AVN_bundle_cell	0.4162392942209978	-1.7168189974424863	0.08601224874169641	0.17972708692294773
Brugada_lenadj	Purkinje	0.5558100373605819	1.603186749460845	0.10889343001935169	0.2214072708085956
RestingHeartRate	AVN_bundle_cell	0.421833737658208	-1.6021513059062993	0.10912215489852212	0.2214072708085956
BundleBranchBlock_lenadj	AVN_P_cell	0.45983602684655334	-1.5434094864274013	0.12273145343426808	0.24504573051469916
AVblock	SAN_P_cell	0.4679442850519294	-1.5370821566259527	0.12427319190388315	0.24504573051469916
QRSduration_lenadj	Purkinje	0.44705944439096773	-1.520758653378739	0.1283204137482178	0.24951191562153457
RestingHeartRate_lenadj	Purkinje	0.5517106201936639	1.4854278015487772	0.13743053557889987	0.26356541069926004
RestingHeartRate	Purkinje	0.550423120420401	1.4484433687469693	0.14749309325596613	0.279040987241017
PRinterval	AVN_bundle_cell	0.4313868545728244	-1.4063438273127495	0.15962205174944843	0.2979611632656371
QRSduration	Purkinje	0.45279712448512255	-1.3559393281350818	0.17511847300730687	0.3225866608029337
RheumatoidArthritis_lenadj	AVN_P_cell	0.5350007064033331	1.3449969724902244	0.17862621225988784	0.3244418158423713
BundleBranchBlock	SAN_P_cell	0.5279125767526308	1.338417306911554	0.18076044025503546	0.3244418158423713
AVblock_lenadj	SAN_P_cell	0.4724370582554092	-1.3216521923895252	0.18628399509762716	0.3301235356160481
PRinterval	Purkinje	0.45453447038024886	-1.3060327154535458	0.19154143232690024	0.3351975065720754
AVblock_lenadj	Purkinje	0.45723107309075517	-1.2285707043441012	0.2192328049601493	0.37892089746198643
PRinterval_lenadj	Purkinje	0.4588129439218233	-1.183130233854142	0.23675753724150417	0.4042201855342754
Intelligence	Purkinje	0.4601236298022411	-1.1454797620829946	0.2520104741396161	0.42507790818730423
PRinterval_lenadj	AVN_bundle_cell	0.4472748535851408	-1.0806920997871892	0.279834098478846	0.46639016413141005
EducationalAttainment	AVN_P_cell	0.527066448699561	1.0401016235919416	0.2982926894448916	0.4913056061445274
BundleBranchBlock	AVN_P_cell	0.4733292754514355	-1.0248948509371782	0.305412804443306	0.49718363514026553
EducationalAttainment	Purkinje	0.5349510215311949	1.003995289179072	0.3153808842359158	0.5075094688853817
Brugada_lenadj	SAN_P_cell	0.48061654613752847	-0.9294430373508412	0.3526595327639367	0.5610492566698992
Intelligence	AVN_bundle_cell	0.5437011920090304	0.8957307123215955	0.37039660322374346	0.5826463421497088
AtrialFlutter	Purkinje	0.4706515002312105	-0.843058492182802	0.39919573144658016	0.6209711378057914
HRV_RMSSDc	AVN_bundle_cell	0.5392828632844012	0.80516950440385	0.4207218717428758	0.6413491862052199
HeartFailure	AVN_bundle_cell	0.5392206469943294	0.8038942750734351	0.4214580366491445	0.6413491862052199
EducationalAttainment_lenadj	Purkinje	0.5263691985954267	0.7574757477576625	0.4487648901985668	0.670334417008329
AtrialFibrillation_lenadj	AVN_P_cell	0.4803454623438624	-0.7552788603341685	0.45008167999130655	0.670334417008329
AVblock_lenadj	AVN_P_cell	0.4812931721335524	-0.7188605439938149	0.47222684920608615	0.6858718324133256
BundleBranchBlock_lenadj	AVN_bundle_cell	0.4650578570992271	-0.7161990122394086	0.4738684729134267	0.6858718324133256
AtrialFibrillation_lenadj	SAN_P_cell	0.485156817873848	-0.7117355027213572	0.47662857857469443	0.6858718324133256
RheumatoidArthritis_noMHC	SAN_P_cell	0.48527382028622995	-0.7061251982671987	0.480110282689328	0.6858718324133256
HRV_SDNN	AVN_bundle_cell	0.5330293160242431	0.6769923521485799	0.49841080675708094	0.6890918114246193
HRV_RMSSDc_lenadj	Purkinje	0.47643525289833316	-0.6769156964311726	0.4984594444821291	0.6890918114246193
QTinterval	Purkinje	0.476620179334906	-0.6716035406477412	0.5018361236369628	0.6890918114246193
AtrialFlutter_lenadj	Purkinje	0.4766320125993498	-0.6712636209190285	0.5020526054665083	0.6890918114246193
BundleBranchBlock	Purkinje	0.5228288328528874	0.6557759870136737	0.5119682689895437	0.6907778048820561
EducationalAttainment_lenadj	AVN_bundle_cell	0.4680952758231223	-0.6539419178193878	0.5131492264838131	0.6907778048820561
HeartFailure_lenadj	AVN_bundle_cell	0.5314948095573943	0.6455400162413939	0.518577294889079	0.6914363931854387
BundleBranchBlock_lenadj	Purkinje	0.521481688809513	0.6170782261431789	0.5371831297337009	0.7094871524784728
BundleBranchBlock_lenadj	SAN_P_cell	0.5124454512170663	0.5967635109028372	0.5506652829626211	0.7204966319137098
HRV_RMSSDc_lenadj	AVN_bundle_cell	0.5279366534473253	0.5726095179985773	0.5669091137470796	0.7319174371114984
AVblock	Purkinje	0.48021733594021115	-0.5682724181813418	0.569850004608238	0.7319174371114984
RheumatoidArthritis_noMHC	Purkinje	0.4816177925940908	-0.5280432110910755	0.5974693447921896	0.760415529735514
QRSduration	AVN_P_cell	0.5130492862099698	0.5014541776190113	0.6160515189296265	0.7770019157670965
RheumatoidArthritis	AVN_P_cell	0.5120056991652917	0.46135151799130664	0.6445464289156184	0.8056830361445231
AVblock	AVN_P_cell	0.48890651760211906	-0.42629711719482866	0.669891358250926	0.8227225362416406
Brugada	SAN_P_cell	0.4911107512744524	-0.4262424227312876	0.6699312080824787	0.8227225362416406
AtrialFibrillation	SAN_P_cell	0.49129799382843076	-0.41726408020648836	0.6764852587083279	0.8235472714710078
BundleBranchBlock	AVN_bundle_cell	0.48031137957008224	-0.4035519671563087	0.686542213016504	0.8285854295026772
QTinterval	SAN_P_cell	0.49179707252730587	-0.39333309117580445	0.6940734805510331	0.8305152758730311
HRV_SDNNc	AVN_bundle_cell	0.5161952729553402	0.33194983279934115	0.7399271406411503	0.8770952479478339
RheumatoidArthritis	SAN_P_cell	0.49323179377199816	-0.3245377319544851	0.7455309607556588	0.8770952479478339
AtrialFibrillation_lenadj	Purkinje	0.5106171665441026	0.30498637028947984	0.7603765330396015	0.8871059552128685
QRSduration_lenadj	AVN_P_cell	0.507181091161523	0.2759528839253646	0.7825842547327896	0.9054693856412441
QTinterval_lenadj	SAN_P_cell	0.49484244316482173	-0.24730655971889437	0.8046709825168794	0.9115881779006803
HeartFailure_lenadj	Purkinje	0.4916866280192879	-0.23880807885339372	0.8112544054414945	0.9115881779006803
HeartFailure	Purkinje	0.4920223862921506	-0.2291631612089626	0.8187421038071693	0.9115881779006803
HRV_SDNN_lenadj	AVN_bundle_cell	0.4891339411411214	-0.22271847046599008	0.8237546250480345	0.9115881779006803
EducationalAttainment_lenadj	AVN_P_cell	0.49433602811416116	-0.2176534653597006	0.8276991236371554	0.9115881779006803
EducationalAttainment	AVN_bundle_cell	0.5105105834932082	0.21543239455210927	0.8294302156947876	0.9115881779006803
RheumatoidArthritis_lenadj	SAN_P_cell	0.5042396440224028	0.2032923361041235	0.8389065453655916	0.9115881779006803
QTinterval_lenadj	Purkinje	0.4929700666778067	-0.20194030473259683	0.8399633924941983	0.9115881779006803
RheumatoidArthritis	Purkinje	0.5067290236799368	0.1932964411183534	0.8467268133480895	0.9118596451440963
AtrialFibrillation	Purkinje	0.49492793609459496	-0.1456989823000382	0.8841590248032458	0.9444475762719564
HRV_RMSSD_lenadj	Purkinje	0.5046384018537675	0.13324170243051645	0.8940022310832642	0.9444475762719564
HRV_RMSSD	Purkinje	0.5044530435986406	0.12791714232312032	0.8982145448822405	0.9444475762719564
HRV_RMSSDc	Purkinje	0.4958000710173599	-0.12064622802780367	0.9039712515745869	0.9444475762719564
AtrialFibrillation	AVN_P_cell	0.49713333921810726	-0.11015920731346064	0.9122831131698124	0.9460713766205462
HRV_RMSSD_lenadj	AVN_bundle_cell	0.4962944852549824	-0.07595086562826542	0.9394581887725297	0.9641808397282905
HRV_SDNNc_lenadj	AVN_bundle_cell	0.5034564875631419	0.07084662739689111	0.9435198217341128	0.9641808397282905
RheumatoidArthritis_noMHC	AVN_P_cell	0.49861777725639395	-0.0531156538394944	0.9576397590988237	0.9648749787970355
RheumatoidArthritis_lenadj	Purkinje	0.4981659384748129	-0.05268484441030991	0.9579830146627709	0.9648749787970355
HRV_RMSSD	AVN_bundle_cell	0.4983784069292097	-0.033237324878795604	0.9734853336060175	0.9734853336060175
