trait	stratum	state	n	n_states	rank	pct	auc	mean
AVblock	AH2/SAN/10x multiome	SAN_P_cell	22	36	4	91.42857142857143	0.8794473883421651	1.525267175909091
AVblock	AV13/AVN/10x multiome	AVN_P_cell	54	30	3	93.10344827586206	0.789582149983251	1.2347519842592591
AVblock	AH1/SAN/10x multiome	SAN_P_cell	107	30	3	93.10344827586206	0.8520430793653264	1.4389347732990654
AVblock	A61/SAN/10x multiome	SAN_P_cell	27	30	3	93.10344827586206	0.8340969835815196	1.8775599981481486
AVblock	A61/AVN/10x multiome	AVN_P_cell	91	34	5	87.87878787878788	0.77021799088054	1.793436453131868
AVblock	A61/AVN/10x multiome	AVN_bundle_cell	26	34	7	81.81818181818181	0.6296983081923494	1.0545193642307693
AVblock	AV14/SAN/10x multiome	SAN_P_cell	31	25	2	95.83333333333334	0.821703952510721	1.344913355483871
AVblock	AV3/SAN/10x multiome	SAN_P_cell	31	26	2	96.0	0.8974422894749963	1.7267999787096773
AVblock	AV10/SAN/10x multiome	SAN_P_cell	27	22	2	95.23809523809523	0.8477102216790576	1.4644392066666665
AtrialFibrillation	AH2/SAN/10x multiome	SAN_P_cell	22	36	3	94.28571428571428	0.9316289312504301	2.5731392545454543
AtrialFibrillation	AV13/AVN/10x multiome	AVN_P_cell	54	30	3	93.10344827586206	0.9432938640567425	2.812149906111111
AtrialFibrillation	AH1/SAN/10x multiome	SAN_P_cell	107	30	2	96.55172413793103	0.9328519069000132	3.3287398401869157
AtrialFibrillation	A61/SAN/10x multiome	SAN_P_cell	27	30	4	89.65517241379311	0.7961244749904544	2.6126874340740738
AtrialFibrillation	A61/AVN/10x multiome	AVN_P_cell	91	34	3	93.93939393939394	0.8449876905800544	4.1227902307692315
AtrialFibrillation	A61/AVN/10x multiome	AVN_bundle_cell	26	34	7	81.81818181818181	0.6925577131427619	2.6626194346153844
AtrialFibrillation	AV14/SAN/10x multiome	SAN_P_cell	31	25	3	91.66666666666666	0.9270549464478104	2.7652130464516125
AtrialFibrillation	AV3/SAN/10x multiome	SAN_P_cell	31	26	1	100.0	0.9659719798574063	3.534141574193549
AtrialFibrillation	AV10/SAN/10x multiome	SAN_P_cell	27	22	1	100.0	0.9639813966120108	2.976690746296296
AtrialFlutter	AH2/SAN/10x multiome	SAN_P_cell	22	36	4	91.42857142857143	0.8714988644965935	1.581535383
AtrialFlutter	AV13/AVN/10x multiome	AVN_P_cell	54	30	3	93.10344827586206	0.9088929668953263	1.9017906135185185
AtrialFlutter	AH1/SAN/10x multiome	SAN_P_cell	107	30	4	89.65517241379311	0.8894807286762589	1.9489422169719623
AtrialFlutter	A61/SAN/10x multiome	SAN_P_cell	27	30	4	89.65517241379311	0.7889843451699122	1.8632822999999998
AtrialFlutter	A61/AVN/10x multiome	AVN_P_cell	91	34	1	100.0	0.8721979873018615	2.975463403846154
AtrialFlutter	A61/AVN/10x multiome	AVN_bundle_cell	26	34	7	81.81818181818181	0.6960163346945579	1.734683428230769
AtrialFlutter	AV14/SAN/10x multiome	SAN_P_cell	31	25	1	100.0	0.9288928322453894	2.214516925806451
AtrialFlutter	AV3/SAN/10x multiome	SAN_P_cell	31	26	3	92.0	0.9354838709677419	2.2776992322580645
AtrialFlutter	AV10/SAN/10x multiome	SAN_P_cell	27	22	1	100.0	0.9338697083884985	1.8747303618518518
Brugada	AH2/SAN/10x multiome	SAN_P_cell	22	36	3	94.28571428571428	0.6920377124767738	0.7990297172954546
Brugada	AV13/AVN/10x multiome	AVN_P_cell	54	30	3	93.10344827586206	0.7403329400969983	1.033079834166667
Brugada	AH1/SAN/10x multiome	SAN_P_cell	107	30	2	96.55172413793103	0.7577252601025625	1.115681150411215
Brugada	A61/SAN/10x multiome	SAN_P_cell	27	30	4	89.65517241379311	0.6433944253531882	0.8690960774074072
Brugada	A61/AVN/10x multiome	AVN_P_cell	91	34	7	81.81818181818181	0.6118367875807517	1.1385842043186811
Brugada	A61/AVN/10x multiome	AVN_bundle_cell	26	34	5	87.87878787878788	0.6323651970997584	1.218922038846154
Brugada	AV14/SAN/10x multiome	SAN_P_cell	31	25	2	95.83333333333334	0.7872488750871411	1.065540118483871
Brugada	AV3/SAN/10x multiome	SAN_P_cell	31	26	3	92.0	0.8463877947848631	1.2498375547258065
Brugada	AV10/SAN/10x multiome	SAN_P_cell	27	22	2	95.23809523809523	0.8112502970431477	1.075344567777778
BundleBranchBlock	AH2/SAN/10x multiome	SAN_P_cell	22	36	2	97.14285714285714	0.8234292202876609	1.1616612449545456
BundleBranchBlock	AV13/AVN/10x multiome	AVN_P_cell	54	30	3	93.10344827586206	0.7486054674414879	0.631175853
BundleBranchBlock	AH1/SAN/10x multiome	SAN_P_cell	107	30	1	100.0	0.8427517567136421	1.0791107109813083
BundleBranchBlock	A61/SAN/10x multiome	SAN_P_cell	27	30	4	89.65517241379311	0.5724704085528828	0.3433384140111111
BundleBranchBlock	A61/AVN/10x multiome	AVN_P_cell	91	34	4	90.9090909090909	0.7471478549524591	1.2304645327857142
BundleBranchBlock	A61/AVN/10x multiome	AVN_bundle_cell	26	34	2	96.96969696969697	0.7579589965830485	1.2837972486538463
BundleBranchBlock	AV14/SAN/10x multiome	SAN_P_cell	31	25	3	91.66666666666666	0.7222046179521304	0.5832858204516129
BundleBranchBlock	AV3/SAN/10x multiome	SAN_P_cell	31	26	1	100.0	0.8351448372139403	0.8008433179032258
BundleBranchBlock	AV10/SAN/10x multiome	SAN_P_cell	27	22	3	90.47619047619048	0.7859252469701599	0.7206263718518519
EducationalAttainment	AH2/SAN/10x multiome	SAN_P_cell	22	36	1	100.0	0.8680235358887894	2.1489512395454544
EducationalAttainment	AV13/AVN/10x multiome	AVN_P_cell	54	30	8	75.86206896551724	0.6152910677094712	0.5597939627407408
EducationalAttainment	AH1/SAN/10x multiome	SAN_P_cell	107	30	1	100.0	0.8606924136428366	2.1291768210747666
EducationalAttainment	A61/SAN/10x multiome	SAN_P_cell	27	30	4	89.65517241379311	0.6979190530736923	1.301528330851852
EducationalAttainment	A61/AVN/10x multiome	AVN_P_cell	91	34	4	90.9090909090909	0.70298819653115	1.2665119198791208
EducationalAttainment	A61/AVN/10x multiome	AVN_bundle_cell	26	34	5	87.87878787878788	0.7151429285773815	1.234671803076923
EducationalAttainment	AV14/SAN/10x multiome	SAN_P_cell	31	25	1	100.0	0.8098105076367323	1.555969356774193
EducationalAttainment	AV3/SAN/10x multiome	SAN_P_cell	31	26	1	100.0	0.942065114423892	2.022352821935484
EducationalAttainment	AV10/SAN/10x multiome	SAN_P_cell	27	22	1	100.0	0.9044030281427164	2.4465667593333333
HRV_RMSSD	AH2/SAN/10x multiome	SAN_P_cell	22	36	1	100.0	0.9052886931388067	2.05124712
HRV_RMSSD	AV13/AVN/10x multiome	AVN_P_cell	54	30	1	100.0	0.8348043285125472	0.8695022442592593
HRV_RMSSD	AH1/SAN/10x multiome	SAN_P_cell	107	30	1	100.0	0.9066587812337071	2.0835005142336454
HRV_RMSSD	A61/SAN/10x multiome	SAN_P_cell	27	30	3	93.10344827586206	0.8324742268041238	2.201286204444444
HRV_RMSSD	A61/AVN/10x multiome	AVN_P_cell	91	34	1	100.0	0.8855131393031449	2.4502728325274727
HRV_RMSSD	A61/AVN/10x multiome	AVN_bundle_cell	26	34	5	87.87878787878788	0.76416784732061	1.5887982688461537
HRV_RMSSD	AV14/SAN/10x multiome	SAN_P_cell	31	25	1	100.0	0.875657519487927	1.6740905937096775
HRV_RMSSD	AV3/SAN/10x multiome	SAN_P_cell	31	26	1	100.0	0.9597646706885377	2.5488832696774195
HRV_RMSSD	AV10/SAN/10x multiome	SAN_P_cell	27	22	1	100.0	0.9310180941711648	2.3291577637037033
HRV_RMSSDc	AH2/SAN/10x multiome	SAN_P_cell	22	36	2	97.14285714285714	0.8249776340238112	1.492786544090909
HRV_RMSSDc	AV13/AVN/10x multiome	AVN_P_cell	54	30	1	100.0	0.7463188709747892	0.6091163551851851
HRV_RMSSDc	AH1/SAN/10x multiome	SAN_P_cell	107	30	1	100.0	0.8722209685075522	1.6497778577663553
HRV_RMSSDc	A61/SAN/10x multiome	SAN_P_cell	27	30	1	100.0	0.8313478426880488	1.9643195548148147
HRV_RMSSDc	A61/AVN/10x multiome	AVN_P_cell	91	34	2	96.96969696969697	0.8193816290391248	1.6220122084065935
HRV_RMSSDc	A61/AVN/10x multiome	AVN_bundle_cell	26	34	3	93.93939393939394	0.7207267272272689	1.1011162713461538
HRV_RMSSDc	AV14/SAN/10x multiome	SAN_P_cell	31	25	1	100.0	0.7967129306884678	1.0677451756129033
HRV_RMSSDc	AV3/SAN/10x multiome	SAN_P_cell	31	26	1	100.0	0.90275215635439	2.001038695806452
HRV_RMSSDc	AV10/SAN/10x multiome	SAN_P_cell	27	22	1	100.0	0.8795532471059511	1.7050057511111112
HRV_SDNN	AH2/SAN/10x multiome	SAN_P_cell	22	36	1	100.0	0.7817940953822862	1.3101639886363634
HRV_SDNN	AV13/AVN/10x multiome	AVN_P_cell	54	30	1	100.0	0.6697761465752028	0.5885319588518519
HRV_SDNN	AH1/SAN/10x multiome	SAN_P_cell	107	30	1	100.0	0.855727703549223	1.6736130034411214
HRV_SDNN	A61/SAN/10x multiome	SAN_P_cell	27	30	2	96.55172413793103	0.7604238258877434	1.471370081111111
HRV_SDNN	A61/AVN/10x multiome	AVN_P_cell	91	34	2	96.96969696969697	0.7856186486169642	1.490015461308791
HRV_SDNN	A61/AVN/10x multiome	AVN_bundle_cell	26	34	4	90.9090909090909	0.6645553796149679	1.0264104257692308
HRV_SDNN	AV14/SAN/10x multiome	SAN_P_cell	31	25	1	100.0	0.7902908929589961	1.3352755008064519
HRV_SDNN	AV3/SAN/10x multiome	SAN_P_cell	31	26	1	100.0	0.9028768011168171	1.8465985006451615
HRV_SDNN	AV10/SAN/10x multiome	SAN_P_cell	27	22	1	100.0	0.8648199069830601	1.913739830740741
HRV_SDNNc	AH2/SAN/10x multiome	SAN_P_cell	22	36	3	94.28571428571428	0.606754524809029	0.6327639937272727
HRV_SDNNc	AV13/AVN/10x multiome	AVN_P_cell	54	30	6	82.75862068965517	0.5941655379327421	0.33072154444444446
HRV_SDNNc	AH1/SAN/10x multiome	SAN_P_cell	107	30	2	96.55172413793103	0.7160154699743982	0.8999863510186915
HRV_SDNNc	A61/SAN/10x multiome	SAN_P_cell	27	30	6	82.75862068965517	0.5439480717831233	0.40439059616666667
HRV_SDNNc	A61/AVN/10x multiome	AVN_P_cell	91	34	5	87.87878787878788	0.5860826427923564	0.4936723924395605
HRV_SDNNc	A61/AVN/10x multiome	AVN_bundle_cell	26	34	20	42.42424242424242	0.49087423951996	0.23509875576923076
HRV_SDNNc	AV14/SAN/10x multiome	SAN_P_cell	31	25	1	100.0	0.6724549506728352	0.7394287111935484
HRV_SDNNc	AV3/SAN/10x multiome	SAN_P_cell	31	26	1	100.0	0.8117116218776487	1.2999725187096771
HRV_SDNNc	AV10/SAN/10x multiome	SAN_P_cell	27	22	1	100.0	0.8075160403299725	1.4429135215925928
HeartFailure	AH2/SAN/10x multiome	SAN_P_cell	22	36	3	94.28571428571428	0.7258619503131236	0.9869052852727273
HeartFailure	AV13/AVN/10x multiome	AVN_P_cell	54	30	4	89.65517241379311	0.6589038901268551	0.5368421810222221
HeartFailure	AH1/SAN/10x multiome	SAN_P_cell	107	30	1	100.0	0.7650672725999362	0.9952891299619718
HeartFailure	A61/SAN/10x multiome	SAN_P_cell	27	30	12	62.06896551724138	0.5205421916762123	0.3119009269259259
HeartFailure	A61/AVN/10x multiome	AVN_P_cell	91	34	2	96.96969696969697	0.7349433273071678	1.3179725696593405
HeartFailure	A61/AVN/10x multiome	AVN_bundle_cell	26	34	1	100.0	0.7091007583965331	1.3535850230769229
HeartFailure	AV14/SAN/10x multiome	SAN_P_cell	31	25	1	100.0	0.7304645414791812	1.059393122419355
HeartFailure	AV3/SAN/10x multiome	SAN_P_cell	31	26	1	100.0	0.8331754499675924	1.3087647483225808
HeartFailure	AV10/SAN/10x multiome	SAN_P_cell	27	22	1	100.0	0.8363377125980243	1.2629963462962963
PRinterval	AH2/SAN/10x multiome	SAN_P_cell	22	36	2	97.14285714285714	0.9518271282086573	3.5552462497727277
PRinterval	AV13/AVN/10x multiome	AVN_P_cell	54	30	3	93.10344827586206	0.9551055184165683	3.5276924064814814
PRinterval	AH1/SAN/10x multiome	SAN_P_cell	107	30	1	100.0	0.9609437618184223	5.685398057009345
PRinterval	A61/SAN/10x multiome	SAN_P_cell	27	30	4	89.65517241379311	0.8132111492936235	4.016233125925926
PRinterval	A61/AVN/10x multiome	AVN_P_cell	91	34	1	100.0	0.89531131417712	5.86088881098901
PRinterval	A61/AVN/10x multiome	AVN_bundle_cell	26	34	7	81.81818181818181	0.8020460038336528	4.80981955
PRinterval	AV14/SAN/10x multiome	SAN_P_cell	31	25	4	87.5	0.9117814817162051	3.3551391709677416
PRinterval	AV3/SAN/10x multiome	SAN_P_cell	31	26	1	100.0	0.9773395821907563	5.5929991312903224
PRinterval	AV10/SAN/10x multiome	SAN_P_cell	27	22	1	100.0	0.9914791051363003	5.19894305925926
QRSduration	AH2/SAN/10x multiome	SAN_P_cell	22	36	2	97.14285714285714	0.7076250774206868	0.7461475747272727
QRSduration	AV13/AVN/10x multiome	AVN_P_cell	54	30	3	93.10344827586206	0.7246471796216193	0.8142159118148149
QRSduration	AH1/SAN/10x multiome	SAN_P_cell	107	30	1	100.0	0.8610425891196588	1.7266964394112154
QRSduration	A61/SAN/10x multiome	SAN_P_cell	27	30	4	89.65517241379311	0.6850515463917526	1.0399787366666668
QRSduration	A61/AVN/10x multiome	AVN_P_cell	91	34	3	93.93939393939394	0.7853841834751436	1.859673335824176
QRSduration	A61/AVN/10x multiome	AVN_bundle_cell	26	34	7	81.81818181818181	0.6759313276106342	1.385462456692308
QRSduration	AV14/SAN/10x multiome	SAN_P_cell	31	25	1	100.0	0.8035363457760314	1.0360765994516132
QRSduration	AV3/SAN/10x multiome	SAN_P_cell	31	26	1	100.0	0.9008824849179837	1.6003829067741937
QRSduration	AV10/SAN/10x multiome	SAN_P_cell	27	22	1	100.0	0.8863088569779679	1.4046242944444445
QTinterval	AH2/SAN/10x multiome	SAN_P_cell	22	36	1	100.0	0.8751118298809442	1.816089214090909
QTinterval	AV13/AVN/10x multiome	AVN_P_cell	54	30	3	93.10344827586206	0.8587407698693581	1.4150911946111113
QTinterval	AH1/SAN/10x multiome	SAN_P_cell	107	30	3	93.10344827586206	0.8561790408304606	1.4072741673364482
QTinterval	A61/SAN/10x multiome	SAN_P_cell	27	30	4	89.65517241379311	0.6477472317678503	0.7063764486444443
QTinterval	A61/AVN/10x multiome	AVN_P_cell	91	34	4	90.9090909090909	0.7267000265315818	1.9302306771428572
QTinterval	A61/AVN/10x multiome	AVN_bundle_cell	26	34	5	87.87878787878788	0.7009334111175931	1.8645939284615383
QTinterval	AV14/SAN/10x multiome	SAN_P_cell	31	25	2	95.83333333333334	0.8635950736210575	1.4208275787741935
QTinterval	AV3/SAN/10x multiome	SAN_P_cell	31	26	1	100.0	0.9165877249837961	1.7171552204516132
QTinterval	AV10/SAN/10x multiome	SAN_P_cell	27	22	2	95.23809523809523	0.8603727467155515	1.3518737871222224
RestingHeartRate	AH2/SAN/10x multiome	SAN_P_cell	22	36	3	94.28571428571428	0.8712063863464318	2.6781170945454544
RestingHeartRate	AV13/AVN/10x multiome	AVN_P_cell	54	30	2	96.55172413793103	0.9529645650369205	2.9769104703703704
RestingHeartRate	AH1/SAN/10x multiome	SAN_P_cell	107	30	1	100.0	0.95392079808882	3.8284977448598134
RestingHeartRate	A61/SAN/10x multiome	SAN_P_cell	27	30	4	89.65517241379311	0.7724322260404735	2.488476197037037
RestingHeartRate	A61/AVN/10x multiome	AVN_P_cell	91	34	1	100.0	0.8992231799643366	4.400235597802198
RestingHeartRate	A61/AVN/10x multiome	AVN_bundle_cell	26	34	5	87.87878787878788	0.7814401200100008	3.2884120476923075
RestingHeartRate	AV14/SAN/10x multiome	SAN_P_cell	31	25	3	91.66666666666666	0.9044088134017787	2.6799245241935483
RestingHeartRate	AV3/SAN/10x multiome	SAN_P_cell	31	26	1	100.0	0.9618337737448273	3.3506724903225806
RestingHeartRate	AV10/SAN/10x multiome	SAN_P_cell	27	22	1	100.0	0.9879485351529348	3.682578344444445
RheumatoidArthritis	AH2/SAN/10x multiome	SAN_P_cell	22	36	36	0.0	0.22388342165026495	-1.7190773205454546
RheumatoidArthritis	AV13/AVN/10x multiome	AVN_P_cell	54	30	23	24.13793103448276	0.3151133831432691	-0.7217422942166666
RheumatoidArthritis	AH1/SAN/10x multiome	SAN_P_cell	107	30	30	0.0	0.14792968476425408	-2.2171698602803733
RheumatoidArthritis	A61/SAN/10x multiome	SAN_P_cell	27	30	27	10.344827586206895	0.2936426116838488	-1.6459993295185185
RheumatoidArthritis	A61/AVN/10x multiome	AVN_P_cell	91	34	32	6.060606060606055	0.2361680991664147	-1.7194321786923075
RheumatoidArthritis	A61/AVN/10x multiome	AVN_bundle_cell	26	34	34	0.0	0.15542961913492792	-2.247522801153846
RheumatoidArthritis	AV14/SAN/10x multiome	SAN_P_cell	31	25	17	33.333333333333336	0.39320193506136847	-0.9177609318064516
RheumatoidArthritis	AV3/SAN/10x multiome	SAN_P_cell	31	26	19	28.000000000000004	0.2564690631699656	-0.8162936906451612
RheumatoidArthritis	AV10/SAN/10x multiome	SAN_P_cell	27	22	22	0.0	0.10374444104966561	-1.7669476155555557
RheumatoidArthritis_noMHC	AH2/SAN/10x multiome	SAN_P_cell	22	36	28	22.857142857142854	0.3427499827954029	-0.6893405456818181
RheumatoidArthritis_noMHC	AV13/AVN/10x multiome	AVN_P_cell	54	30	17	44.827586206896555	0.38862673133219733	-0.06188352109259259
RheumatoidArthritis_noMHC	AH1/SAN/10x multiome	SAN_P_cell	107	30	30	0.0	0.16185499622588653	-1.5228717517383181
RheumatoidArthritis_noMHC	A61/SAN/10x multiome	SAN_P_cell	27	30	26	13.793103448275868	0.32243222604047345	-1.1253071088888889
RheumatoidArthritis_noMHC	A61/AVN/10x multiome	AVN_P_cell	91	34	33	3.0303030303030276	0.26361903116535346	-1.202335114945055
RheumatoidArthritis_noMHC	A61/AVN/10x multiome	AVN_bundle_cell	26	34	34	0.0	0.2373531127593966	-1.4140957180769231
RheumatoidArthritis_noMHC	AV14/SAN/10x multiome	SAN_P_cell	31	25	14	45.833333333333336	0.4996091852039631	-0.12809898101935485
RheumatoidArthritis_noMHC	AV3/SAN/10x multiome	SAN_P_cell	31	26	20	24.0	0.2903475095976467	-0.24954934341935486
RheumatoidArthritis_noMHC	AV10/SAN/10x multiome	SAN_P_cell	27	22	22	0.0	0.11039820755677768	-1.350709009074074
