group	n_cell	n_ctrl	assoc_mcp	assoc_mcz	hetero_mcp	hetero_mcz	n_fdr_0.05	n_fdr_0.1	n_fdr_0.2	trait
AVN_P_cell	155.0	1000.0	0.002997003	3.4409828	0.006993007	2.7593534	0.0	0.0	0.0	HRV_RMSSDc_lenadj
AVN_bundle_cell	38.0	1000.0	0.015984016	2.5107498	0.13986014	1.1029842	0.0	0.0	0.0	HRV_RMSSDc_lenadj
Adip1	1508.0	1000.0	0.97202796	-1.8815119	0.61738265	-0.35294834	0.0	0.0	0.0	HRV_RMSSDc_lenadj
Adip2	1507.0	1000.0	0.999001	-2.6971402	0.3936064	0.1855887	0.0	0.0	0.0	HRV_RMSSDc_lenadj
Adip3	393.0	1000.0	0.985015	-2.1442385	0.3926074	0.24801765	0.0	0.0	0.0	HRV_RMSSDc_lenadj
Adip4	63.0	1000.0	0.99000996	-2.2145844	0.6413586	-0.28152382	0.0	0.0	0.0	HRV_RMSSDc_lenadj
B	1183.0	1000.0	0.2967033	0.34024188	0.10689311	1.206278	0.0	0.0	0.0	HRV_RMSSDc_lenadj
B_plasma	374.0	1000.0	0.47152847	-0.19326484	0.5154845	-0.13301253	0.0	0.0	0.0	HRV_RMSSDc_lenadj
CD14+Mo	1505.0	1000.0	0.9220779	-1.0895265	0.49150848	-0.21662974	0.0	0.0	0.0	HRV_RMSSDc_lenadj
CD16+Mo	1502.0	1000.0	0.7332667	-0.64877933	0.9100899	-0.99794817	0.0	0.0	0.0	HRV_RMSSDc_lenadj
CD4+T_Tfh	79.0	1000.0	0.9230769	-1.3749795	0.9140859	-1.4435543	0.0	0.0	0.0	HRV_RMSSDc_lenadj
CD4+T_Th1	68.0	1000.0	0.7172827	-0.6047013	0.7762238	-0.61446583	0.0	0.0	0.0	HRV_RMSSDc_lenadj
CD4+T_Th17	7.0	1000.0	0.44355646	0.06402446	0.6083916	-0.015511447	0.0	0.0	0.0	HRV_RMSSDc_lenadj
CD4+T_Th2	120.0	1000.0	0.7462537	-0.67724437	0.8911089	-1.2266512	0.0	0.0	0.0	HRV_RMSSDc_lenadj
CD4+T_act	1503.0	1000.0	0.8871129	-1.1879417	0.75224775	-0.6975391	0.0	0.0	0.0	HRV_RMSSDc_lenadj
CD4+T_naive	1501.0	1000.0	0.71428573	-0.6155318	0.994006	-1.9534985	0.0	0.0	0.0	HRV_RMSSDc_lenadj
CD4+T_reg	67.0	1000.0	0.986014	-1.9659092	0.64935064	-0.24755915	0.0	0.0	0.0	HRV_RMSSDc_lenadj
CD8+T_cytox	1383.0	1000.0	0.24675325	0.5125804	0.976024	-1.7050893	0.0	0.0	0.0	HRV_RMSSDc_lenadj
CD8+T_em	1507.0	1000.0	0.82417583	-0.9817335	0.6413586	-0.36924317	0.0	0.0	0.0	HRV_RMSSDc_lenadj
CD8+T_te	1506.0	1000.0	0.6903097	-0.5492135	0.73026973	-0.60108835	0.0	0.0	0.0	HRV_RMSSDc_lenadj
CD8+T_trans	1504.0	1000.0	0.75024974	-0.6855948	0.6273726	-0.38258234	0.0	0.0	0.0	HRV_RMSSDc_lenadj
DC	964.0	1000.0	0.91808194	-1.2542924	0.35164836	0.20203511	0.0	0.0	0.0	HRV_RMSSDc_lenadj
EC10_CMC-like	1517.0	1000.0	0.27872127	0.5611207	0.22677323	0.6698505	0.0	0.0	0.0	HRV_RMSSDc_lenadj
EC1_cap	1506.0	1000.0	0.068931065	1.5584114	0.060939062	1.6663152	0.0	0.0	0.0	HRV_RMSSDc_lenadj
EC2_cap	1505.0	1000.0	0.0999001	1.3668947	0.27872127	0.49323985	0.0	0.0	0.0	HRV_RMSSDc_lenadj
EC3_cap	1498.0	1000.0	0.21478522	0.72580284	0.3986014	0.10092627	0.0	0.0	0.0	HRV_RMSSDc_lenadj
EC4_immune	1500.0	1000.0	0.15684316	0.9995478	0.33166832	0.3503525	0.0	0.0	0.0	HRV_RMSSDc_lenadj
EC5_art	1503.0	1000.0	0.2027972	0.8252753	0.53446555	-0.13649541	0.0	0.0	0.0	HRV_RMSSDc_lenadj
EC6_ven	1505.0	1000.0	0.23876125	0.59590095	0.6023976	-0.3687732	0.0	0.0	0.0	HRV_RMSSDc_lenadj
EC7_endocardial	1508.0	1000.0	0.77022976	-0.76791096	0.056943055	1.8005195	0.0	0.0	0.0	HRV_RMSSDc_lenadj
EC8_ln	1175.0	1000.0	0.10489511	1.1369114	0.0939061	1.4871691	0.0	0.0	0.0	HRV_RMSSDc_lenadj
EC9_FB-like	25.0	1000.0	0.4995005	-0.081845775	0.76323676	-0.55145204	0.0	0.0	0.0	HRV_RMSSDc_lenadj
FB1	1517.0	1000.0	0.7732268	-0.7234893	0.075924076	1.1092186	0.0	0.0	0.0	HRV_RMSSDc_lenadj
FB2	1508.0	1000.0	0.8291708	-0.97097224	0.49050948	-0.06506232	0.0	0.0	0.0	HRV_RMSSDc_lenadj
FB3	1509.0	1000.0	0.97402596	-1.7235116	0.043956045	1.6643748	0.0	0.0	0.0	HRV_RMSSDc_lenadj
FB4_activated	1504.0	1000.0	0.91608393	-1.2957001	0.42957044	0.09358656	0.0	0.0	0.0	HRV_RMSSDc_lenadj
FB5	1509.0	1000.0	0.5894106	-0.2923225	0.6143856	-0.34815964	0.0	0.0	0.0	HRV_RMSSDc_lenadj
FB6	1499.0	1000.0	0.987013	-1.9069976	0.1988012	0.6315795	0.0	0.0	0.0	HRV_RMSSDc_lenadj
ILC	172.0	1000.0	0.9170829	-1.2907493	0.8841159	-1.2469708	0.0	0.0	0.0	HRV_RMSSDc_lenadj
LYVE1+IGF1+MP	1505.0	1000.0	0.8861139	-1.0617791	0.6163836	-0.35846835	0.0	0.0	0.0	HRV_RMSSDc_lenadj
LYVE1+MP_cycling	1507.0	1000.0	0.43456542	0.004511188	0.4975025	-0.17073682	0.0	0.0	0.0	HRV_RMSSDc_lenadj
LYVE1+TIMD4+MP	1512.0	1000.0	0.9190809	-1.2483329	0.8911089	-1.0944521	0.0	0.0	0.0	HRV_RMSSDc_lenadj
MAIT-like	605.0	1000.0	0.5024975	-0.08912923	0.6203796	-0.26142868	0.0	0.0	0.0	HRV_RMSSDc_lenadj
Mast	1504.0	1000.0	0.83916086	-0.94445294	0.86413586	-1.0588661	0.0	0.0	0.0	HRV_RMSSDc_lenadj
Meso	871.0	1000.0	0.54745257	-0.27901885	0.26573426	0.35485923	0.0	0.0	0.0	HRV_RMSSDc_lenadj
MoMP	1505.0	1000.0	0.9100899	-1.2306896	0.997003	-2.0318673	0.0	0.0	0.0	HRV_RMSSDc_lenadj
NC1_glial	1501.0	1000.0	0.18181819	0.8650229	0.007992008	3.0339847	0.0	0.0	0.0	HRV_RMSSDc_lenadj
NC2_glial_NGF+	727.0	1000.0	0.53746253	-0.14839827	0.014985015	2.4161289	0.0	0.0	0.0	HRV_RMSSDc_lenadj
NC3_glial	20.0	1000.0	0.003996004	3.3347783	0.67432564	-0.49755287	0.0	0.0	0.0	HRV_RMSSDc_lenadj
NC4_glial	13.0	1000.0	0.5744256	-0.22632413	0.8111888	-0.79356986	0.0	0.0	0.0	HRV_RMSSDc_lenadj
NC5_glial	86.0	1000.0	0.03196803	2.0111802	0.2007992	0.8148963	0.0	0.0	0.0	HRV_RMSSDc_lenadj
NC6_schwann	18.0	1000.0	0.00999001	2.8533857	0.01998002	1.5207968	0.0	0.0	0.0	HRV_RMSSDc_lenadj
NK_CD16hi	1515.0	1000.0	0.25474524	0.51744175	0.6573427	-0.49141642	0.0	0.0	0.0	HRV_RMSSDc_lenadj
NK_CD56hi	1505.0	1000.0	0.6573427	-0.49053237	0.46353647	-0.107068524	0.0	0.0	0.0	HRV_RMSSDc_lenadj
Neut	126.0	1000.0	0.33066934	0.31120896	0.8051948	-0.91357917	0.0	0.0	0.0	HRV_RMSSDc_lenadj
PC1_vent	1515.0	1000.0	0.4135864	0.1604811	0.17082918	0.7801027	0.0	0.0	0.0	HRV_RMSSDc_lenadj
PC2_atria	1504.0	1000.0	0.7942058	-0.8542808	0.4975025	-0.14017947	0.0	0.0	0.0	HRV_RMSSDc_lenadj
PC3_str	1508.0	1000.0	0.18981019	0.8555737	0.20979021	0.782084	0.0	0.0	0.0	HRV_RMSSDc_lenadj
PC4_CMC-like	780.0	1000.0	0.47252747	-0.026112664	0.25674325	0.6455434	0.0	0.0	0.0	HRV_RMSSDc_lenadj
Purkinje	110.0	1000.0	0.37362638	0.26749972	0.060939062	1.471485	0.0	0.0	0.0	HRV_RMSSDc_lenadj
SAN_P_cell	245.0	1000.0	0.000999001	5.167922	0.28071928	0.60157424	0.0	0.0	0.0	HRV_RMSSDc_lenadj
SMC1_basic	1501.0	1000.0	0.11588412	1.1748139	0.24275725	0.39729178	0.0	0.0	0.0	HRV_RMSSDc_lenadj
SMC2_art	1504.0	1000.0	0.43456542	-0.031759653	0.33966035	0.09001372	0.0	0.0	0.0	HRV_RMSSDc_lenadj
T/NK_cycling	217.0	1000.0	0.068931065	1.5357492	0.13986014	1.0457754	0.0	0.0	0.0	HRV_RMSSDc_lenadj
aCM1	1501.0	1000.0	0.001998002	3.1026514	0.04295704	1.790837	0.0	0.0	0.0	HRV_RMSSDc_lenadj
aCM2	1503.0	1000.0	0.000999001	3.5280442	0.27872127	0.5095192	0.0	0.0	1.0	HRV_RMSSDc_lenadj
aCM3	1502.0	1000.0	0.03196803	1.9285507	0.5424575	-0.12907746	0.0	0.0	0.0	HRV_RMSSDc_lenadj
aCM4	1501.0	1000.0	0.003996004	3.1182225	0.15984017	0.9472499	0.0	0.0	0.0	HRV_RMSSDc_lenadj
aCM5	55.0	1000.0	0.008991009	2.6172044	0.8051948	-0.83538294	0.0	0.0	0.0	HRV_RMSSDc_lenadj
gdT	21.0	1000.0	0.6163836	-0.31758058	0.8961039	-1.3875098	0.0	0.0	0.0	HRV_RMSSDc_lenadj
unclassified	1500.0	1000.0	0.58841157	-0.28507367	0.08991009	1.4048158	0.0	0.0	0.0	HRV_RMSSDc_lenadj
vCM1	1503.0	1000.0	0.15484515	1.0193088	0.93106896	-1.282385	0.0	0.0	0.0	HRV_RMSSDc_lenadj
vCM2	1505.0	1000.0	0.17482518	0.95602983	0.14185815	0.95725566	0.0	0.0	0.0	HRV_RMSSDc_lenadj
vCM3_stressed	1505.0	1000.0	0.3866134	0.21761823	0.23476523	0.48939058	0.0	0.0	0.0	HRV_RMSSDc_lenadj
vCM4	1504.0	1000.0	0.14985014	1.003533	0.6003996	-0.3243598	0.0	0.0	0.0	HRV_RMSSDc_lenadj
vCM5	233.0	1000.0	0.10789211	1.2529527	0.21478522	0.80681705	0.0	0.0	0.0	HRV_RMSSDc_lenadj
