section	region	pair	kind	rho	raw_a
AVN__HCAHeartST11290657	AVN	RestingHeartRate - AtrialFibrillation	cardiac-cardiac	0.4249710654608529	0.6677342226297485
AVN__HCAHeartST11290658	AVN	RestingHeartRate - AtrialFibrillation	cardiac-cardiac	0.5204563516125164	0.7296015890526962
AVN__HCAHeartST11290659	AVN	RestingHeartRate - AtrialFibrillation	cardiac-cardiac	0.5083380773472134	0.6952072724078768
AVN__HCAHeartST11290662	AVN	RestingHeartRate - AtrialFibrillation	cardiac-cardiac	0.6473435487389703	0.7786629305167961
AVN__HCAHeartST11350377	AVN	RestingHeartRate - AtrialFibrillation	cardiac-cardiac	0.41908900464258597	0.6935134127283199
AVN__HCAHeartST12992074	AVN	RestingHeartRate - AtrialFibrillation	cardiac-cardiac	0.6235666809064574	0.7973283887156157
AVN__HCAHeartST12992075	AVN	RestingHeartRate - AtrialFibrillation	cardiac-cardiac	0.5667538388856072	0.6967170418301187
AVN__HCAHeartST13228103	AVN	RestingHeartRate - AtrialFibrillation	cardiac-cardiac	0.7558285998154265	0.8470239113159522
SAN__HCAHeartST10659160	SAN	RestingHeartRate - AtrialFibrillation	cardiac-cardiac	0.5011729080917305	0.6494313974334627
SAN__HCAHeartST12992072	SAN	RestingHeartRate - AtrialFibrillation	cardiac-cardiac	0.7351038301072771	0.8561909892522478
SAN__HCAHeartST13228105	SAN	RestingHeartRate - AtrialFibrillation	cardiac-cardiac	0.6765267538938461	0.8398108848761098
SAN__HCAHeartST13228106	SAN	RestingHeartRate - AtrialFibrillation	cardiac-cardiac	0.5054010437361166	0.7326022324121845
SAN__HCAHeartST13233996	SAN	RestingHeartRate - AtrialFibrillation	cardiac-cardiac	0.6765081027098137	0.7910181591451378
SAN__HCAHeartST13233997	SAN	RestingHeartRate - AtrialFibrillation	cardiac-cardiac	0.7202642153777313	0.8179979472870361
SAN__HCAHeartST13233998	SAN	RestingHeartRate - AtrialFibrillation	cardiac-cardiac	0.7084195524594257	0.8001215679365239
SAN__HCAHeartST13233999	SAN	RestingHeartRate - AtrialFibrillation	cardiac-cardiac	0.7238730772399349	0.7853187425251772
AVN__HCAHeartST11290657	AVN	PRinterval - AtrialFibrillation	cardiac-cardiac	0.4837730135665739	0.7220782392150642
AVN__HCAHeartST11290658	AVN	PRinterval - AtrialFibrillation	cardiac-cardiac	0.5646285346267044	0.7491437924361791
AVN__HCAHeartST11290659	AVN	PRinterval - AtrialFibrillation	cardiac-cardiac	0.450033671853759	0.6770829005081336
AVN__HCAHeartST11290662	AVN	PRinterval - AtrialFibrillation	cardiac-cardiac	0.4999452535818443	0.7214646239889067
AVN__HCAHeartST11350377	AVN	PRinterval - AtrialFibrillation	cardiac-cardiac	0.5309192860621451	0.7888764944706381
AVN__HCAHeartST12992074	AVN	PRinterval - AtrialFibrillation	cardiac-cardiac	0.49013939722250777	0.7832123059549753
AVN__HCAHeartST12992075	AVN	PRinterval - AtrialFibrillation	cardiac-cardiac	0.48404596520751586	0.7099599521293168
AVN__HCAHeartST13228103	AVN	PRinterval - AtrialFibrillation	cardiac-cardiac	0.4880948254971708	0.7888955703251065
SAN__HCAHeartST10659160	SAN	PRinterval - AtrialFibrillation	cardiac-cardiac	0.21005760002695345	0.5525333698539208
SAN__HCAHeartST12992072	SAN	PRinterval - AtrialFibrillation	cardiac-cardiac	0.6509378807326928	0.8548125237101951
SAN__HCAHeartST13228105	SAN	PRinterval - AtrialFibrillation	cardiac-cardiac	0.45255972006945283	0.8260497045238565
SAN__HCAHeartST13228106	SAN	PRinterval - AtrialFibrillation	cardiac-cardiac	0.515936192530329	0.7879375038071856
SAN__HCAHeartST13233996	SAN	PRinterval - AtrialFibrillation	cardiac-cardiac	0.4584869923783016	0.7810648552891766
SAN__HCAHeartST13233997	SAN	PRinterval - AtrialFibrillation	cardiac-cardiac	0.5586173168028145	0.7910335855827069
SAN__HCAHeartST13233998	SAN	PRinterval - AtrialFibrillation	cardiac-cardiac	0.5215409884950003	0.7696709753562878
SAN__HCAHeartST13233999	SAN	PRinterval - AtrialFibrillation	cardiac-cardiac	0.5751845772070197	0.7731285429971573
AVN__HCAHeartST11290657	AVN	RestingHeartRate - PRinterval	cardiac-cardiac	-0.054972636926729504	0.6677342226297485
AVN__HCAHeartST11290658	AVN	RestingHeartRate - PRinterval	cardiac-cardiac	0.0331566800805092	0.7296015890526962
AVN__HCAHeartST11290659	AVN	RestingHeartRate - PRinterval	cardiac-cardiac	0.22641964295732397	0.6952072724078768
AVN__HCAHeartST11290662	AVN	RestingHeartRate - PRinterval	cardiac-cardiac	0.3274999413432468	0.7786629305167961
AVN__HCAHeartST11350377	AVN	RestingHeartRate - PRinterval	cardiac-cardiac	-0.09032725749471668	0.6935134127283199
AVN__HCAHeartST12992074	AVN	RestingHeartRate - PRinterval	cardiac-cardiac	0.3062760744000048	0.7973283887156157
AVN__HCAHeartST12992075	AVN	RestingHeartRate - PRinterval	cardiac-cardiac	0.28122254579729317	0.6967170418301187
AVN__HCAHeartST13228103	AVN	RestingHeartRate - PRinterval	cardiac-cardiac	0.6490521767470804	0.8470239113159522
SAN__HCAHeartST10659160	SAN	RestingHeartRate - PRinterval	cardiac-cardiac	0.3648249313309461	0.6494313974334627
SAN__HCAHeartST12992072	SAN	RestingHeartRate - PRinterval	cardiac-cardiac	0.37700750713865283	0.8561909892522478
SAN__HCAHeartST13228105	SAN	RestingHeartRate - PRinterval	cardiac-cardiac	0.4049118595626016	0.8398108848761098
SAN__HCAHeartST13228106	SAN	RestingHeartRate - PRinterval	cardiac-cardiac	0.12994978156001352	0.7326022324121845
SAN__HCAHeartST13233996	SAN	RestingHeartRate - PRinterval	cardiac-cardiac	0.5354515274131919	0.7910181591451378
SAN__HCAHeartST13233997	SAN	RestingHeartRate - PRinterval	cardiac-cardiac	0.509529722129903	0.8179979472870361
SAN__HCAHeartST13233998	SAN	RestingHeartRate - PRinterval	cardiac-cardiac	0.5345300465269336	0.8001215679365239
SAN__HCAHeartST13233999	SAN	RestingHeartRate - PRinterval	cardiac-cardiac	0.5080539299003132	0.7853187425251772
AVN__HCAHeartST11290657	AVN	RestingHeartRate - EducationalAttainment	cardiac-control	0.5876821334840883	0.6677342226297485
AVN__HCAHeartST11290658	AVN	RestingHeartRate - EducationalAttainment	cardiac-control	0.7155969857578244	0.7296015890526962
AVN__HCAHeartST11290659	AVN	RestingHeartRate - EducationalAttainment	cardiac-control	0.6427915575599114	0.6952072724078768
AVN__HCAHeartST11290662	AVN	RestingHeartRate - EducationalAttainment	cardiac-control	0.7273754628338956	0.7786629305167961
AVN__HCAHeartST11350377	AVN	RestingHeartRate - EducationalAttainment	cardiac-control	0.6356784724484112	0.6935134127283199
AVN__HCAHeartST12992074	AVN	RestingHeartRate - EducationalAttainment	cardiac-control	0.7765514602197062	0.7973283887156157
AVN__HCAHeartST12992075	AVN	RestingHeartRate - EducationalAttainment	cardiac-control	0.7000176998125773	0.6967170418301187
AVN__HCAHeartST13228103	AVN	RestingHeartRate - EducationalAttainment	cardiac-control	0.8075664092337883	0.8470239113159522
SAN__HCAHeartST10659160	SAN	RestingHeartRate - EducationalAttainment	cardiac-control	0.49567684310869153	0.6494313974334627
SAN__HCAHeartST12992072	SAN	RestingHeartRate - EducationalAttainment	cardiac-control	0.8299751415039663	0.8561909892522478
SAN__HCAHeartST13228105	SAN	RestingHeartRate - EducationalAttainment	cardiac-control	0.7898689174092772	0.8398108848761098
SAN__HCAHeartST13228106	SAN	RestingHeartRate - EducationalAttainment	cardiac-control	0.7003997013044542	0.7326022324121845
SAN__HCAHeartST13233996	SAN	RestingHeartRate - EducationalAttainment	cardiac-control	0.7448067377401855	0.7910181591451378
SAN__HCAHeartST13233997	SAN	RestingHeartRate - EducationalAttainment	cardiac-control	0.7874546217365385	0.8179979472870361
SAN__HCAHeartST13233998	SAN	RestingHeartRate - EducationalAttainment	cardiac-control	0.7498474960207255	0.8001215679365239
SAN__HCAHeartST13233999	SAN	RestingHeartRate - EducationalAttainment	cardiac-control	0.7438558134374942	0.7853187425251772
AVN__HCAHeartST11290657	AVN	AtrialFibrillation - EducationalAttainment	cardiac-control	0.3660525828526045	0.5487925019282811
AVN__HCAHeartST11290658	AVN	AtrialFibrillation - EducationalAttainment	cardiac-control	0.5485336659162335	0.5779796999903998
AVN__HCAHeartST11290659	AVN	AtrialFibrillation - EducationalAttainment	cardiac-control	0.3893148724969491	0.602209304777451
AVN__HCAHeartST11290662	AVN	AtrialFibrillation - EducationalAttainment	cardiac-control	0.4168289576605548	0.5873972486818422
AVN__HCAHeartST11350377	AVN	AtrialFibrillation - EducationalAttainment	cardiac-control	0.5077875936479074	0.6773683841893561
AVN__HCAHeartST12992074	AVN	AtrialFibrillation - EducationalAttainment	cardiac-control	0.6088489580325813	0.6913903813845957
AVN__HCAHeartST12992075	AVN	AtrialFibrillation - EducationalAttainment	cardiac-control	0.5519933231607206	0.6237639256569625
AVN__HCAHeartST13228103	AVN	AtrialFibrillation - EducationalAttainment	cardiac-control	0.7125740690176962	0.8273547038057907
SAN__HCAHeartST10659160	SAN	AtrialFibrillation - EducationalAttainment	cardiac-control	0.025763579867635753	0.4895020318908455
SAN__HCAHeartST12992072	SAN	AtrialFibrillation - EducationalAttainment	cardiac-control	0.7114088708208037	0.8193557142777697
SAN__HCAHeartST13228105	SAN	AtrialFibrillation - EducationalAttainment	cardiac-control	0.6359052222540841	0.8217050209727956
SAN__HCAHeartST13228106	SAN	AtrialFibrillation - EducationalAttainment	cardiac-control	0.5388236247746377	0.6911583255778332
SAN__HCAHeartST13233996	SAN	AtrialFibrillation - EducationalAttainment	cardiac-control	0.6450052726316111	0.773844990091936
SAN__HCAHeartST13233997	SAN	AtrialFibrillation - EducationalAttainment	cardiac-control	0.6636010635366437	0.7938672346210117
SAN__HCAHeartST13233998	SAN	AtrialFibrillation - EducationalAttainment	cardiac-control	0.5791450729427428	0.7554941954616372
SAN__HCAHeartST13233999	SAN	AtrialFibrillation - EducationalAttainment	cardiac-control	0.6356272457930461	0.7578495425696149
AVN__HCAHeartST11290657	AVN	PRinterval - EducationalAttainment	cardiac-control	0.5670232602059819	0.7220782392150642
AVN__HCAHeartST11290658	AVN	PRinterval - EducationalAttainment	cardiac-control	0.725728388697173	0.7491437924361791
AVN__HCAHeartST11290659	AVN	PRinterval - EducationalAttainment	cardiac-control	0.5932151024970173	0.6770829005081336
AVN__HCAHeartST11290662	AVN	PRinterval - EducationalAttainment	cardiac-control	0.6228260146835035	0.7214646239889067
AVN__HCAHeartST11350377	AVN	PRinterval - EducationalAttainment	cardiac-control	0.7105362270017681	0.7888764944706381
AVN__HCAHeartST12992074	AVN	PRinterval - EducationalAttainment	cardiac-control	0.7276425692562284	0.7832123059549753
AVN__HCAHeartST12992075	AVN	PRinterval - EducationalAttainment	cardiac-control	0.676118389039398	0.7099599521293168
AVN__HCAHeartST13228103	AVN	PRinterval - EducationalAttainment	cardiac-control	0.7091035501657398	0.7888955703251065
SAN__HCAHeartST10659160	SAN	PRinterval - EducationalAttainment	cardiac-control	0.16190368706663272	0.5525333698539208
SAN__HCAHeartST12992072	SAN	PRinterval - EducationalAttainment	cardiac-control	0.791658375986655	0.8548125237101951
SAN__HCAHeartST13228105	SAN	PRinterval - EducationalAttainment	cardiac-control	0.6728969849199596	0.8260497045238565
SAN__HCAHeartST13228106	SAN	PRinterval - EducationalAttainment	cardiac-control	0.7020597369325693	0.7879375038071856
SAN__HCAHeartST13233996	SAN	PRinterval - EducationalAttainment	cardiac-control	0.6971536927946939	0.7810648552891766
SAN__HCAHeartST13233997	SAN	PRinterval - EducationalAttainment	cardiac-control	0.7168837654076878	0.7910335855827069
SAN__HCAHeartST13233998	SAN	PRinterval - EducationalAttainment	cardiac-control	0.6725630810232529	0.7696709753562878
SAN__HCAHeartST13233999	SAN	PRinterval - EducationalAttainment	cardiac-control	0.6811293754719279	0.7731285429971573
