section	region	pair	compartment	n	effect
AVN__HCAHeartST11290657	AVN	Res-Atr	cardiac_skeleton	883	-0.7568437787542726
AVN__HCAHeartST11290657	AVN	Res-Atr	myocardium_atrial	270	0.2798328438385791
AVN__HCAHeartST11290657	AVN	Res-Atr	myocardium_ventricular	907	0.6228301552042668
AVN__HCAHeartST11290658	AVN	Res-Atr	AV_bundle	171	0.07655180033309605
AVN__HCAHeartST11290658	AVN	Res-Atr	cardiac_skeleton	834	-0.7561467769954111
AVN__HCAHeartST11290658	AVN	Res-Atr	myocardium_atrial	51	-0.012204877987051166
AVN__HCAHeartST11290658	AVN	Res-Atr	myocardium_ventricular	1637	0.6600240688163095
AVN__HCAHeartST11290659	AVN	Res-Atr	AV_bundle	133	-0.5711779259786691
AVN__HCAHeartST11290659	AVN	Res-Atr	cardiac_skeleton	315	-0.9325640913368287
AVN__HCAHeartST11290659	AVN	Res-Atr	fibrosis	181	0.39327654234911824
AVN__HCAHeartST11290659	AVN	Res-Atr	myocardium_ventricular	1704	0.56608946360005
AVN__HCAHeartST11290662	AVN	Res-Atr	cardiac_skeleton	719	-2.1753633850520084
AVN__HCAHeartST11290662	AVN	Res-Atr	fibrosis	138	-2.2891165836167673
AVN__HCAHeartST11290662	AVN	Res-Atr	myocardium_atrial	306	1.611610505888808
AVN__HCAHeartST11290662	AVN	Res-Atr	myocardium_ventricular	1859	1.1306700517757848
AVN__HCAHeartST11290662	AVN	Res-Atr	node	115	1.8616383870471274
AVN__HCAHeartST11350377	AVN	Res-Atr	AV_bundle	148	1.1626861605168006
AVN__HCAHeartST11350377	AVN	Res-Atr	cardiac_skeleton	436	-1.595112701151437
AVN__HCAHeartST11350377	AVN	Res-Atr	fibrosis	188	0.5174168247454989
AVN__HCAHeartST11350377	AVN	Res-Atr	myocardium_atrial	170	0.5814185299587455
AVN__HCAHeartST11350377	AVN	Res-Atr	myocardium_ventricular	1847	0.3851465545388939
AVN__HCAHeartST12992074	AVN	Res-Atr	AV_bundle	154	0.8473002538863779
AVN__HCAHeartST12992074	AVN	Res-Atr	fibrosis	221	-1.8959504633122726
AVN__HCAHeartST12992074	AVN	Res-Atr	membraneous_septum	284	-2.3021964577534435
AVN__HCAHeartST12992074	AVN	Res-Atr	myocardium_ventricular	3817	1.5741982342394345
AVN__HCAHeartST12992075	AVN	Res-Atr	AV_bundle	523	0.5955693809517713
AVN__HCAHeartST12992075	AVN	Res-Atr	fibrosis	1367	-1.3686203462060378
AVN__HCAHeartST12992075	AVN	Res-Atr	membraneous_septum	218	-2.166914713187333
AVN__HCAHeartST12992075	AVN	Res-Atr	myocardium_ventricular	1370	1.5820959040412326
AVN__HCAHeartST13228103	AVN	Res-Atr	AV_bundle	190	1.7165000358253475
AVN__HCAHeartST13228103	AVN	Res-Atr	adipose_tissue	808	-2.687121892927851
AVN__HCAHeartST13228103	AVN	Res-Atr	membraneous_septum	921	-2.562875332043987
AVN__HCAHeartST13228103	AVN	Res-Atr	myocardium_atrial	671	3.464513392399807
AVN__HCAHeartST13228103	AVN	Res-Atr	myocardium_ventricular	241	3.081312358788608
AVN__HCAHeartST13228103	AVN	Res-Atr	node	111	3.8857766323366114
SAN__HCAHeartST10659160	SAN	Res-Atr	adipose_tissue	559	-1.4712965001266214
SAN__HCAHeartST10659160	SAN	Res-Atr	endocardium	55	-1.4566779414029818
SAN__HCAHeartST10659160	SAN	Res-Atr	epicardium_subepicardium	399	0.25245183329916765
SAN__HCAHeartST10659160	SAN	Res-Atr	fibrosis	88	-1.8402027008389983
SAN__HCAHeartST10659160	SAN	Res-Atr	myocardium_atrial	2175	-1.3907548411056003
SAN__HCAHeartST10659160	SAN	Res-Atr	node	884	3.0632112136722567
SAN__HCAHeartST10659160	SAN	Res-Atr	vessel	60	3.1304487181183434
SAN__HCAHeartST12992072	SAN	Res-Atr	adipose_tissue	427	-2.9473056124399477
SAN__HCAHeartST12992072	SAN	Res-Atr	endocardium	115	-1.5923535294770856
SAN__HCAHeartST12992072	SAN	Res-Atr	epicardium_subepicardium	170	-2.7505283499817312
SAN__HCAHeartST12992072	SAN	Res-Atr	myocardium_atrial	2291	1.600972233110494
SAN__HCAHeartST12992072	SAN	Res-Atr	node	611	0.8580945288248789
SAN__HCAHeartST12992072	SAN	Res-Atr	vessel	173	-0.8956552397388624
SAN__HCAHeartST13228105	SAN	Res-Atr	adipose_tissue	1479	-2.1597583152492765
SAN__HCAHeartST13228105	SAN	Res-Atr	haemorrhage	80	-1.8591687401541082
SAN__HCAHeartST13228105	SAN	Res-Atr	myocardium_atrial	606	1.74414998301278
SAN__HCAHeartST13228105	SAN	Res-Atr	nerve	188	-0.9659664348954631
SAN__HCAHeartST13228105	SAN	Res-Atr	node	482	2.5269719678096894
SAN__HCAHeartST13228106	SAN	Res-Atr	adipose_tissue	99	-2.11898442498025
SAN__HCAHeartST13228106	SAN	Res-Atr	fibrosis	281	-2.4465341788699857
SAN__HCAHeartST13228106	SAN	Res-Atr	haemorrhage	47	-0.9418804035980843
SAN__HCAHeartST13228106	SAN	Res-Atr	myocardium_atrial	2368	0.7460553774457137
SAN__HCAHeartST13228106	SAN	Res-Atr	node	518	0.6508710329430341
SAN__HCAHeartST13228106	SAN	Res-Atr	vessel	69	0.9239448448774978
SAN__HCAHeartST13233996	SAN	Res-Atr	adipose_tissue	1304	-2.33132296421993
SAN__HCAHeartST13233996	SAN	Res-Atr	fibrosis	405	-1.5538961222031014
SAN__HCAHeartST13233996	SAN	Res-Atr	myocardium_atrial	753	2.4987968877218822
SAN__HCAHeartST13233996	SAN	Res-Atr	node	511	1.9653779045216733
SAN__HCAHeartST13233996	SAN	Res-Atr	vessel	71	0.45399456544909045
SAN__HCAHeartST13233997	SAN	Res-Atr	adipose_tissue	1082	-3.211568884162994
SAN__HCAHeartST13233997	SAN	Res-Atr	fibrosis	556	-1.648337918795416
SAN__HCAHeartST13233997	SAN	Res-Atr	myocardium_atrial	1067	2.6793070392745646
SAN__HCAHeartST13233997	SAN	Res-Atr	node	652	2.202000162154908
SAN__HCAHeartST13233997	SAN	Res-Atr	vessel	43	0.32125086605699726
SAN__HCAHeartST13233998	SAN	Res-Atr	adipose_tissue	787	-3.245731633293766
SAN__HCAHeartST13233998	SAN	Res-Atr	fibrosis	629	2.048950651852742
SAN__HCAHeartST13233998	SAN	Res-Atr	myocardium_atrial	1578	0.8598600610285536
SAN__HCAHeartST13233998	SAN	Res-Atr	node	398	0.5506663475033768
SAN__HCAHeartST13233998	SAN	Res-Atr	vessel	47	-0.2437005577213469
SAN__HCAHeartST13233999	SAN	Res-Atr	adipose_tissue	492	-2.8160289500987
SAN__HCAHeartST13233999	SAN	Res-Atr	fibrosis	921	-2.7953945600771286
SAN__HCAHeartST13233999	SAN	Res-Atr	myocardium_atrial	864	3.461897639399381
SAN__HCAHeartST13233999	SAN	Res-Atr	node	449	2.185595144089701
SAN__HCAHeartST13233999	SAN	Res-Atr	vessel	145	-0.16045407082488827
AVN__HCAHeartST11290657	AVN	PRi-Atr	cardiac_skeleton	883	-1.2781331660419828
AVN__HCAHeartST11290657	AVN	PRi-Atr	myocardium_atrial	270	-0.3654952080084054
AVN__HCAHeartST11290657	AVN	PRi-Atr	myocardium_ventricular	907	1.4391258987860638
AVN__HCAHeartST11290658	AVN	PRi-Atr	AV_bundle	171	0.49802677154088193
AVN__HCAHeartST11290658	AVN	PRi-Atr	cardiac_skeleton	834	-1.1681732116274057
AVN__HCAHeartST11290658	AVN	PRi-Atr	myocardium_atrial	51	-0.027591852288482155
AVN__HCAHeartST11290658	AVN	PRi-Atr	myocardium_ventricular	1637	0.9256125604852685
AVN__HCAHeartST11290659	AVN	PRi-Atr	AV_bundle	133	-0.9093264225167765
AVN__HCAHeartST11290659	AVN	PRi-Atr	cardiac_skeleton	315	-0.459671852986252
AVN__HCAHeartST11290659	AVN	PRi-Atr	fibrosis	181	-0.6874622966883952
AVN__HCAHeartST11290659	AVN	PRi-Atr	myocardium_ventricular	1704	0.7706950933032068
AVN__HCAHeartST11290662	AVN	PRi-Atr	cardiac_skeleton	719	-1.577687607387682
AVN__HCAHeartST11290662	AVN	PRi-Atr	fibrosis	138	-0.9868356873806645
AVN__HCAHeartST11290662	AVN	PRi-Atr	myocardium_atrial	306	0.626927053444737
AVN__HCAHeartST11290662	AVN	PRi-Atr	myocardium_ventricular	1859	1.1135447641115457
AVN__HCAHeartST11290662	AVN	PRi-Atr	node	115	-0.10753042186986339
AVN__HCAHeartST11350377	AVN	PRi-Atr	AV_bundle	148	-0.33199245466719307
AVN__HCAHeartST11350377	AVN	PRi-Atr	cardiac_skeleton	436	-1.6706048054316462
AVN__HCAHeartST11350377	AVN	PRi-Atr	fibrosis	188	0.2837919522096335
AVN__HCAHeartST11350377	AVN	PRi-Atr	myocardium_atrial	170	0.03153354694388044
AVN__HCAHeartST11350377	AVN	PRi-Atr	myocardium_ventricular	1847	0.9718183737838012
AVN__HCAHeartST12992074	AVN	PRi-Atr	AV_bundle	154	-0.796462177808661
AVN__HCAHeartST12992074	AVN	PRi-Atr	fibrosis	221	-1.3503993898605349
AVN__HCAHeartST12992074	AVN	PRi-Atr	membraneous_septum	284	-1.0480550505994886
AVN__HCAHeartST12992074	AVN	PRi-Atr	myocardium_ventricular	3817	1.2116187225409694
AVN__HCAHeartST12992075	AVN	PRi-Atr	AV_bundle	523	-0.2740596667137225
AVN__HCAHeartST12992075	AVN	PRi-Atr	fibrosis	1367	-0.7854083009598305
AVN__HCAHeartST12992075	AVN	PRi-Atr	membraneous_septum	218	-2.058543277088873
AVN__HCAHeartST12992075	AVN	PRi-Atr	myocardium_ventricular	1370	1.4380382530111784
AVN__HCAHeartST13228103	AVN	PRi-Atr	AV_bundle	190	1.9123039215157314
AVN__HCAHeartST13228103	AVN	PRi-Atr	adipose_tissue	808	-1.7974769616446906
AVN__HCAHeartST13228103	AVN	PRi-Atr	membraneous_septum	921	-0.7867431877492292
AVN__HCAHeartST13228103	AVN	PRi-Atr	myocardium_atrial	671	1.2520790899899361
AVN__HCAHeartST13228103	AVN	PRi-Atr	myocardium_ventricular	241	2.33888328117865
AVN__HCAHeartST13228103	AVN	PRi-Atr	node	111	0.4244722949969658
SAN__HCAHeartST10659160	SAN	PRi-Atr	adipose_tissue	559	-0.5200911823504375
SAN__HCAHeartST10659160	SAN	PRi-Atr	endocardium	55	2.673402624423546
SAN__HCAHeartST10659160	SAN	PRi-Atr	epicardium_subepicardium	399	-0.7230697892605491
SAN__HCAHeartST10659160	SAN	PRi-Atr	fibrosis	88	-0.4894795321138819
SAN__HCAHeartST10659160	SAN	PRi-Atr	myocardium_atrial	2175	0.3758139748788121
SAN__HCAHeartST10659160	SAN	PRi-Atr	node	884	0.04040223938127829
SAN__HCAHeartST10659160	SAN	PRi-Atr	vessel	60	-0.233993481225503
SAN__HCAHeartST12992072	SAN	PRi-Atr	adipose_tissue	427	-1.65687841626955
SAN__HCAHeartST12992072	SAN	PRi-Atr	endocardium	115	-0.7206714131741465
SAN__HCAHeartST12992072	SAN	PRi-Atr	epicardium_subepicardium	170	-1.4536633476460619
SAN__HCAHeartST12992072	SAN	PRi-Atr	myocardium_atrial	2291	1.5768506020763537
SAN__HCAHeartST12992072	SAN	PRi-Atr	node	611	-0.4778922180640395
SAN__HCAHeartST12992072	SAN	PRi-Atr	vessel	173	-1.4422157253988674
SAN__HCAHeartST13228105	SAN	PRi-Atr	adipose_tissue	1479	-1.3402627173186064
SAN__HCAHeartST13228105	SAN	PRi-Atr	haemorrhage	80	-0.8145230255630976
SAN__HCAHeartST13228105	SAN	PRi-Atr	myocardium_atrial	606	1.8670620992310232
SAN__HCAHeartST13228105	SAN	PRi-Atr	nerve	188	-1.0180210259339524
SAN__HCAHeartST13228105	SAN	PRi-Atr	node	482	0.7512920664154084
SAN__HCAHeartST13228106	SAN	PRi-Atr	adipose_tissue	99	-1.497404254431426
SAN__HCAHeartST13228106	SAN	PRi-Atr	fibrosis	281	-0.9885034036248429
SAN__HCAHeartST13228106	SAN	PRi-Atr	haemorrhage	47	-1.6907189137082472
SAN__HCAHeartST13228106	SAN	PRi-Atr	myocardium_atrial	2368	1.3794138435662353
SAN__HCAHeartST13228106	SAN	PRi-Atr	node	518	-1.0113640326462223
SAN__HCAHeartST13228106	SAN	PRi-Atr	vessel	69	-0.869278760878869
SAN__HCAHeartST13233996	SAN	PRi-Atr	adipose_tissue	1304	-0.7582310233700388
SAN__HCAHeartST13233996	SAN	PRi-Atr	fibrosis	405	-0.6208792934605512
SAN__HCAHeartST13233996	SAN	PRi-Atr	myocardium_atrial	753	1.24080075173786
SAN__HCAHeartST13233996	SAN	PRi-Atr	node	511	0.3537295671947329
SAN__HCAHeartST13233996	SAN	PRi-Atr	vessel	71	-1.0157134008105608
SAN__HCAHeartST13233997	SAN	PRi-Atr	adipose_tissue	1082	-1.4943365230291652
SAN__HCAHeartST13233997	SAN	PRi-Atr	fibrosis	556	-1.4120428497476425
SAN__HCAHeartST13233997	SAN	PRi-Atr	myocardium_atrial	1067	1.8921949254127937
SAN__HCAHeartST13233997	SAN	PRi-Atr	node	652	0.6760855352786896
SAN__HCAHeartST13233997	SAN	PRi-Atr	vessel	43	0.4095621291526874
SAN__HCAHeartST13233998	SAN	PRi-Atr	adipose_tissue	787	-1.5311643502288388
SAN__HCAHeartST13233998	SAN	PRi-Atr	fibrosis	629	0.3178690791117227
SAN__HCAHeartST13233998	SAN	PRi-Atr	myocardium_atrial	1578	1.1247892045164933
SAN__HCAHeartST13233998	SAN	PRi-Atr	node	398	-0.22420833456912292
SAN__HCAHeartST13233998	SAN	PRi-Atr	vessel	47	-2.4955990817576326
SAN__HCAHeartST13233999	SAN	PRi-Atr	adipose_tissue	492	-1.5234149857474313
SAN__HCAHeartST13233999	SAN	PRi-Atr	fibrosis	921	-1.5436962678991166
SAN__HCAHeartST13233999	SAN	PRi-Atr	myocardium_atrial	864	2.639070295583796
SAN__HCAHeartST13233999	SAN	PRi-Atr	node	449	0.48479458950220544
SAN__HCAHeartST13233999	SAN	PRi-Atr	vessel	145	-1.386313696075916
AVN__HCAHeartST11290657	AVN	Res-PRi	cardiac_skeleton	883	0.5212893872877101
AVN__HCAHeartST11290657	AVN	Res-PRi	myocardium_atrial	270	0.6453280518469846
AVN__HCAHeartST11290657	AVN	Res-PRi	myocardium_ventricular	907	-0.8162957435817969
AVN__HCAHeartST11290658	AVN	Res-PRi	AV_bundle	171	-0.4214749712077861
AVN__HCAHeartST11290658	AVN	Res-PRi	cardiac_skeleton	834	0.4120264346319946
AVN__HCAHeartST11290658	AVN	Res-PRi	myocardium_atrial	51	0.015386974301430767
AVN__HCAHeartST11290658	AVN	Res-PRi	myocardium_ventricular	1637	-0.26558849166895904
AVN__HCAHeartST11290659	AVN	Res-PRi	AV_bundle	133	0.3381484965381074
AVN__HCAHeartST11290659	AVN	Res-PRi	cardiac_skeleton	315	-0.4728922383505769
AVN__HCAHeartST11290659	AVN	Res-PRi	fibrosis	181	1.080738839037514
AVN__HCAHeartST11290659	AVN	Res-PRi	myocardium_ventricular	1704	-0.2046056297031571
AVN__HCAHeartST11290662	AVN	Res-PRi	cardiac_skeleton	719	-0.5976757776643269
AVN__HCAHeartST11290662	AVN	Res-PRi	fibrosis	138	-1.3022808962361025
AVN__HCAHeartST11290662	AVN	Res-PRi	myocardium_atrial	306	0.9846834524440713
AVN__HCAHeartST11290662	AVN	Res-PRi	myocardium_ventricular	1859	0.01712528766423893
AVN__HCAHeartST11290662	AVN	Res-PRi	node	115	1.969168808916991
AVN__HCAHeartST11350377	AVN	Res-PRi	AV_bundle	148	1.494678615183994
AVN__HCAHeartST11350377	AVN	Res-PRi	cardiac_skeleton	436	0.0754921042802088
AVN__HCAHeartST11350377	AVN	Res-PRi	fibrosis	188	0.23362487253586584
AVN__HCAHeartST11350377	AVN	Res-PRi	myocardium_atrial	170	0.5498849830148651
AVN__HCAHeartST11350377	AVN	Res-PRi	myocardium_ventricular	1847	-0.5866718192449074
AVN__HCAHeartST12992074	AVN	Res-PRi	AV_bundle	154	1.6437624316950386
AVN__HCAHeartST12992074	AVN	Res-PRi	fibrosis	221	-0.5455510734517375
AVN__HCAHeartST12992074	AVN	Res-PRi	membraneous_septum	284	-1.2541414071539547
AVN__HCAHeartST12992074	AVN	Res-PRi	myocardium_ventricular	3817	0.3625795116984647
AVN__HCAHeartST12992075	AVN	Res-PRi	AV_bundle	523	0.8696290476654933
AVN__HCAHeartST12992075	AVN	Res-PRi	fibrosis	1367	-0.5832120452462073
AVN__HCAHeartST12992075	AVN	Res-PRi	membraneous_septum	218	-0.10837143609845978
AVN__HCAHeartST12992075	AVN	Res-PRi	myocardium_ventricular	1370	0.1440576510300544
AVN__HCAHeartST13228103	AVN	Res-PRi	AV_bundle	190	-0.1958038856903832
AVN__HCAHeartST13228103	AVN	Res-PRi	adipose_tissue	808	-0.8896449312831602
AVN__HCAHeartST13228103	AVN	Res-PRi	membraneous_septum	921	-1.776132144294757
AVN__HCAHeartST13228103	AVN	Res-PRi	myocardium_atrial	671	2.212434302409872
AVN__HCAHeartST13228103	AVN	Res-PRi	myocardium_ventricular	241	0.742429077609958
AVN__HCAHeartST13228103	AVN	Res-PRi	node	111	3.461304337339647
SAN__HCAHeartST10659160	SAN	Res-PRi	adipose_tissue	559	-0.9512053177761832
SAN__HCAHeartST10659160	SAN	Res-PRi	endocardium	55	-4.130080565826527
SAN__HCAHeartST10659160	SAN	Res-PRi	epicardium_subepicardium	399	0.9755216225597168
SAN__HCAHeartST10659160	SAN	Res-PRi	fibrosis	88	-1.3507231687251164
SAN__HCAHeartST10659160	SAN	Res-PRi	myocardium_atrial	2175	-1.7665688159844124
SAN__HCAHeartST10659160	SAN	Res-PRi	node	884	3.022808974290978
SAN__HCAHeartST10659160	SAN	Res-PRi	vessel	60	3.3644421993438467
SAN__HCAHeartST12992072	SAN	Res-PRi	adipose_tissue	427	-1.290427196170398
SAN__HCAHeartST12992072	SAN	Res-PRi	endocardium	115	-0.8716821163029396
SAN__HCAHeartST12992072	SAN	Res-PRi	epicardium_subepicardium	170	-1.2968650023356696
SAN__HCAHeartST12992072	SAN	Res-PRi	myocardium_atrial	2291	0.02412163103413989
SAN__HCAHeartST12992072	SAN	Res-PRi	node	611	1.3359867468889184
SAN__HCAHeartST12992072	SAN	Res-PRi	vessel	173	0.5465604856600046
SAN__HCAHeartST13228105	SAN	Res-PRi	adipose_tissue	1479	-0.8194955979306696
SAN__HCAHeartST13228105	SAN	Res-PRi	haemorrhage	80	-1.0446457145910106
SAN__HCAHeartST13228105	SAN	Res-PRi	myocardium_atrial	606	-0.12291211621824316
SAN__HCAHeartST13228105	SAN	Res-PRi	nerve	188	0.052054591038489306
SAN__HCAHeartST13228105	SAN	Res-PRi	node	482	1.7756799013942817
SAN__HCAHeartST13228106	SAN	Res-PRi	adipose_tissue	99	-0.6215801705488235
SAN__HCAHeartST13228106	SAN	Res-PRi	fibrosis	281	-1.4580307752451436
SAN__HCAHeartST13228106	SAN	Res-PRi	haemorrhage	47	0.7488385101101636
SAN__HCAHeartST13228106	SAN	Res-PRi	myocardium_atrial	2368	-0.6333584661205218
SAN__HCAHeartST13228106	SAN	Res-PRi	node	518	1.6622350655892566
SAN__HCAHeartST13228106	SAN	Res-PRi	vessel	69	1.7932236057563662
SAN__HCAHeartST13233996	SAN	Res-PRi	adipose_tissue	1304	-1.5730919408498902
SAN__HCAHeartST13233996	SAN	Res-PRi	fibrosis	405	-0.9330168287425502
SAN__HCAHeartST13233996	SAN	Res-PRi	myocardium_atrial	753	1.2579961359840228
SAN__HCAHeartST13233996	SAN	Res-PRi	node	511	1.6116483373269404
SAN__HCAHeartST13233996	SAN	Res-PRi	vessel	71	1.4697079662596508
SAN__HCAHeartST13233997	SAN	Res-PRi	adipose_tissue	1082	-1.7172323611338287
SAN__HCAHeartST13233997	SAN	Res-PRi	fibrosis	556	-0.23629506904777264
SAN__HCAHeartST13233997	SAN	Res-PRi	myocardium_atrial	1067	0.787112113861771
SAN__HCAHeartST13233997	SAN	Res-PRi	node	652	1.5259146268762183
SAN__HCAHeartST13233997	SAN	Res-PRi	vessel	43	-0.0883112630956906
SAN__HCAHeartST13233998	SAN	Res-PRi	adipose_tissue	787	-1.714567283064928
SAN__HCAHeartST13233998	SAN	Res-PRi	fibrosis	629	1.7310815727410194
SAN__HCAHeartST13233998	SAN	Res-PRi	myocardium_atrial	1578	-0.2649291434879393
SAN__HCAHeartST13233998	SAN	Res-PRi	node	398	0.7748746820725001
SAN__HCAHeartST13233998	SAN	Res-PRi	vessel	47	2.251898524036285
SAN__HCAHeartST13233999	SAN	Res-PRi	adipose_tissue	492	-1.2926139643512686
SAN__HCAHeartST13233999	SAN	Res-PRi	fibrosis	921	-1.2516982921780129
SAN__HCAHeartST13233999	SAN	Res-PRi	myocardium_atrial	864	0.8228273438155853
SAN__HCAHeartST13233999	SAN	Res-PRi	node	449	1.7008005545874958
SAN__HCAHeartST13233999	SAN	Res-PRi	vessel	145	1.2258596252510272
