section	region	trait	compartment	n	median_d	mean_d
AVN__HCAHeartST11290657	AVN	AtrialFibrillation	cardiac_skeleton	883	0.655785079488791	0.7683909984130365
AVN__HCAHeartST11290657	AVN	AtrialFibrillation	myocardium_atrial	270	1.0839253710710932	1.0930606193854282
AVN__HCAHeartST11290657	AVN	AtrialFibrillation	myocardium_ventricular	907	2.004890317340311	1.9338729543748685
AVN__HCAHeartST11290657	AVN	PRinterval	cardiac_skeleton	883	0.8266791686530821	0.7853562526946037
AVN__HCAHeartST11290657	AVN	PRinterval	myocardium_atrial	270	1.4708614085379512	1.5227085504128053
AVN__HCAHeartST11290657	AVN	PRinterval	myocardium_ventricular	907	3.612369138915196	3.4866027221184477
AVN__HCAHeartST11290657	AVN	RestingHeartRate	cardiac_skeleton	883	2.141278285621285	2.1886835022974993
AVN__HCAHeartST11290657	AVN	RestingHeartRate	myocardium_atrial	270	3.1409178150981605	3.188938520388743
AVN__HCAHeartST11290657	AVN	RestingHeartRate	myocardium_ventricular	907	4.1974825259764055	4.135198611921612
AVN__HCAHeartST11290658	AVN	AtrialFibrillation	AV_bundle	171	2.313460903868573	2.2788103531648494
AVN__HCAHeartST11290658	AVN	AtrialFibrillation	cardiac_skeleton	834	-0.010532848440525155	0.21512561279075915
AVN__HCAHeartST11290658	AVN	AtrialFibrillation	myocardium_atrial	51	3.087319964368506	2.825193365526322
AVN__HCAHeartST11290658	AVN	AtrialFibrillation	myocardium_ventricular	1637	1.9067493861607845	1.8277125592442938
AVN__HCAHeartST11290658	AVN	PRinterval	AV_bundle	171	3.7603890385443624	3.7028232980317957
AVN__HCAHeartST11290658	AVN	PRinterval	cardiac_skeleton	834	-0.12318608776715145	0.3663359144191417
AVN__HCAHeartST11290658	AVN	PRinterval	myocardium_atrial	51	4.00751217101254	3.755733903571035
AVN__HCAHeartST11290658	AVN	PRinterval	myocardium_ventricular	1637	3.1360899039166794	3.1482807755729327
AVN__HCAHeartST11290658	AVN	RestingHeartRate	AV_bundle	171	4.513176347796135	4.796160584495778
AVN__HCAHeartST11290658	AVN	RestingHeartRate	cardiac_skeleton	834	1.802021437516958	2.13881060131644
AVN__HCAHeartST11290658	AVN	RestingHeartRate	myocardium_atrial	51	5.568738879520526	5.258878937339296
AVN__HCAHeartST11290658	AVN	RestingHeartRate	myocardium_ventricular	1637	4.626980320257414	4.532185618733394
AVN__HCAHeartST11290659	AVN	AtrialFibrillation	AV_bundle	133	1.3315924284626552	1.6302986994212973
AVN__HCAHeartST11290659	AVN	AtrialFibrillation	cardiac_skeleton	315	0.6719068307682043	0.8436296109220841
AVN__HCAHeartST11290659	AVN	AtrialFibrillation	fibrosis	181	1.3091544864842812	1.2972303242967012
AVN__HCAHeartST11290659	AVN	AtrialFibrillation	myocardium_ventricular	1704	1.637172090653673	1.6845829475725518
AVN__HCAHeartST11290659	AVN	PRinterval	AV_bundle	133	0.9062953805053637	1.6840991275492132
AVN__HCAHeartST11290659	AVN	PRinterval	cardiac_skeleton	315	1.0769755918494706	1.3573101634437639
AVN__HCAHeartST11290659	AVN	PRinterval	fibrosis	181	1.619856936476134	1.5743909183326674
AVN__HCAHeartST11290659	AVN	PRinterval	myocardium_ventricular	1704	2.9678776118341665	2.80365784772131
AVN__HCAHeartST11290659	AVN	RestingHeartRate	AV_bundle	133	2.4502199721619453	3.2640274561582268
AVN__HCAHeartST11290659	AVN	RestingHeartRate	cardiac_skeleton	315	2.0087050446378676	2.2093245489000553
AVN__HCAHeartST11290659	AVN	RestingHeartRate	fibrosis	181	3.819576532342354	3.8323403739133464
AVN__HCAHeartST11290659	AVN	RestingHeartRate	myocardium_ventricular	1704	4.047634453718481	4.009551185560018
AVN__HCAHeartST11290662	AVN	AtrialFibrillation	cardiac_skeleton	719	0.31916808563185484	0.34028620195014675
AVN__HCAHeartST11290662	AVN	AtrialFibrillation	fibrosis	138	2.781347033176278	3.198740771325166
AVN__HCAHeartST11290662	AVN	AtrialFibrillation	myocardium_atrial	306	1.217451120011484	0.9513181098043578
AVN__HCAHeartST11290662	AVN	AtrialFibrillation	myocardium_ventricular	1859	2.258946072971077	2.4060550818325313
AVN__HCAHeartST11290662	AVN	AtrialFibrillation	node	115	2.0378400894480095	2.034142780242622
AVN__HCAHeartST11290662	AVN	PRinterval	cardiac_skeleton	719	0.029075928846443277	0.028129925849511846
AVN__HCAHeartST11290662	AVN	PRinterval	fibrosis	138	3.1637367799336147	3.1592425788103777
AVN__HCAHeartST11290662	AVN	PRinterval	myocardium_atrial	306	2.5204016392440725	2.421016829867403
AVN__HCAHeartST11290662	AVN	PRinterval	myocardium_ventricular	1859	3.6921306854926343	3.7636338529738373
AVN__HCAHeartST11290662	AVN	PRinterval	node	115	2.5058062223360085	2.834479873530794
AVN__HCAHeartST11290662	AVN	RestingHeartRate	cardiac_skeleton	719	0.5955869368028979	0.9320676387213153
AVN__HCAHeartST11290662	AVN	RestingHeartRate	fibrosis	138	3.2359297543065884	3.278876696712551
AVN__HCAHeartST11290662	AVN	RestingHeartRate	myocardium_atrial	306	5.022949600557786	4.674275194400509
AVN__HCAHeartST11290662	AVN	RestingHeartRate	myocardium_ventricular	1859	5.126926481059811	5.135236898337589
AVN__HCAHeartST11290662	AVN	RestingHeartRate	node	115	5.8960329475689495	6.096086751509225
AVN__HCAHeartST11350377	AVN	AtrialFibrillation	AV_bundle	148	2.1639508900958706	2.160655651116716
AVN__HCAHeartST11350377	AVN	AtrialFibrillation	cardiac_skeleton	436	0.3878941607870919	0.34369189850016446
AVN__HCAHeartST11350377	AVN	AtrialFibrillation	fibrosis	188	0.940095320874631	0.9986977353335655
AVN__HCAHeartST11350377	AVN	AtrialFibrillation	myocardium_atrial	170	1.1615276507651198	0.9511680065693942
AVN__HCAHeartST11350377	AVN	AtrialFibrillation	myocardium_ventricular	1847	2.104379783518167	2.0603135280093463
AVN__HCAHeartST11350377	AVN	PRinterval	AV_bundle	148	3.08659178439651	3.043974447125342
AVN__HCAHeartST11350377	AVN	PRinterval	cardiac_skeleton	436	0.04761027690617761	0.13194399160287254
AVN__HCAHeartST11350377	AVN	PRinterval	fibrosis	188	2.763935818823523	2.461053799349834
AVN__HCAHeartST11350377	AVN	PRinterval	myocardium_atrial	170	2.1323329376157583	2.178473332596694
AVN__HCAHeartST11350377	AVN	PRinterval	myocardium_ventricular	1847	3.6473959108432035	3.5862443644914035
AVN__HCAHeartST11350377	AVN	RestingHeartRate	AV_bundle	148	5.444872687814108	5.508804516379989
AVN__HCAHeartST11350377	AVN	RestingHeartRate	cardiac_skeleton	436	1.0138333420118735	1.2451020273940576
AVN__HCAHeartST11350377	AVN	RestingHeartRate	fibrosis	188	4.028426650340624	3.7283980567596835
AVN__HCAHeartST11350377	AVN	RestingHeartRate	myocardium_atrial	170	3.8830565997579325	3.7443082594400843
AVN__HCAHeartST11350377	AVN	RestingHeartRate	myocardium_ventricular	1847	4.48788371353362	4.437560243559736
AVN__HCAHeartST12992074	AVN	AtrialFibrillation	AV_bundle	154	0.8463948835464961	0.8829008847698223
AVN__HCAHeartST12992074	AVN	AtrialFibrillation	fibrosis	221	0.15335675024331152	0.13143299260000627
AVN__HCAHeartST12992074	AVN	AtrialFibrillation	membraneous_septum	284	-0.09204047752000333	-0.1493362697959769
AVN__HCAHeartST12992074	AVN	AtrialFibrillation	myocardium_ventricular	3817	2.3386834062693604	2.318656021927975
AVN__HCAHeartST12992074	AVN	PRinterval	AV_bundle	154	0.688118582833517	1.012281675210949
AVN__HCAHeartST12992074	AVN	PRinterval	fibrosis	221	-0.21273122957834073	-0.25385106757717474
AVN__HCAHeartST12992074	AVN	PRinterval	membraneous_septum	284	-0.11415887585999529	-0.23245262851124537
AVN__HCAHeartST12992074	AVN	PRinterval	myocardium_ventricular	3817	3.0185221511163762	3.395482359876592
AVN__HCAHeartST12992074	AVN	RestingHeartRate	AV_bundle	154	3.9999992492361285	3.9466057226709457
AVN__HCAHeartST12992074	AVN	RestingHeartRate	fibrosis	221	0.5740126288934807	0.5746505832512091
AVN__HCAHeartST12992074	AVN	RestingHeartRate	membraneous_septum	284	-0.03674402446973846	-0.05990293506718572
AVN__HCAHeartST12992074	AVN	RestingHeartRate	myocardium_ventricular	3817	4.70001291704359	4.795981266233669
AVN__HCAHeartST12992075	AVN	AtrialFibrillation	AV_bundle	523	1.6014536987680785	1.6841648073754891
AVN__HCAHeartST12992075	AVN	AtrialFibrillation	fibrosis	1367	0.7383347365059721	0.9373107478953372
AVN__HCAHeartST12992075	AVN	AtrialFibrillation	membraneous_septum	218	0.2803643201484747	0.40543370641387266
AVN__HCAHeartST12992075	AVN	AtrialFibrillation	myocardium_ventricular	1370	3.166841084574024	3.2235755600052656
AVN__HCAHeartST12992075	AVN	PRinterval	AV_bundle	523	2.2980052168936185	2.3270596319369115
AVN__HCAHeartST12992075	AVN	PRinterval	fibrosis	1367	0.9510698995066966	1.3363439829837427
AVN__HCAHeartST12992075	AVN	PRinterval	membraneous_septum	218	-0.5740118734583632	-0.648337589832835
AVN__HCAHeartST12992075	AVN	PRinterval	myocardium_ventricular	1370	4.93038684043219	4.970907116161459
AVN__HCAHeartST12992075	AVN	RestingHeartRate	AV_bundle	523	4.346385709277378	4.5303452579038614
AVN__HCAHeartST12992075	AVN	RestingHeartRate	fibrosis	1367	1.7872648755902851	2.4467847373675187
AVN__HCAHeartST12992075	AVN	RestingHeartRate	membraneous_septum	218	0.44603755192916417	0.7145096469643293
AVN__HCAHeartST12992075	AVN	RestingHeartRate	myocardium_ventricular	1370	6.596932260986808	6.522645787706276
AVN__HCAHeartST13228103	AVN	AtrialFibrillation	AV_bundle	190	2.7775669333474893	2.736526886888503
AVN__HCAHeartST13228103	AVN	AtrialFibrillation	adipose_tissue	808	0.3055287075880369	0.4258513345420202
AVN__HCAHeartST13228103	AVN	AtrialFibrillation	membraneous_septum	921	0.18345847957435168	0.28503536517592803
AVN__HCAHeartST13228103	AVN	AtrialFibrillation	myocardium_atrial	671	3.5404144900437267	3.4447666184070025
AVN__HCAHeartST13228103	AVN	AtrialFibrillation	myocardium_ventricular	241	3.5038313875834444	3.0697405778065647
AVN__HCAHeartST13228103	AVN	AtrialFibrillation	node	111	3.833345251638307	3.8730764418806647
AVN__HCAHeartST13228103	AVN	PRinterval	AV_bundle	190	5.4588104796008325	5.423330952161657
AVN__HCAHeartST13228103	AVN	PRinterval	adipose_tissue	808	-0.13042991291566808	0.020039414716241225
AVN__HCAHeartST13228103	AVN	PRinterval	membraneous_septum	921	0.2747794642937702	0.6425843745508892
AVN__HCAHeartST13228103	AVN	PRinterval	myocardium_atrial	671	5.4104809321588	5.309276741245029
AVN__HCAHeartST13228103	AVN	PRinterval	myocardium_ventricular	241	6.022628652357657	6.115029806387754
AVN__HCAHeartST13228103	AVN	PRinterval	node	111	5.182861896015528	5.179534033708922
AVN__HCAHeartST13228103	AVN	RestingHeartRate	AV_bundle	190	7.147142343633118	7.0571324178205606
AVN__HCAHeartST13228103	AVN	RestingHeartRate	adipose_tissue	808	0.9266819073572086	1.19168928624247
AVN__HCAHeartST13228103	AVN	RestingHeartRate	membraneous_septum	921	0.9499413673786145	1.239434524710211
AVN__HCAHeartST13228103	AVN	RestingHeartRate	myocardium_atrial	671	9.200927106832847	8.834067531918464
AVN__HCAHeartST13228103	AVN	RestingHeartRate	myocardium_ventricular	241	9.594193710672977	8.613601235352041
AVN__HCAHeartST13228103	AVN	RestingHeartRate	node	111	10.396355729340838	10.327205272457045
SAN__HCAHeartST10659160	SAN	AtrialFibrillation	adipose_tissue	559	0.8501429438507704	1.0438891785266153
SAN__HCAHeartST10659160	SAN	AtrialFibrillation	endocardium	55	1.024077657244049	0.9846646322211761
SAN__HCAHeartST10659160	SAN	AtrialFibrillation	epicardium_subepicardium	399	0.1675878637545294	0.2504973456069252
SAN__HCAHeartST10659160	SAN	AtrialFibrillation	fibrosis	88	0.8453829015929608	0.9620921368816489
SAN__HCAHeartST10659160	SAN	AtrialFibrillation	myocardium_atrial	2175	1.153778604428978	1.212410960342717
SAN__HCAHeartST10659160	SAN	AtrialFibrillation	node	884	-0.0022226486883494267	-0.11615421865284546
SAN__HCAHeartST10659160	SAN	AtrialFibrillation	vessel	60	-1.58747200418706	-1.846700511799773
SAN__HCAHeartST10659160	SAN	PRinterval	adipose_tissue	559	1.2709537044710426	1.5305338692105621
SAN__HCAHeartST10659160	SAN	PRinterval	endocardium	55	4.38199837593735	4.561066609471243
SAN__HCAHeartST10659160	SAN	PRinterval	epicardium_subepicardium	399	0.7471454762505969	0.5336359116037618
SAN__HCAHeartST10659160	SAN	PRinterval	fibrosis	88	1.133210147942779	1.42066203891403
SAN__HCAHeartST10659160	SAN	PRinterval	myocardium_atrial	2175	2.1404552101943417	2.3323716219300104
SAN__HCAHeartST10659160	SAN	PRinterval	node	884	1.0062581906059305	0.8536268912635414
SAN__HCAHeartST10659160	SAN	PRinterval	vessel	60	-0.9625653050969012	-1.1395247934649115
SAN__HCAHeartST10659160	SAN	RestingHeartRate	adipose_tissue	559	1.872099409978585	1.9562315424402084
SAN__HCAHeartST10659160	SAN	RestingHeartRate	endocardium	55	1.6727152580037838	1.7357162049073143
SAN__HCAHeartST10659160	SAN	RestingHeartRate	epicardium_subepicardium	399	2.8748770550943843	2.6678242929327647
SAN__HCAHeartST10659160	SAN	RestingHeartRate	fibrosis	88	1.4766223269492915	1.3490077062684216
SAN__HCAHeartST10659160	SAN	RestingHeartRate	myocardium_atrial	2175	2.4754971089577413	2.7271994941384445
SAN__HCAHeartST10659160	SAN	RestingHeartRate	node	884	4.44634140056436	4.494123949946578
SAN__HCAHeartST10659160	SAN	RestingHeartRate	vessel	60	2.945643554168858	3.4279838318142626
SAN__HCAHeartST12992072	SAN	AtrialFibrillation	adipose_tissue	427	-0.03827481721828929	-0.02688986034560714
SAN__HCAHeartST12992072	SAN	AtrialFibrillation	endocardium	115	0.6318658838495688	0.6499616782605931
SAN__HCAHeartST12992072	SAN	AtrialFibrillation	epicardium_subepicardium	170	-0.39330239437873415	-0.45603644753011113
SAN__HCAHeartST12992072	SAN	AtrialFibrillation	myocardium_atrial	2291	2.5831820861867216	2.5387408353833694
SAN__HCAHeartST12992072	SAN	AtrialFibrillation	node	611	2.0940462700197338	1.9871563925493656
SAN__HCAHeartST12992072	SAN	AtrialFibrillation	vessel	173	-1.4335352182851322	-1.30273123727876
SAN__HCAHeartST12992072	SAN	PRinterval	adipose_tissue	427	-0.0807952866721246	-0.0740987569444982
SAN__HCAHeartST12992072	SAN	PRinterval	endocardium	115	1.1215453314944352	1.3740245137689697
SAN__HCAHeartST12992072	SAN	PRinterval	epicardium_subepicardium	170	-0.3433458403051828	-0.4215946575090176
SAN__HCAHeartST12992072	SAN	PRinterval	myocardium_atrial	2291	5.096136650723029	4.584502622537294
SAN__HCAHeartST12992072	SAN	PRinterval	node	611	2.94100461789801	3.009217576249999
SAN__HCAHeartST12992072	SAN	PRinterval	vessel	173	-1.122098298172527	-1.2562132136045636
SAN__HCAHeartST12992072	SAN	RestingHeartRate	adipose_tissue	427	0.007550283201923302	0.09261036825311283
SAN__HCAHeartST12992072	SAN	RestingHeartRate	endocardium	115	1.5871660984166254	1.8404480958105576
SAN__HCAHeartST12992072	SAN	RestingHeartRate	epicardium_subepicardium	170	-0.34469375964200294	-0.3486075640820908
SAN__HCAHeartST12992072	SAN	RestingHeartRate	myocardium_atrial	2291	6.724781710775424	5.905666814848612
SAN__HCAHeartST12992072	SAN	RestingHeartRate	node	611	5.424095599526348	5.441289597473946
SAN__HCAHeartST12992072	SAN	RestingHeartRate	vessel	173	0.5052390952873651	0.5770142570664548
SAN__HCAHeartST13228105	SAN	AtrialFibrillation	adipose_tissue	1479	0.3684488605007542	0.46421454239243354
SAN__HCAHeartST13228105	SAN	AtrialFibrillation	haemorrhage	80	0.04553277941103895	0.02966159726786579
SAN__HCAHeartST13228105	SAN	AtrialFibrillation	myocardium_atrial	606	3.3486671880634824	3.0563334940011666
SAN__HCAHeartST13228105	SAN	AtrialFibrillation	nerve	188	1.2934488408008251	1.3252174179946934
SAN__HCAHeartST13228105	SAN	AtrialFibrillation	node	482	3.279975883229396	3.147086119110945
SAN__HCAHeartST13228105	SAN	PRinterval	adipose_tissue	1479	0.41930337032635834	0.45922609695185446
SAN__HCAHeartST13228105	SAN	PRinterval	haemorrhage	80	-0.11750314668871592	-0.12580822056858773
SAN__HCAHeartST13228105	SAN	PRinterval	myocardium_atrial	606	5.836430086650381	5.160367152218429
SAN__HCAHeartST13228105	SAN	PRinterval	nerve	188	0.6689732783793358	1.0107738011385439
SAN__HCAHeartST13228105	SAN	PRinterval	node	482	4.535152945164331	4.406713714925917
SAN__HCAHeartST13228105	SAN	RestingHeartRate	adipose_tissue	1479	0.9528435336834702	1.2900994202500753
SAN__HCAHeartST13228105	SAN	RestingHeartRate	haemorrhage	80	0.12282475854207031	0.08186830805441411
SAN__HCAHeartST13228105	SAN	RestingHeartRate	myocardium_atrial	606	7.0362200731758895	6.286572018283325
SAN__HCAHeartST13228105	SAN	RestingHeartRate	nerve	188	2.1968903284895362	2.282220152046243
SAN__HCAHeartST13228105	SAN	RestingHeartRate	node	482	7.344458201435007	7.103340420507994
SAN__HCAHeartST13228106	SAN	AtrialFibrillation	adipose_tissue	99	0.4921571931912849	0.8014631884317798
SAN__HCAHeartST13228106	SAN	AtrialFibrillation	fibrosis	281	-0.17447348510867483	-0.2092904973070455
SAN__HCAHeartST13228106	SAN	AtrialFibrillation	myocardium_atrial	2368	2.088698400230699	2.0555565284956474
SAN__HCAHeartST13228106	SAN	AtrialFibrillation	node	518	0.532131634299442	0.6409123990613023
SAN__HCAHeartST13228106	SAN	AtrialFibrillation	vessel	69	-0.07465242471542544	-0.27587095442038
SAN__HCAHeartST13228106	SAN	PRinterval	adipose_tissue	99	0.014097430525604526	0.34982080898602813
SAN__HCAHeartST13228106	SAN	PRinterval	fibrosis	281	-0.1851790168089317	-0.11373325739805636
SAN__HCAHeartST13228106	SAN	PRinterval	myocardium_atrial	2368	3.6326006885176385	3.471064889639645
SAN__HCAHeartST13228106	SAN	PRinterval	node	518	1.015948136072923	0.7863816629625615
SAN__HCAHeartST13228106	SAN	PRinterval	vessel	69	-0.2818587309055607	-0.12548564832305686
SAN__HCAHeartST13228106	SAN	RestingHeartRate	adipose_tissue	99	1.0923308270088379	1.2210642135639995
SAN__HCAHeartST13228106	SAN	RestingHeartRate	fibrosis	281	-0.042916118801517744	0.024007564647862193
SAN__HCAHeartST13228106	SAN	RestingHeartRate	myocardium_atrial	2368	4.732479433977709	4.755798008962022
SAN__HCAHeartST13228106	SAN	RestingHeartRate	node	518	3.4060008980913734	3.668650770603637
SAN__HCAHeartST13228106	SAN	RestingHeartRate	vessel	69	3.5721197307964365	3.1057806733993942
SAN__HCAHeartST13233996	SAN	AtrialFibrillation	adipose_tissue	1304	0.09834277236790728	0.22263285324654847
SAN__HCAHeartST13233996	SAN	AtrialFibrillation	fibrosis	405	-0.06257356791786384	0.03118170058135036
SAN__HCAHeartST13233996	SAN	AtrialFibrillation	myocardium_atrial	753	3.7879539832165734	3.534633890047756
SAN__HCAHeartST13233996	SAN	AtrialFibrillation	node	511	1.8639258341718756	1.7884440531428893
SAN__HCAHeartST13233996	SAN	AtrialFibrillation	vessel	71	3.3140097496007144	3.132096092860509
SAN__HCAHeartST13233996	SAN	PRinterval	adipose_tissue	1304	0.17729081495524313	0.6154902271203556
SAN__HCAHeartST13233996	SAN	PRinterval	fibrosis	405	0.11209631804235731	0.31918412216260594
SAN__HCAHeartST13233996	SAN	PRinterval	myocardium_atrial	753	5.763149998233988	5.294770009944988
SAN__HCAHeartST13233996	SAN	PRinterval	node	511	2.95117909502787	2.9090671873216003
SAN__HCAHeartST13233996	SAN	PRinterval	vessel	71	2.9475269550645047	2.9663483550569407
SAN__HCAHeartST13233996	SAN	RestingHeartRate	adipose_tissue	1304	0.33003823697489054	0.7980294290554487
SAN__HCAHeartST13233996	SAN	RestingHeartRate	fibrosis	405	0.19141835687750297	0.5920480829765491
SAN__HCAHeartST13233996	SAN	RestingHeartRate	myocardium_atrial	753	7.879674839263472	7.323317465696836
SAN__HCAHeartST13233996	SAN	RestingHeartRate	node	511	5.495850873180993	5.3319103365392
SAN__HCAHeartST13233996	SAN	RestingHeartRate	vessel	71	5.436753588829488	5.483520198506079
SAN__HCAHeartST13233997	SAN	AtrialFibrillation	adipose_tissue	1082	0.015710472314359403	-0.01607163207400251
SAN__HCAHeartST13233997	SAN	AtrialFibrillation	fibrosis	556	0.08801288515776207	0.1764517258411591
SAN__HCAHeartST13233997	SAN	AtrialFibrillation	myocardium_atrial	1067	3.9963708416521464	3.7993350361720433
SAN__HCAHeartST13233997	SAN	AtrialFibrillation	node	652	1.5392876794212715	1.439138297316887
SAN__HCAHeartST13233997	SAN	PRinterval	adipose_tissue	1082	-0.027227023146064178	-0.00940679373661396
SAN__HCAHeartST13233997	SAN	PRinterval	fibrosis	556	0.06846832562448635	0.020770151148932783
SAN__HCAHeartST13233997	SAN	PRinterval	myocardium_atrial	1067	6.194581593121235	6.123165410206388
SAN__HCAHeartST13233997	SAN	PRinterval	node	652	2.9899562327357954	3.0110252272211704
SAN__HCAHeartST13233997	SAN	RestingHeartRate	adipose_tissue	1082	-0.035872576022999925	-0.03369872271266523
SAN__HCAHeartST13233997	SAN	RestingHeartRate	fibrosis	556	0.7456879984625597	0.9695727623894548
SAN__HCAHeartST13233997	SAN	RestingHeartRate	myocardium_atrial	1067	7.839559492291433	7.809719709097315
SAN__HCAHeartST13233997	SAN	RestingHeartRate	node	652	5.79336527223033	5.390779771116902
SAN__HCAHeartST13233998	SAN	AtrialFibrillation	adipose_tissue	787	0.22098074522153904	0.11349279165081073
SAN__HCAHeartST13233998	SAN	AtrialFibrillation	fibrosis	629	2.803208551208452	2.59898718403993
SAN__HCAHeartST13233998	SAN	AtrialFibrillation	myocardium_atrial	1578	2.6880276697663854	2.4352436552227266
SAN__HCAHeartST13233998	SAN	AtrialFibrillation	node	398	-0.049981517464307235	-0.160243206846573
SAN__HCAHeartST13233998	SAN	PRinterval	adipose_tissue	787	0.004741842834888432	-0.07377409108982902
SAN__HCAHeartST13233998	SAN	PRinterval	fibrosis	629	3.957681501484895	3.852214622064286
SAN__HCAHeartST13233998	SAN	PRinterval	myocardium_atrial	1578	4.782940982737941	4.037415727530669
SAN__HCAHeartST13233998	SAN	PRinterval	node	398	0.49344852201827116	0.6349936357347344
SAN__HCAHeartST13233998	SAN	RestingHeartRate	adipose_tissue	787	-0.036797723182810646	-0.039488069828605574
SAN__HCAHeartST13233998	SAN	RestingHeartRate	fibrosis	629	6.849513962257644	6.623160036780133
SAN__HCAHeartST13233998	SAN	RestingHeartRate	myocardium_atrial	1578	6.158681739749056	5.250532600393268
SAN__HCAHeartST13233998	SAN	RestingHeartRate	node	398	2.204715989137383	2.6766731850188314
SAN__HCAHeartST13233999	SAN	AtrialFibrillation	adipose_tissue	492	0.0657448432768199	0.07433823124384036
SAN__HCAHeartST13233999	SAN	AtrialFibrillation	fibrosis	921	-0.1612744636089335	-0.2348087925057123
SAN__HCAHeartST13233999	SAN	AtrialFibrillation	myocardium_atrial	864	4.0013692334082425	3.889022929516259
SAN__HCAHeartST13233999	SAN	AtrialFibrillation	node	449	2.7233007275290464	2.737497826332876
SAN__HCAHeartST13233999	SAN	AtrialFibrillation	vessel	145	1.6472851611852275	2.0625249912816743
SAN__HCAHeartST13233999	SAN	PRinterval	adipose_tissue	492	-0.1205473192495812	-0.1261588088780376
SAN__HCAHeartST13233999	SAN	PRinterval	fibrosis	921	-0.23735769884689217	-0.22144427613512732
SAN__HCAHeartST13233999	SAN	PRinterval	myocardium_atrial	864	6.854438666833389	6.79574230678547
SAN__HCAHeartST13233999	SAN	PRinterval	node	449	4.196008552930634	4.208326716851012
SAN__HCAHeartST13233999	SAN	PRinterval	vessel	145	1.400553394498822	1.8080791930929874
SAN__HCAHeartST13233999	SAN	RestingHeartRate	adipose_tissue	492	-0.0571804251676966	0.10485042913933353
SAN__HCAHeartST13233999	SAN	RestingHeartRate	fibrosis	921	0.0024566805301611677	0.2305043389092531
SAN__HCAHeartST13233999	SAN	RestingHeartRate	myocardium_atrial	864	8.895394710817467	8.673057048191746
SAN__HCAHeartST13233999	SAN	RestingHeartRate	node	449	7.061291647325975	6.945245938986315
SAN__HCAHeartST13233999	SAN	RestingHeartRate	vessel	145	3.866613360776476	4.274136135612611
