section	trait	cell_type	rho
AVN__HCAHeartST11290657	RestingHeartRate	aCM1	0.0009850445248956858
AVN__HCAHeartST11290657	RestingHeartRate	aCM2	0.004145581282591575
AVN__HCAHeartST11290657	RestingHeartRate	aCM3	-0.18195063459562186
AVN__HCAHeartST11290657	RestingHeartRate	aCM4	0.23617852457606459
AVN__HCAHeartST11290657	RestingHeartRate	vCM1	0.4701119704971456
AVN__HCAHeartST11290657	RestingHeartRate	vCM2	0.4987454573992944
AVN__HCAHeartST11290657	RestingHeartRate	vCM3_stressed	0.16158984663622467
AVN__HCAHeartST11290657	RestingHeartRate	FB1	0.41464223507867287
AVN__HCAHeartST11290657	RestingHeartRate	FB2	-0.08698137071148486
AVN__HCAHeartST11290657	RestingHeartRate	FB4_activated	0.09047601489311063
AVN__HCAHeartST11290657	RestingHeartRate	NC1_glial	0.3928459358801215
AVN__HCAHeartST11290657	RestingHeartRate	NC2_glial_NGF+	0.15946602744285387
AVN__HCAHeartST11290657	RestingHeartRate	EC2_cap	0.522070717556221
AVN__HCAHeartST11290657	RestingHeartRate	PC1_vent	0.5010012279547048
AVN__HCAHeartST11290657	RestingHeartRate	Adip1	0.0776449406375497
AVN__HCAHeartST11290658	RestingHeartRate	AVN_bundle_cell	-0.19027870408231007
AVN__HCAHeartST11290658	RestingHeartRate	aCM1	0.03436450926710916
AVN__HCAHeartST11290658	RestingHeartRate	aCM2	-0.07423439451881668
AVN__HCAHeartST11290658	RestingHeartRate	aCM3	-0.22876948539607123
AVN__HCAHeartST11290658	RestingHeartRate	aCM4	0.5068728950025301
AVN__HCAHeartST11290658	RestingHeartRate	vCM1	0.48732545258080534
AVN__HCAHeartST11290658	RestingHeartRate	vCM2	0.5253345574257505
AVN__HCAHeartST11290658	RestingHeartRate	vCM3_stressed	-0.03032590529123914
AVN__HCAHeartST11290658	RestingHeartRate	FB1	0.3988555035416201
AVN__HCAHeartST11290658	RestingHeartRate	FB2	-0.15762631816129724
AVN__HCAHeartST11290658	RestingHeartRate	FB4_activated	0.003339781336672322
AVN__HCAHeartST11290658	RestingHeartRate	NC1_glial	0.34364012009083034
AVN__HCAHeartST11290658	RestingHeartRate	NC2_glial_NGF+	0.028212382953280053
AVN__HCAHeartST11290658	RestingHeartRate	EC2_cap	0.6190029998879957
AVN__HCAHeartST11290658	RestingHeartRate	PC1_vent	0.5549579556495778
AVN__HCAHeartST11290658	RestingHeartRate	Adip1	0.23832580771487372
AVN__HCAHeartST11290659	RestingHeartRate	AVN_bundle_cell	-0.14039231583407308
AVN__HCAHeartST11290659	RestingHeartRate	aCM1	0.1434342773503529
AVN__HCAHeartST11290659	RestingHeartRate	aCM2	0.02286993241416674
AVN__HCAHeartST11290659	RestingHeartRate	aCM3	-0.08982521474803101
AVN__HCAHeartST11290659	RestingHeartRate	aCM4	0.5233991476321711
AVN__HCAHeartST11290659	RestingHeartRate	vCM1	0.3983026231468021
AVN__HCAHeartST11290659	RestingHeartRate	vCM2	0.46760446133628486
AVN__HCAHeartST11290659	RestingHeartRate	vCM3_stressed	0.08760773235206676
AVN__HCAHeartST11290659	RestingHeartRate	FB1	0.47752269461221497
AVN__HCAHeartST11290659	RestingHeartRate	FB2	-0.0824534998849437
AVN__HCAHeartST11290659	RestingHeartRate	FB4_activated	0.09327592589675747
AVN__HCAHeartST11290659	RestingHeartRate	NC1_glial	0.4673642568790637
AVN__HCAHeartST11290659	RestingHeartRate	NC2_glial_NGF+	0.23274236245202343
AVN__HCAHeartST11290659	RestingHeartRate	EC2_cap	0.5798120760868598
AVN__HCAHeartST11290659	RestingHeartRate	PC1_vent	0.5489604739297264
AVN__HCAHeartST11290659	RestingHeartRate	Adip1	0.34481243638433173
AVN__HCAHeartST11290662	RestingHeartRate	aCM1	-0.10264752547348721
AVN__HCAHeartST11290662	RestingHeartRate	aCM2	-0.11864140685474825
AVN__HCAHeartST11290662	RestingHeartRate	aCM3	-0.04464795233669736
AVN__HCAHeartST11290662	RestingHeartRate	aCM4	0.2722111775440002
AVN__HCAHeartST11290662	RestingHeartRate	vCM1	0.40348251844898336
AVN__HCAHeartST11290662	RestingHeartRate	vCM2	0.500498027000442
AVN__HCAHeartST11290662	RestingHeartRate	vCM3_stressed	0.10819387961230946
AVN__HCAHeartST11290662	RestingHeartRate	FB1	0.4677788843735761
AVN__HCAHeartST11290662	RestingHeartRate	FB2	-0.19422482200231866
AVN__HCAHeartST11290662	RestingHeartRate	FB4_activated	0.16754360881903754
AVN__HCAHeartST11290662	RestingHeartRate	NC1_glial	0.5623657544221127
AVN__HCAHeartST11290662	RestingHeartRate	NC2_glial_NGF+	0.11023964507328317
AVN__HCAHeartST11290662	RestingHeartRate	EC2_cap	0.6890411417112703
AVN__HCAHeartST11290662	RestingHeartRate	PC1_vent	0.6479296876877627
AVN__HCAHeartST11290662	RestingHeartRate	Adip1	0.30584910326027653
AVN__HCAHeartST11350377	RestingHeartRate	AVN_bundle_cell	0.20462648118483148
AVN__HCAHeartST11350377	RestingHeartRate	aCM1	0.05855631105679025
AVN__HCAHeartST11350377	RestingHeartRate	aCM2	0.08341497221586919
AVN__HCAHeartST11350377	RestingHeartRate	aCM3	0.3527810435650144
AVN__HCAHeartST11350377	RestingHeartRate	aCM4	0.09686716899812967
AVN__HCAHeartST11350377	RestingHeartRate	vCM1	0.4910477738481016
AVN__HCAHeartST11350377	RestingHeartRate	vCM2	0.534348394091166
AVN__HCAHeartST11350377	RestingHeartRate	vCM3_stressed	0.41061946845823316
AVN__HCAHeartST11350377	RestingHeartRate	FB1	0.4666931999410434
AVN__HCAHeartST11350377	RestingHeartRate	FB2	-0.1602334248261236
AVN__HCAHeartST11350377	RestingHeartRate	FB4_activated	0.09786050854000028
AVN__HCAHeartST11350377	RestingHeartRate	NC1_glial	0.44060795410732073
AVN__HCAHeartST11350377	RestingHeartRate	NC2_glial_NGF+	-0.01802881317298664
AVN__HCAHeartST11350377	RestingHeartRate	EC2_cap	0.6004286099879639
AVN__HCAHeartST11350377	RestingHeartRate	PC1_vent	0.5864108097721573
AVN__HCAHeartST11350377	RestingHeartRate	Adip1	0.3781745988815604
AVN__HCAHeartST12992074	RestingHeartRate	AVN_bundle_cell	0.39076020425539265
AVN__HCAHeartST12992074	RestingHeartRate	aCM1	0.4595147082815498
AVN__HCAHeartST12992074	RestingHeartRate	aCM2	0.4289272834853763
AVN__HCAHeartST12992074	RestingHeartRate	aCM3	0.14017955032727727
AVN__HCAHeartST12992074	RestingHeartRate	aCM4	0.49100241890862817
AVN__HCAHeartST12992074	RestingHeartRate	vCM1	0.5662580005428631
AVN__HCAHeartST12992074	RestingHeartRate	vCM2	0.5652313495325385
AVN__HCAHeartST12992074	RestingHeartRate	vCM3_stressed	0.2548886625856896
AVN__HCAHeartST12992074	RestingHeartRate	FB1	0.660904973211274
AVN__HCAHeartST12992074	RestingHeartRate	FB2	0.39091085626028776
AVN__HCAHeartST12992074	RestingHeartRate	FB4_activated	0.45408304797698706
AVN__HCAHeartST12992074	RestingHeartRate	NC1_glial	0.5977948036990313
AVN__HCAHeartST12992074	RestingHeartRate	NC2_glial_NGF+	0.48194475381774526
AVN__HCAHeartST12992074	RestingHeartRate	EC2_cap	0.6896079215606248
AVN__HCAHeartST12992074	RestingHeartRate	PC1_vent	0.6680222087896223
AVN__HCAHeartST12992074	RestingHeartRate	Adip1	0.46996187297335407
AVN__HCAHeartST12992075	RestingHeartRate	AVN_bundle_cell	0.16736039418947568
AVN__HCAHeartST12992075	RestingHeartRate	aCM1	0.25392386553486046
AVN__HCAHeartST12992075	RestingHeartRate	aCM2	0.08578015923462204
AVN__HCAHeartST12992075	RestingHeartRate	aCM3	0.5752901555385717
AVN__HCAHeartST12992075	RestingHeartRate	aCM4	0.43017458423806343
AVN__HCAHeartST12992075	RestingHeartRate	vCM1	0.6012688790868853
AVN__HCAHeartST12992075	RestingHeartRate	vCM2	0.5629425605652312
AVN__HCAHeartST12992075	RestingHeartRate	vCM3_stressed	0.5976716928977002
AVN__HCAHeartST12992075	RestingHeartRate	FB1	0.45172845007387963
AVN__HCAHeartST12992075	RestingHeartRate	FB2	-0.38907146389625635
AVN__HCAHeartST12992075	RestingHeartRate	FB4_activated	0.11546593634025039
AVN__HCAHeartST12992075	RestingHeartRate	NC1_glial	0.487078808279876
AVN__HCAHeartST12992075	RestingHeartRate	NC2_glial_NGF+	-0.0003450958215536367
AVN__HCAHeartST12992075	RestingHeartRate	EC2_cap	0.678158902201048
AVN__HCAHeartST12992075	RestingHeartRate	PC1_vent	0.6572244353517339
AVN__HCAHeartST12992075	RestingHeartRate	Adip1	0.45900463590109936
AVN__HCAHeartST13228103	RestingHeartRate	AVN_bundle_cell	0.41632315642026524
AVN__HCAHeartST13228103	RestingHeartRate	aCM1	0.5590236289241779
AVN__HCAHeartST13228103	RestingHeartRate	aCM2	0.4685535528104908
AVN__HCAHeartST13228103	RestingHeartRate	aCM3	0.39229422544693365
AVN__HCAHeartST13228103	RestingHeartRate	aCM4	0.5506555052709626
AVN__HCAHeartST13228103	RestingHeartRate	vCM1	0.5906813208769186
AVN__HCAHeartST13228103	RestingHeartRate	vCM2	0.5517520824575609
AVN__HCAHeartST13228103	RestingHeartRate	vCM3_stressed	0.2502288714179519
AVN__HCAHeartST13228103	RestingHeartRate	FB1	0.6089271874288903
AVN__HCAHeartST13228103	RestingHeartRate	FB2	-0.03029072226201074
AVN__HCAHeartST13228103	RestingHeartRate	FB4_activated	0.09907741164007243
AVN__HCAHeartST13228103	RestingHeartRate	NC1_glial	0.618706734519753
AVN__HCAHeartST13228103	RestingHeartRate	NC2_glial_NGF+	0.4584643780084799
AVN__HCAHeartST13228103	RestingHeartRate	EC2_cap	0.7334947970430287
AVN__HCAHeartST13228103	RestingHeartRate	PC1_vent	0.6635716276911783
AVN__HCAHeartST13228103	RestingHeartRate	Adip1	0.07369900432529294
SAN__HCAHeartST10659160	RestingHeartRate	SAN_P_cell	0.253074883402844
SAN__HCAHeartST10659160	RestingHeartRate	aCM1	0.12544298387785235
SAN__HCAHeartST10659160	RestingHeartRate	aCM2	-0.04344424941999289
SAN__HCAHeartST10659160	RestingHeartRate	aCM3	0.19383719685385276
SAN__HCAHeartST10659160	RestingHeartRate	aCM4	0.03160558663663042
SAN__HCAHeartST10659160	RestingHeartRate	FB1	0.20378304544750747
SAN__HCAHeartST10659160	RestingHeartRate	FB2	0.2770751427353916
SAN__HCAHeartST10659160	RestingHeartRate	FB4_activated	0.30515841792409665
SAN__HCAHeartST10659160	RestingHeartRate	NC1_glial	0.2545104146362773
SAN__HCAHeartST10659160	RestingHeartRate	NC2_glial_NGF+	0.2790037902361118
SAN__HCAHeartST10659160	RestingHeartRate	EC2_cap	0.3409125761460955
SAN__HCAHeartST10659160	RestingHeartRate	PC1_vent	0.3045221945338003
SAN__HCAHeartST10659160	RestingHeartRate	Adip1	-0.024267583768436556
SAN__HCAHeartST12992072	RestingHeartRate	SAN_P_cell	0.4003977655091137
SAN__HCAHeartST12992072	RestingHeartRate	aCM1	0.6158269806184029
SAN__HCAHeartST12992072	RestingHeartRate	aCM2	0.4589277833829767
SAN__HCAHeartST12992072	RestingHeartRate	aCM3	-0.011093238195524609
SAN__HCAHeartST12992072	RestingHeartRate	aCM4	0.7187709872309569
SAN__HCAHeartST12992072	RestingHeartRate	FB1	0.5496709348245408
SAN__HCAHeartST12992072	RestingHeartRate	FB2	0.6174470441463703
SAN__HCAHeartST12992072	RestingHeartRate	FB4_activated	0.4635978778328884
SAN__HCAHeartST12992072	RestingHeartRate	NC1_glial	0.0033977956331442327
SAN__HCAHeartST12992072	RestingHeartRate	NC2_glial_NGF+	0.5913577661946662
SAN__HCAHeartST12992072	RestingHeartRate	EC2_cap	0.6732560595304825
SAN__HCAHeartST12992072	RestingHeartRate	PC1_vent	0.6278032193055778
SAN__HCAHeartST12992072	RestingHeartRate	Adip1	0.38056138551552837
SAN__HCAHeartST13228105	RestingHeartRate	SAN_P_cell	0.7674450110479604
SAN__HCAHeartST13228105	RestingHeartRate	aCM1	0.7270176086315068
SAN__HCAHeartST13228105	RestingHeartRate	aCM2	0.4577887104516166
SAN__HCAHeartST13228105	RestingHeartRate	aCM3	0.19475567387250872
SAN__HCAHeartST13228105	RestingHeartRate	aCM4	0.7850999981596087
SAN__HCAHeartST13228105	RestingHeartRate	FB1	0.7046418645597362
SAN__HCAHeartST13228105	RestingHeartRate	FB2	0.6740690348026496
SAN__HCAHeartST13228105	RestingHeartRate	FB4_activated	0.7872195017875029
SAN__HCAHeartST13228105	RestingHeartRate	NC1_glial	0.03983850286413447
SAN__HCAHeartST13228105	RestingHeartRate	NC2_glial_NGF+	0.7237063896982175
SAN__HCAHeartST13228105	RestingHeartRate	EC2_cap	0.7667410579471242
SAN__HCAHeartST13228105	RestingHeartRate	PC1_vent	0.7917163974567851
SAN__HCAHeartST13228105	RestingHeartRate	Adip1	-0.47083042039737993
SAN__HCAHeartST13228106	RestingHeartRate	SAN_P_cell	0.3271527243705047
SAN__HCAHeartST13228106	RestingHeartRate	aCM1	0.49365681053285093
SAN__HCAHeartST13228106	RestingHeartRate	aCM2	0.37526468012990266
SAN__HCAHeartST13228106	RestingHeartRate	aCM3	-0.04865336135162859
SAN__HCAHeartST13228106	RestingHeartRate	aCM4	0.6227491833018697
SAN__HCAHeartST13228106	RestingHeartRate	FB1	0.5883426737031726
SAN__HCAHeartST13228106	RestingHeartRate	FB2	0.14025356317181353
SAN__HCAHeartST13228106	RestingHeartRate	FB4_activated	0.10467158026433207
SAN__HCAHeartST13228106	RestingHeartRate	NC1_glial	0.11304904431587214
SAN__HCAHeartST13228106	RestingHeartRate	NC2_glial_NGF+	0.21346963234683994
SAN__HCAHeartST13228106	RestingHeartRate	EC2_cap	0.578023273910475
SAN__HCAHeartST13228106	RestingHeartRate	PC1_vent	0.4936957030665886
SAN__HCAHeartST13228106	RestingHeartRate	Adip1	0.002186863918014832
SAN__HCAHeartST13233996	RestingHeartRate	SAN_P_cell	0.7061210308856354
SAN__HCAHeartST13233996	RestingHeartRate	aCM1	0.7938149808625461
SAN__HCAHeartST13233996	RestingHeartRate	aCM2	0.70882024241083
SAN__HCAHeartST13233996	RestingHeartRate	aCM3	0.3804102518718626
SAN__HCAHeartST13233996	RestingHeartRate	aCM4	0.7068395893199843
SAN__HCAHeartST13233996	RestingHeartRate	FB1	0.7073816968848887
SAN__HCAHeartST13233996	RestingHeartRate	FB2	0.5683060989224787
SAN__HCAHeartST13233996	RestingHeartRate	FB4_activated	0.6798404318259217
SAN__HCAHeartST13233996	RestingHeartRate	NC1_glial	0.5952480292915103
SAN__HCAHeartST13233996	RestingHeartRate	NC2_glial_NGF+	0.6746725788661467
SAN__HCAHeartST13233996	RestingHeartRate	EC2_cap	0.7436746777548772
SAN__HCAHeartST13233996	RestingHeartRate	PC1_vent	0.7767178628918466
SAN__HCAHeartST13233996	RestingHeartRate	Adip1	0.18954432588563647
SAN__HCAHeartST13233997	RestingHeartRate	SAN_P_cell	0.5519857824719245
SAN__HCAHeartST13233997	RestingHeartRate	aCM1	0.678886248949463
SAN__HCAHeartST13233997	RestingHeartRate	aCM2	0.6497696843185606
SAN__HCAHeartST13233997	RestingHeartRate	aCM3	0.2429157510462313
SAN__HCAHeartST13233997	RestingHeartRate	aCM4	0.6997407692771589
SAN__HCAHeartST13233997	RestingHeartRate	FB1	0.4942287610956631
SAN__HCAHeartST13233997	RestingHeartRate	FB2	0.06302023059121302
SAN__HCAHeartST13233997	RestingHeartRate	FB4_activated	0.5526006271421533
SAN__HCAHeartST13233997	RestingHeartRate	NC1_glial	0.34865627379074243
SAN__HCAHeartST13233997	RestingHeartRate	NC2_glial_NGF+	0.5697085960745941
SAN__HCAHeartST13233997	RestingHeartRate	EC2_cap	0.6780356278911852
SAN__HCAHeartST13233997	RestingHeartRate	PC1_vent	0.7456972907547593
SAN__HCAHeartST13233997	RestingHeartRate	Adip1	0.4646572276543831
SAN__HCAHeartST13233998	RestingHeartRate	SAN_P_cell	0.4698031510480298
SAN__HCAHeartST13233998	RestingHeartRate	aCM1	0.4984664903503238
SAN__HCAHeartST13233998	RestingHeartRate	aCM2	0.48557505726919403
SAN__HCAHeartST13233998	RestingHeartRate	aCM3	0.21055497753467625
SAN__HCAHeartST13233998	RestingHeartRate	aCM4	0.6853792029575523
SAN__HCAHeartST13233998	RestingHeartRate	FB1	-0.07091218810699976
SAN__HCAHeartST13233998	RestingHeartRate	FB2	-0.2576112606429354
SAN__HCAHeartST13233998	RestingHeartRate	FB4_activated	0.3465505106365077
SAN__HCAHeartST13233998	RestingHeartRate	NC1_glial	-0.214604560641222
SAN__HCAHeartST13233998	RestingHeartRate	NC2_glial_NGF+	0.26151830731277304
SAN__HCAHeartST13233998	RestingHeartRate	EC2_cap	0.3856669380711425
SAN__HCAHeartST13233998	RestingHeartRate	PC1_vent	0.601365695377954
SAN__HCAHeartST13233998	RestingHeartRate	Adip1	-0.23394336506742258
SAN__HCAHeartST13233999	RestingHeartRate	SAN_P_cell	0.5734400495658494
SAN__HCAHeartST13233999	RestingHeartRate	aCM1	0.7507513082417395
SAN__HCAHeartST13233999	RestingHeartRate	aCM2	0.6948720599803451
SAN__HCAHeartST13233999	RestingHeartRate	aCM3	0.33672704932078384
SAN__HCAHeartST13233999	RestingHeartRate	aCM4	0.7663818176061403
SAN__HCAHeartST13233999	RestingHeartRate	FB1	0.27625430374169263
SAN__HCAHeartST13233999	RestingHeartRate	FB2	0.08326429684815964
SAN__HCAHeartST13233999	RestingHeartRate	FB4_activated	0.6387718816300276
SAN__HCAHeartST13233999	RestingHeartRate	NC1_glial	-0.008952157961964762
SAN__HCAHeartST13233999	RestingHeartRate	NC2_glial_NGF+	0.5309157561833197
SAN__HCAHeartST13233999	RestingHeartRate	EC2_cap	0.4513292599507464
SAN__HCAHeartST13233999	RestingHeartRate	PC1_vent	0.7365054380549689
SAN__HCAHeartST13233999	RestingHeartRate	Adip1	-0.3103851695166748
AVN__HCAHeartST11290657	AtrialFibrillation	aCM1	-0.04008064323094121
AVN__HCAHeartST11290657	AtrialFibrillation	aCM2	-0.0382815249144918
AVN__HCAHeartST11290657	AtrialFibrillation	aCM3	-0.1561877399849407
AVN__HCAHeartST11290657	AtrialFibrillation	aCM4	0.11042746878361755
AVN__HCAHeartST11290657	AtrialFibrillation	vCM1	0.3380967628412528
AVN__HCAHeartST11290657	AtrialFibrillation	vCM2	0.3397267889822716
AVN__HCAHeartST11290657	AtrialFibrillation	vCM3_stressed	0.11117465987384621
AVN__HCAHeartST11290657	AtrialFibrillation	FB1	0.300768622882502
AVN__HCAHeartST11290657	AtrialFibrillation	FB2	-0.051508248006696525
AVN__HCAHeartST11290657	AtrialFibrillation	FB4_activated	0.09684172286429762
AVN__HCAHeartST11290657	AtrialFibrillation	NC1_glial	0.28110598793677727
AVN__HCAHeartST11290657	AtrialFibrillation	NC2_glial_NGF+	0.11589006123974176
AVN__HCAHeartST11290657	AtrialFibrillation	EC2_cap	0.3691538166330528
AVN__HCAHeartST11290657	AtrialFibrillation	PC1_vent	0.35426325884827764
AVN__HCAHeartST11290657	AtrialFibrillation	Adip1	-0.021725372618920217
AVN__HCAHeartST11290658	AtrialFibrillation	AVN_bundle_cell	-0.13529592992397818
AVN__HCAHeartST11290658	AtrialFibrillation	aCM1	0.012820839386005643
AVN__HCAHeartST11290658	AtrialFibrillation	aCM2	-0.07590646933143602
AVN__HCAHeartST11290658	AtrialFibrillation	aCM3	-0.1775905667838502
AVN__HCAHeartST11290658	AtrialFibrillation	aCM4	0.40624305430328606
AVN__HCAHeartST11290658	AtrialFibrillation	vCM1	0.41014060246723505
AVN__HCAHeartST11290658	AtrialFibrillation	vCM2	0.4305597281439683
AVN__HCAHeartST11290658	AtrialFibrillation	vCM3_stressed	-0.0050471253406752445
AVN__HCAHeartST11290658	AtrialFibrillation	FB1	0.28217374304371295
AVN__HCAHeartST11290658	AtrialFibrillation	FB2	-0.15054464437196746
AVN__HCAHeartST11290658	AtrialFibrillation	FB4_activated	-0.0075114112045855845
AVN__HCAHeartST11290658	AtrialFibrillation	NC1_glial	0.25308252365570744
AVN__HCAHeartST11290658	AtrialFibrillation	NC2_glial_NGF+	-0.001037841954211853
AVN__HCAHeartST11290658	AtrialFibrillation	EC2_cap	0.4911069354346772
AVN__HCAHeartST11290658	AtrialFibrillation	PC1_vent	0.4360408578075509
AVN__HCAHeartST11290658	AtrialFibrillation	Adip1	0.18646139559602612
AVN__HCAHeartST11290659	AtrialFibrillation	AVN_bundle_cell	-0.111568225122961
AVN__HCAHeartST11290659	AtrialFibrillation	aCM1	0.07471903524487496
AVN__HCAHeartST11290659	AtrialFibrillation	aCM2	-0.019462720620303332
AVN__HCAHeartST11290659	AtrialFibrillation	aCM3	-0.10105635117431146
AVN__HCAHeartST11290659	AtrialFibrillation	aCM4	0.33013839318733806
AVN__HCAHeartST11290659	AtrialFibrillation	vCM1	0.2094131605046413
AVN__HCAHeartST11290659	AtrialFibrillation	vCM2	0.2528299960127837
AVN__HCAHeartST11290659	AtrialFibrillation	vCM3_stressed	0.003893830851808171
AVN__HCAHeartST11290659	AtrialFibrillation	FB1	0.28344397312176384
AVN__HCAHeartST11290659	AtrialFibrillation	FB2	-0.07124474416756761
AVN__HCAHeartST11290659	AtrialFibrillation	FB4_activated	0.05728148622195702
AVN__HCAHeartST11290659	AtrialFibrillation	NC1_glial	0.2668328045824311
AVN__HCAHeartST11290659	AtrialFibrillation	NC2_glial_NGF+	0.1270944429242451
AVN__HCAHeartST11290659	AtrialFibrillation	EC2_cap	0.32999336226238973
AVN__HCAHeartST11290659	AtrialFibrillation	PC1_vent	0.31169632758323185
AVN__HCAHeartST11290659	AtrialFibrillation	Adip1	0.20870500427543323
AVN__HCAHeartST11290662	AtrialFibrillation	aCM1	-0.14311350964226238
AVN__HCAHeartST11290662	AtrialFibrillation	aCM2	-0.13659908939747373
AVN__HCAHeartST11290662	AtrialFibrillation	aCM3	0.034922925021498304
AVN__HCAHeartST11290662	AtrialFibrillation	aCM4	0.0807422755285841
AVN__HCAHeartST11290662	AtrialFibrillation	vCM1	0.43913743479258527
AVN__HCAHeartST11290662	AtrialFibrillation	vCM2	0.4348251643152256
AVN__HCAHeartST11290662	AtrialFibrillation	vCM3_stressed	0.26936288424230354
AVN__HCAHeartST11290662	AtrialFibrillation	FB1	0.258997232087959
AVN__HCAHeartST11290662	AtrialFibrillation	FB2	-0.2395269472629054
AVN__HCAHeartST11290662	AtrialFibrillation	FB4_activated	0.11586476472845803
AVN__HCAHeartST11290662	AtrialFibrillation	NC1_glial	0.3740685182271439
AVN__HCAHeartST11290662	AtrialFibrillation	NC2_glial_NGF+	-0.032603072550714686
AVN__HCAHeartST11290662	AtrialFibrillation	EC2_cap	0.4910805573019683
AVN__HCAHeartST11290662	AtrialFibrillation	PC1_vent	0.4569069642414393
AVN__HCAHeartST11290662	AtrialFibrillation	Adip1	0.19211128365944188
AVN__HCAHeartST11350377	AtrialFibrillation	AVN_bundle_cell	0.11663900988247067
AVN__HCAHeartST11350377	AtrialFibrillation	aCM1	-0.07567335554563609
AVN__HCAHeartST11350377	AtrialFibrillation	aCM2	-0.058644653188757605
AVN__HCAHeartST11350377	AtrialFibrillation	aCM3	0.2830211079390204
AVN__HCAHeartST11350377	AtrialFibrillation	aCM4	0.001728456044248465
AVN__HCAHeartST11350377	AtrialFibrillation	vCM1	0.4263762476706302
AVN__HCAHeartST11350377	AtrialFibrillation	vCM2	0.4319068180356762
AVN__HCAHeartST11350377	AtrialFibrillation	vCM3_stressed	0.3622677271005026
AVN__HCAHeartST11350377	AtrialFibrillation	FB1	0.32560314865640433
AVN__HCAHeartST11350377	AtrialFibrillation	FB2	-0.24343143997251546
AVN__HCAHeartST11350377	AtrialFibrillation	FB4_activated	-0.00905784750649868
AVN__HCAHeartST11350377	AtrialFibrillation	NC1_glial	0.29490053875495653
AVN__HCAHeartST11350377	AtrialFibrillation	NC2_glial_NGF+	-0.125350046069812
AVN__HCAHeartST11350377	AtrialFibrillation	EC2_cap	0.48705625081027454
AVN__HCAHeartST11350377	AtrialFibrillation	PC1_vent	0.47633686679786286
AVN__HCAHeartST11350377	AtrialFibrillation	Adip1	0.30022879700879934
AVN__HCAHeartST12992074	AtrialFibrillation	AVN_bundle_cell	0.3494915421322916
AVN__HCAHeartST12992074	AtrialFibrillation	aCM1	0.3599276956081184
AVN__HCAHeartST12992074	AtrialFibrillation	aCM2	0.3121141094357286
AVN__HCAHeartST12992074	AtrialFibrillation	aCM3	0.2219650569592087
AVN__HCAHeartST12992074	AtrialFibrillation	aCM4	0.3858510806304347
AVN__HCAHeartST12992074	AtrialFibrillation	vCM1	0.46508551610846477
AVN__HCAHeartST12992074	AtrialFibrillation	vCM2	0.4585492663371362
AVN__HCAHeartST12992074	AtrialFibrillation	vCM3_stressed	0.3116215397720112
AVN__HCAHeartST12992074	AtrialFibrillation	FB1	0.5016198796051147
AVN__HCAHeartST12992074	AtrialFibrillation	FB2	0.22478275022761768
AVN__HCAHeartST12992074	AtrialFibrillation	FB4_activated	0.3461163791724411
AVN__HCAHeartST12992074	AtrialFibrillation	NC1_glial	0.4769217922147166
AVN__HCAHeartST12992074	AtrialFibrillation	NC2_glial_NGF+	0.3242302638416346
AVN__HCAHeartST12992074	AtrialFibrillation	EC2_cap	0.5453717060627078
AVN__HCAHeartST12992074	AtrialFibrillation	PC1_vent	0.5301615987168561
AVN__HCAHeartST12992074	AtrialFibrillation	Adip1	0.384015349795841
AVN__HCAHeartST12992075	AtrialFibrillation	AVN_bundle_cell	0.10443002470805232
AVN__HCAHeartST12992075	AtrialFibrillation	aCM1	0.16176015815259154
AVN__HCAHeartST12992075	AtrialFibrillation	aCM2	0.00490570778326452
AVN__HCAHeartST12992075	AtrialFibrillation	aCM3	0.5287565038440233
AVN__HCAHeartST12992075	AtrialFibrillation	aCM4	0.345514857668293
AVN__HCAHeartST12992075	AtrialFibrillation	vCM1	0.49298858971544207
AVN__HCAHeartST12992075	AtrialFibrillation	vCM2	0.43051771269767225
AVN__HCAHeartST12992075	AtrialFibrillation	vCM3_stressed	0.5480116177019806
AVN__HCAHeartST12992075	AtrialFibrillation	FB1	0.2996727535920149
AVN__HCAHeartST12992075	AtrialFibrillation	FB2	-0.4021745297069832
AVN__HCAHeartST12992075	AtrialFibrillation	FB4_activated	0.04619558475637643
AVN__HCAHeartST12992075	AtrialFibrillation	NC1_glial	0.3489907093231064
AVN__HCAHeartST12992075	AtrialFibrillation	NC2_glial_NGF+	-0.0923086128950759
AVN__HCAHeartST12992075	AtrialFibrillation	EC2_cap	0.5278879123331721
AVN__HCAHeartST12992075	AtrialFibrillation	PC1_vent	0.501377405788376
AVN__HCAHeartST12992075	AtrialFibrillation	Adip1	0.3720683422651604
AVN__HCAHeartST13228103	AtrialFibrillation	AVN_bundle_cell	0.3276098096515234
AVN__HCAHeartST13228103	AtrialFibrillation	aCM1	0.5147986676748318
AVN__HCAHeartST13228103	AtrialFibrillation	aCM2	0.4259195509103943
AVN__HCAHeartST13228103	AtrialFibrillation	aCM3	0.4023463848100808
AVN__HCAHeartST13228103	AtrialFibrillation	aCM4	0.49798952395903057
AVN__HCAHeartST13228103	AtrialFibrillation	vCM1	0.4850652135117369
AVN__HCAHeartST13228103	AtrialFibrillation	vCM2	0.4692684349449713
AVN__HCAHeartST13228103	AtrialFibrillation	vCM3_stressed	0.20079571063528007
AVN__HCAHeartST13228103	AtrialFibrillation	FB1	0.5396593908891417
AVN__HCAHeartST13228103	AtrialFibrillation	FB2	-0.026817122546167835
AVN__HCAHeartST13228103	AtrialFibrillation	FB4_activated	0.0414539251380348
AVN__HCAHeartST13228103	AtrialFibrillation	NC1_glial	0.5357841571442407
AVN__HCAHeartST13228103	AtrialFibrillation	NC2_glial_NGF+	0.3671399496375566
AVN__HCAHeartST13228103	AtrialFibrillation	EC2_cap	0.633733285927037
AVN__HCAHeartST13228103	AtrialFibrillation	PC1_vent	0.587146984138696
AVN__HCAHeartST13228103	AtrialFibrillation	Adip1	0.11880672396608569
SAN__HCAHeartST10659160	AtrialFibrillation	SAN_P_cell	-0.23896869826014283
SAN__HCAHeartST10659160	AtrialFibrillation	aCM1	-0.06833403353292677
SAN__HCAHeartST10659160	AtrialFibrillation	aCM2	-0.013535533268114252
SAN__HCAHeartST10659160	AtrialFibrillation	aCM3	-0.168201387705102
SAN__HCAHeartST10659160	AtrialFibrillation	aCM4	0.3432046753605264
SAN__HCAHeartST10659160	AtrialFibrillation	FB1	-0.1081503608479323
SAN__HCAHeartST10659160	AtrialFibrillation	FB2	-0.18360721671820374
SAN__HCAHeartST10659160	AtrialFibrillation	FB4_activated	-0.2022295352423012
SAN__HCAHeartST10659160	AtrialFibrillation	NC1_glial	-0.10446633890389673
SAN__HCAHeartST10659160	AtrialFibrillation	NC2_glial_NGF+	-0.18167931106109356
SAN__HCAHeartST10659160	AtrialFibrillation	EC2_cap	0.028690674313284738
SAN__HCAHeartST10659160	AtrialFibrillation	PC1_vent	-0.1246560187916883
SAN__HCAHeartST10659160	AtrialFibrillation	Adip1	-0.12349482592240058
SAN__HCAHeartST12992072	AtrialFibrillation	SAN_P_cell	0.3625191478899903
SAN__HCAHeartST12992072	AtrialFibrillation	aCM1	0.5757855153524085
SAN__HCAHeartST12992072	AtrialFibrillation	aCM2	0.440956438559942
SAN__HCAHeartST12992072	AtrialFibrillation	aCM3	0.06974466427597528
SAN__HCAHeartST12992072	AtrialFibrillation	aCM4	0.6628878919069938
SAN__HCAHeartST12992072	AtrialFibrillation	FB1	0.4820722905908174
SAN__HCAHeartST12992072	AtrialFibrillation	FB2	0.5496067641457411
SAN__HCAHeartST12992072	AtrialFibrillation	FB4_activated	0.4576715739745701
SAN__HCAHeartST12992072	AtrialFibrillation	NC1_glial	0.02281015832527276
SAN__HCAHeartST12992072	AtrialFibrillation	NC2_glial_NGF+	0.5099430416743215
SAN__HCAHeartST12992072	AtrialFibrillation	EC2_cap	0.6018713012548118
SAN__HCAHeartST12992072	AtrialFibrillation	PC1_vent	0.5607161561263939
SAN__HCAHeartST12992072	AtrialFibrillation	Adip1	0.3633301373476905
SAN__HCAHeartST13228105	AtrialFibrillation	SAN_P_cell	0.6283727762426224
SAN__HCAHeartST13228105	AtrialFibrillation	aCM1	0.6117937646628452
SAN__HCAHeartST13228105	AtrialFibrillation	aCM2	0.37588807816859543
SAN__HCAHeartST13228105	AtrialFibrillation	aCM3	0.17584179645240433
SAN__HCAHeartST13228105	AtrialFibrillation	aCM4	0.6521139866856113
SAN__HCAHeartST13228105	AtrialFibrillation	FB1	0.5929593992864025
SAN__HCAHeartST13228105	AtrialFibrillation	FB2	0.5082551618214018
SAN__HCAHeartST13228105	AtrialFibrillation	FB4_activated	0.6241872721547582
SAN__HCAHeartST13228105	AtrialFibrillation	NC1_glial	0.01658153476013704
SAN__HCAHeartST13228105	AtrialFibrillation	NC2_glial_NGF+	0.5674776270381549
SAN__HCAHeartST13228105	AtrialFibrillation	EC2_cap	0.636081758980801
SAN__HCAHeartST13228105	AtrialFibrillation	PC1_vent	0.6476151092322141
SAN__HCAHeartST13228105	AtrialFibrillation	Adip1	-0.4159445675423312
SAN__HCAHeartST13228106	AtrialFibrillation	SAN_P_cell	0.188310427211318
SAN__HCAHeartST13228106	AtrialFibrillation	aCM1	0.419675029796871
SAN__HCAHeartST13228106	AtrialFibrillation	aCM2	0.33245690055189536
SAN__HCAHeartST13228106	AtrialFibrillation	aCM3	-0.09640839338308407
SAN__HCAHeartST13228106	AtrialFibrillation	aCM4	0.529689882586504
SAN__HCAHeartST13228106	AtrialFibrillation	FB1	0.4597634930873033
SAN__HCAHeartST13228106	AtrialFibrillation	FB2	0.04371323744591202
SAN__HCAHeartST13228106	AtrialFibrillation	FB4_activated	-0.00015061928495293208
SAN__HCAHeartST13228106	AtrialFibrillation	NC1_glial	0.014375341347963996
SAN__HCAHeartST13228106	AtrialFibrillation	NC2_glial_NGF+	0.06389930902799472
SAN__HCAHeartST13228106	AtrialFibrillation	EC2_cap	0.45093786985470513
SAN__HCAHeartST13228106	AtrialFibrillation	PC1_vent	0.3192990361761647
SAN__HCAHeartST13228106	AtrialFibrillation	Adip1	0.06822488570257086
SAN__HCAHeartST13233996	AtrialFibrillation	SAN_P_cell	0.5544169546372352
SAN__HCAHeartST13233996	AtrialFibrillation	aCM1	0.6836869159570188
SAN__HCAHeartST13233996	AtrialFibrillation	aCM2	0.6212664595362268
SAN__HCAHeartST13233996	AtrialFibrillation	aCM3	0.3196807191438521
SAN__HCAHeartST13233996	AtrialFibrillation	aCM4	0.6224357135952217
SAN__HCAHeartST13233996	AtrialFibrillation	FB1	0.5699043830487996
SAN__HCAHeartST13233996	AtrialFibrillation	FB2	0.4171073665655413
SAN__HCAHeartST13233996	AtrialFibrillation	FB4_activated	0.5395507964202223
SAN__HCAHeartST13233996	AtrialFibrillation	NC1_glial	0.4528952443481167
SAN__HCAHeartST13233996	AtrialFibrillation	NC2_glial_NGF+	0.5245241788924754
SAN__HCAHeartST13233996	AtrialFibrillation	EC2_cap	0.6184558467819291
SAN__HCAHeartST13233996	AtrialFibrillation	PC1_vent	0.654062467612108
SAN__HCAHeartST13233996	AtrialFibrillation	Adip1	0.16036278064420528
SAN__HCAHeartST13233997	AtrialFibrillation	SAN_P_cell	0.40624466696629974
SAN__HCAHeartST13233997	AtrialFibrillation	aCM1	0.5530730330525372
SAN__HCAHeartST13233997	AtrialFibrillation	aCM2	0.544385787609387
SAN__HCAHeartST13233997	AtrialFibrillation	aCM3	0.18480686574593416
SAN__HCAHeartST13233997	AtrialFibrillation	aCM4	0.6312955424068786
SAN__HCAHeartST13233997	AtrialFibrillation	FB1	0.3455379256123688
SAN__HCAHeartST13233997	AtrialFibrillation	FB2	-0.08194904826511638
SAN__HCAHeartST13233997	AtrialFibrillation	FB4_activated	0.45487421761876456
SAN__HCAHeartST13233997	AtrialFibrillation	NC1_glial	0.1948570330497237
SAN__HCAHeartST13233997	AtrialFibrillation	NC2_glial_NGF+	0.4219716668116586
SAN__HCAHeartST13233997	AtrialFibrillation	EC2_cap	0.5885613919677627
SAN__HCAHeartST13233997	AtrialFibrillation	PC1_vent	0.646056514319924
SAN__HCAHeartST13233997	AtrialFibrillation	Adip1	0.38451444767174064
SAN__HCAHeartST13233998	AtrialFibrillation	SAN_P_cell	0.3214617847722587
SAN__HCAHeartST13233998	AtrialFibrillation	aCM1	0.40251249789320215
SAN__HCAHeartST13233998	AtrialFibrillation	aCM2	0.40982698124271894
SAN__HCAHeartST13233998	AtrialFibrillation	aCM3	0.1920649481819843
SAN__HCAHeartST13233998	AtrialFibrillation	aCM4	0.6046197535578125
SAN__HCAHeartST13233998	AtrialFibrillation	FB1	-0.15530329596153525
SAN__HCAHeartST13233998	AtrialFibrillation	FB2	-0.32997281762686986
SAN__HCAHeartST13233998	AtrialFibrillation	FB4_activated	0.31304723159433945
SAN__HCAHeartST13233998	AtrialFibrillation	NC1_glial	-0.24292591175833142
SAN__HCAHeartST13233998	AtrialFibrillation	NC2_glial_NGF+	0.11911533037869142
SAN__HCAHeartST13233998	AtrialFibrillation	EC2_cap	0.29104937349398674
SAN__HCAHeartST13233998	AtrialFibrillation	PC1_vent	0.5040331162453694
SAN__HCAHeartST13233998	AtrialFibrillation	Adip1	-0.20854152993576888
SAN__HCAHeartST13233999	AtrialFibrillation	SAN_P_cell	0.4367261167893286
SAN__HCAHeartST13233999	AtrialFibrillation	aCM1	0.6466880268092831
SAN__HCAHeartST13233999	AtrialFibrillation	aCM2	0.6015068128750257
SAN__HCAHeartST13233999	AtrialFibrillation	aCM3	0.25449434650649994
SAN__HCAHeartST13233999	AtrialFibrillation	aCM4	0.6631216754670484
SAN__HCAHeartST13233999	AtrialFibrillation	FB1	0.19510480238791417
SAN__HCAHeartST13233999	AtrialFibrillation	FB2	0.004812219553461567
SAN__HCAHeartST13233999	AtrialFibrillation	FB4_activated	0.5315640331369877
SAN__HCAHeartST13233999	AtrialFibrillation	NC1_glial	-0.07441616127417072
SAN__HCAHeartST13233999	AtrialFibrillation	NC2_glial_NGF+	0.40607942686322795
SAN__HCAHeartST13233999	AtrialFibrillation	EC2_cap	0.3747936529485271
SAN__HCAHeartST13233999	AtrialFibrillation	PC1_vent	0.6299293152096923
SAN__HCAHeartST13233999	AtrialFibrillation	Adip1	-0.27069273989120807
AVN__HCAHeartST11290657	PRinterval	aCM1	-0.1304857107878583
AVN__HCAHeartST11290657	PRinterval	aCM2	-0.1354660437261596
AVN__HCAHeartST11290657	PRinterval	aCM3	-0.27116492705255413
AVN__HCAHeartST11290657	PRinterval	aCM4	0.13991350800904137
AVN__HCAHeartST11290657	PRinterval	vCM1	0.524410630621688
AVN__HCAHeartST11290657	PRinterval	vCM2	0.489004130489344
AVN__HCAHeartST11290657	PRinterval	vCM3_stressed	0.18196551967283764
AVN__HCAHeartST11290657	PRinterval	FB1	0.35689055077914256
AVN__HCAHeartST11290657	PRinterval	FB2	-0.21247023756757635
AVN__HCAHeartST11290657	PRinterval	FB4_activated	0.023212532276724426
AVN__HCAHeartST11290657	PRinterval	NC1_glial	0.33715750390562804
AVN__HCAHeartST11290657	PRinterval	NC2_glial_NGF+	0.0534079786636028
AVN__HCAHeartST11290657	PRinterval	EC2_cap	0.4911847161741939
AVN__HCAHeartST11290657	PRinterval	PC1_vent	0.4560772073739273
AVN__HCAHeartST11290657	PRinterval	Adip1	-0.014608619667847543
AVN__HCAHeartST11290658	PRinterval	AVN_bundle_cell	-0.2096666519732953
AVN__HCAHeartST11290658	PRinterval	aCM1	0.005409235234276905
AVN__HCAHeartST11290658	PRinterval	aCM2	-0.11621625036605775
AVN__HCAHeartST11290658	PRinterval	aCM3	-0.26670364739318236
AVN__HCAHeartST11290658	PRinterval	aCM4	0.5121832236308019
AVN__HCAHeartST11290658	PRinterval	vCM1	0.5321443550255751
AVN__HCAHeartST11290658	PRinterval	vCM2	0.5660379206764925
AVN__HCAHeartST11290658	PRinterval	vCM3_stressed	-0.0328111908291739
AVN__HCAHeartST11290658	PRinterval	FB1	0.37680237920312953
AVN__HCAHeartST11290658	PRinterval	FB2	-0.21047767778629028
AVN__HCAHeartST11290658	PRinterval	FB4_activated	-0.038120201198339206
AVN__HCAHeartST11290658	PRinterval	NC1_glial	0.31331842610134714
AVN__HCAHeartST11290658	PRinterval	NC2_glial_NGF+	-0.016748224811811048
AVN__HCAHeartST11290658	PRinterval	EC2_cap	0.6343403077380252
AVN__HCAHeartST11290658	PRinterval	PC1_vent	0.5563159204379383
AVN__HCAHeartST11290658	PRinterval	Adip1	0.2600530673728619
AVN__HCAHeartST11290659	PRinterval	AVN_bundle_cell	-0.13971412828413407
AVN__HCAHeartST11290659	PRinterval	aCM1	0.1360866527220918
AVN__HCAHeartST11290659	PRinterval	aCM2	0.019725907286290315
AVN__HCAHeartST11290659	PRinterval	aCM3	-0.11021866166644673
AVN__HCAHeartST11290659	PRinterval	aCM4	0.478154823243466
AVN__HCAHeartST11290659	PRinterval	vCM1	0.3705304030739167
AVN__HCAHeartST11290659	PRinterval	vCM2	0.42894722855312395
AVN__HCAHeartST11290659	PRinterval	vCM3_stressed	0.0549020151410084
AVN__HCAHeartST11290659	PRinterval	FB1	0.4115003877039888
AVN__HCAHeartST11290659	PRinterval	FB2	-0.1073577081379173
AVN__HCAHeartST11290659	PRinterval	FB4_activated	0.05383750402808229
AVN__HCAHeartST11290659	PRinterval	NC1_glial	0.42024308187568643
AVN__HCAHeartST11290659	PRinterval	NC2_glial_NGF+	0.19025663596164
AVN__HCAHeartST11290659	PRinterval	EC2_cap	0.5183899768028722
AVN__HCAHeartST11290659	PRinterval	PC1_vent	0.4860848854323382
AVN__HCAHeartST11290659	PRinterval	Adip1	0.30190724525790436
AVN__HCAHeartST11290662	PRinterval	aCM1	-0.19803572627070423
AVN__HCAHeartST11290662	PRinterval	aCM2	-0.21584059160305383
AVN__HCAHeartST11290662	PRinterval	aCM3	-0.09102776082037982
AVN__HCAHeartST11290662	PRinterval	aCM4	0.15330080681317892
AVN__HCAHeartST11290662	PRinterval	vCM1	0.4956473922606311
AVN__HCAHeartST11290662	PRinterval	vCM2	0.49655778347830865
AVN__HCAHeartST11290662	PRinterval	vCM3_stressed	0.19199975267563726
AVN__HCAHeartST11290662	PRinterval	FB1	0.303075611521408
AVN__HCAHeartST11290662	PRinterval	FB2	-0.3431085697010653
AVN__HCAHeartST11290662	PRinterval	FB4_activated	0.04488023262283465
AVN__HCAHeartST11290662	PRinterval	NC1_glial	0.4212848883883965
AVN__HCAHeartST11290662	PRinterval	NC2_glial_NGF+	-0.0661951166100161
AVN__HCAHeartST11290662	PRinterval	EC2_cap	0.5819306173410661
AVN__HCAHeartST11290662	PRinterval	PC1_vent	0.5160736559195336
AVN__HCAHeartST11290662	PRinterval	Adip1	0.24822458968374353
AVN__HCAHeartST11350377	PRinterval	AVN_bundle_cell	0.14039142686980244
AVN__HCAHeartST11350377	PRinterval	aCM1	-0.05569241910675474
AVN__HCAHeartST11350377	PRinterval	aCM2	-0.030666905209967295
AVN__HCAHeartST11350377	PRinterval	aCM3	0.39562274659449376
AVN__HCAHeartST11350377	PRinterval	aCM4	0.02802644456698731
AVN__HCAHeartST11350377	PRinterval	vCM1	0.5874483095937642
AVN__HCAHeartST11350377	PRinterval	vCM2	0.6051195885348187
AVN__HCAHeartST11350377	PRinterval	vCM3_stressed	0.4958861403812226
AVN__HCAHeartST11350377	PRinterval	FB1	0.45787115252510113
AVN__HCAHeartST11350377	PRinterval	FB2	-0.30275112279819216
AVN__HCAHeartST11350377	PRinterval	FB4_activated	-0.0035568513724198777
AVN__HCAHeartST11350377	PRinterval	NC1_glial	0.41873071406258694
AVN__HCAHeartST11350377	PRinterval	NC2_glial_NGF+	-0.15390079712444
AVN__HCAHeartST11350377	PRinterval	EC2_cap	0.6725460829874537
AVN__HCAHeartST11350377	PRinterval	PC1_vent	0.6489968133540729
AVN__HCAHeartST11350377	PRinterval	Adip1	0.43651989858032864
AVN__HCAHeartST12992074	PRinterval	AVN_bundle_cell	0.4187734076513069
AVN__HCAHeartST12992074	PRinterval	aCM1	0.4500771459892652
AVN__HCAHeartST12992074	PRinterval	aCM2	0.4162983006038222
AVN__HCAHeartST12992074	PRinterval	aCM3	0.1676223510488957
AVN__HCAHeartST12992074	PRinterval	aCM4	0.47783259786202525
AVN__HCAHeartST12992074	PRinterval	vCM1	0.5786384642513595
AVN__HCAHeartST12992074	PRinterval	vCM2	0.5536797714101336
AVN__HCAHeartST12992074	PRinterval	vCM3_stressed	0.324038688319999
AVN__HCAHeartST12992074	PRinterval	FB1	0.5950137808847943
AVN__HCAHeartST12992074	PRinterval	FB2	0.27586660051649115
AVN__HCAHeartST12992074	PRinterval	FB4_activated	0.3836537134363429
AVN__HCAHeartST12992074	PRinterval	NC1_glial	0.5628293762728173
AVN__HCAHeartST12992074	PRinterval	NC2_glial_NGF+	0.39306945761497675
AVN__HCAHeartST12992074	PRinterval	EC2_cap	0.6514426778712582
AVN__HCAHeartST12992074	PRinterval	PC1_vent	0.6238757376846724
AVN__HCAHeartST12992074	PRinterval	Adip1	0.4643662868016788
AVN__HCAHeartST12992075	PRinterval	AVN_bundle_cell	0.14741079015587202
AVN__HCAHeartST12992075	PRinterval	aCM1	0.23619599714180978
AVN__HCAHeartST12992075	PRinterval	aCM2	0.04051672911082512
AVN__HCAHeartST12992075	PRinterval	aCM3	0.6198502190405598
AVN__HCAHeartST12992075	PRinterval	aCM4	0.419676564059064
AVN__HCAHeartST12992075	PRinterval	vCM1	0.6299343882694981
AVN__HCAHeartST12992075	PRinterval	vCM2	0.5475201283317713
AVN__HCAHeartST12992075	PRinterval	vCM3_stressed	0.6516772377956034
AVN__HCAHeartST12992075	PRinterval	FB1	0.3782060511745335
AVN__HCAHeartST12992075	PRinterval	FB2	-0.46564416571882805
AVN__HCAHeartST12992075	PRinterval	FB4_activated	0.057335071890775094
AVN__HCAHeartST12992075	PRinterval	NC1_glial	0.43094652928947064
AVN__HCAHeartST12992075	PRinterval	NC2_glial_NGF+	-0.08587248819384743
AVN__HCAHeartST12992075	PRinterval	EC2_cap	0.6594303338355917
AVN__HCAHeartST12992075	PRinterval	PC1_vent	0.6293206094206922
AVN__HCAHeartST12992075	PRinterval	Adip1	0.46793587583871327
AVN__HCAHeartST13228103	PRinterval	AVN_bundle_cell	0.4476788193663783
AVN__HCAHeartST13228103	PRinterval	aCM1	0.46123902885904033
AVN__HCAHeartST13228103	PRinterval	aCM2	0.3784869316439843
AVN__HCAHeartST13228103	PRinterval	aCM3	0.294037074037649
AVN__HCAHeartST13228103	PRinterval	aCM4	0.4631704481140376
AVN__HCAHeartST13228103	PRinterval	vCM1	0.5831129013729232
AVN__HCAHeartST13228103	PRinterval	vCM2	0.49384661000767627
AVN__HCAHeartST13228103	PRinterval	vCM3_stressed	0.22767949791756753
AVN__HCAHeartST13228103	PRinterval	FB1	0.5131458126607359
AVN__HCAHeartST13228103	PRinterval	FB2	-0.03787785000320755
AVN__HCAHeartST13228103	PRinterval	FB4_activated	0.13395380328225534
AVN__HCAHeartST13228103	PRinterval	NC1_glial	0.5575910380851085
AVN__HCAHeartST13228103	PRinterval	NC2_glial_NGF+	0.44414593425108256
AVN__HCAHeartST13228103	PRinterval	EC2_cap	0.63996945971582
AVN__HCAHeartST13228103	PRinterval	PC1_vent	0.5589644508004317
AVN__HCAHeartST13228103	PRinterval	Adip1	-0.04100296703645811
SAN__HCAHeartST10659160	PRinterval	SAN_P_cell	-0.1935742573127122
SAN__HCAHeartST10659160	PRinterval	aCM1	0.021399954449210116
SAN__HCAHeartST10659160	PRinterval	aCM2	0.03450561741082207
SAN__HCAHeartST10659160	PRinterval	aCM3	-0.12370115537307685
SAN__HCAHeartST10659160	PRinterval	aCM4	0.4336158619939458
SAN__HCAHeartST10659160	PRinterval	FB1	-0.08774338653042293
SAN__HCAHeartST10659160	PRinterval	FB2	-0.16491115828481864
SAN__HCAHeartST10659160	PRinterval	FB4_activated	-0.18157263598400902
SAN__HCAHeartST10659160	PRinterval	NC1_glial	-0.06866195921125694
SAN__HCAHeartST10659160	PRinterval	NC2_glial_NGF+	-0.1613020026010057
SAN__HCAHeartST10659160	PRinterval	EC2_cap	0.07322799735015931
SAN__HCAHeartST10659160	PRinterval	PC1_vent	-0.09161888591495415
SAN__HCAHeartST10659160	PRinterval	Adip1	-0.16965258682127093
SAN__HCAHeartST12992072	PRinterval	SAN_P_cell	0.365186042172841
SAN__HCAHeartST12992072	PRinterval	aCM1	0.6688682079350309
SAN__HCAHeartST12992072	PRinterval	aCM2	0.5213906130795539
SAN__HCAHeartST12992072	PRinterval	aCM3	-0.021710977689087547
SAN__HCAHeartST12992072	PRinterval	aCM4	0.7616810785167575
SAN__HCAHeartST12992072	PRinterval	FB1	0.5738770741976794
SAN__HCAHeartST12992072	PRinterval	FB2	0.651763867141053
SAN__HCAHeartST12992072	PRinterval	FB4_activated	0.45072567503512667
SAN__HCAHeartST12992072	PRinterval	NC1_glial	-0.011767027106480267
SAN__HCAHeartST12992072	PRinterval	NC2_glial_NGF+	0.6123244292798677
SAN__HCAHeartST12992072	PRinterval	EC2_cap	0.698541794249614
SAN__HCAHeartST12992072	PRinterval	PC1_vent	0.6388396446709015
SAN__HCAHeartST12992072	PRinterval	Adip1	0.41243176125926706
SAN__HCAHeartST13228105	PRinterval	SAN_P_cell	0.7024010157585769
SAN__HCAHeartST13228105	PRinterval	aCM1	0.6702368673389416
SAN__HCAHeartST13228105	PRinterval	aCM2	0.44219230224752126
SAN__HCAHeartST13228105	PRinterval	aCM3	0.1712538972355046
SAN__HCAHeartST13228105	PRinterval	aCM4	0.7368965844106279
SAN__HCAHeartST13228105	PRinterval	FB1	0.6184310582738591
SAN__HCAHeartST13228105	PRinterval	FB2	0.5301552060812164
SAN__HCAHeartST13228105	PRinterval	FB4_activated	0.67201368452319
SAN__HCAHeartST13228105	PRinterval	NC1_glial	-0.03967256860158647
SAN__HCAHeartST13228105	PRinterval	NC2_glial_NGF+	0.6106921670796936
SAN__HCAHeartST13228105	PRinterval	EC2_cap	0.6692367812884059
SAN__HCAHeartST13228105	PRinterval	PC1_vent	0.686353350361033
SAN__HCAHeartST13228105	PRinterval	Adip1	-0.40769553257004537
SAN__HCAHeartST13228106	PRinterval	SAN_P_cell	0.207997876275667
SAN__HCAHeartST13228106	PRinterval	aCM1	0.5953121005977644
SAN__HCAHeartST13228106	PRinterval	aCM2	0.5097758035901024
SAN__HCAHeartST13228106	PRinterval	aCM3	-0.13850969028040572
SAN__HCAHeartST13228106	PRinterval	aCM4	0.73081849148331
SAN__HCAHeartST13228106	PRinterval	FB1	0.5630781010350531
SAN__HCAHeartST13228106	PRinterval	FB2	-0.018423595816357913
SAN__HCAHeartST13228106	PRinterval	FB4_activated	-0.11291195746799114
SAN__HCAHeartST13228106	PRinterval	NC1_glial	-0.0421077341345974
SAN__HCAHeartST13228106	PRinterval	NC2_glial_NGF+	0.020613102597028556
SAN__HCAHeartST13228106	PRinterval	EC2_cap	0.5379068141752016
SAN__HCAHeartST13228106	PRinterval	PC1_vent	0.35686349257505573
SAN__HCAHeartST13228106	PRinterval	Adip1	0.09046775013996537
SAN__HCAHeartST13233996	PRinterval	SAN_P_cell	0.631853181767302
SAN__HCAHeartST13233996	PRinterval	aCM1	0.7514713951231293
SAN__HCAHeartST13233996	PRinterval	aCM2	0.6838006416259227
SAN__HCAHeartST13233996	PRinterval	aCM3	0.3360436147188487
SAN__HCAHeartST13233996	PRinterval	aCM4	0.6798298294278149
SAN__HCAHeartST13233996	PRinterval	FB1	0.6366851377533386
SAN__HCAHeartST13233996	PRinterval	FB2	0.47820815106040027
SAN__HCAHeartST13233996	PRinterval	FB4_activated	0.5954075494239045
SAN__HCAHeartST13233996	PRinterval	NC1_glial	0.5180725329593221
SAN__HCAHeartST13233996	PRinterval	NC2_glial_NGF+	0.5978848157703291
SAN__HCAHeartST13233996	PRinterval	EC2_cap	0.6755688030391356
SAN__HCAHeartST13233996	PRinterval	PC1_vent	0.7116573829646482
SAN__HCAHeartST13233996	PRinterval	Adip1	0.17297661583162066
SAN__HCAHeartST13233997	PRinterval	SAN_P_cell	0.5007355938070395
SAN__HCAHeartST13233997	PRinterval	aCM1	0.6236716197954459
SAN__HCAHeartST13233997	PRinterval	aCM2	0.6145647450981798
SAN__HCAHeartST13233997	PRinterval	aCM3	0.20672877608745943
SAN__HCAHeartST13233997	PRinterval	aCM4	0.6898937269724592
SAN__HCAHeartST13233997	PRinterval	FB1	0.40464096083937134
SAN__HCAHeartST13233997	PRinterval	FB2	-0.013457622427318695
SAN__HCAHeartST13233997	PRinterval	FB4_activated	0.5044561819828391
SAN__HCAHeartST13233997	PRinterval	NC1_glial	0.2551359884268915
SAN__HCAHeartST13233997	PRinterval	NC2_glial_NGF+	0.5018643426077661
SAN__HCAHeartST13233997	PRinterval	EC2_cap	0.6319088661630218
SAN__HCAHeartST13233997	PRinterval	PC1_vent	0.7015975779178638
SAN__HCAHeartST13233997	PRinterval	Adip1	0.42579580580227716
SAN__HCAHeartST13233998	PRinterval	SAN_P_cell	0.4120889988620288
SAN__HCAHeartST13233998	PRinterval	aCM1	0.5200897186863777
SAN__HCAHeartST13233998	PRinterval	aCM2	0.5202446371611911
SAN__HCAHeartST13233998	PRinterval	aCM3	0.23386219648034645
SAN__HCAHeartST13233998	PRinterval	aCM4	0.7114005261116042
SAN__HCAHeartST13233998	PRinterval	FB1	-0.12047965985680283
SAN__HCAHeartST13233998	PRinterval	FB2	-0.2911412817587453
SAN__HCAHeartST13233998	PRinterval	FB4_activated	0.3785364264580537
SAN__HCAHeartST13233998	PRinterval	NC1_glial	-0.24014287261016137
SAN__HCAHeartST13233998	PRinterval	NC2_glial_NGF+	0.2240169938475374
SAN__HCAHeartST13233998	PRinterval	EC2_cap	0.3571420246537415
SAN__HCAHeartST13233998	PRinterval	PC1_vent	0.5872546237883765
SAN__HCAHeartST13233998	PRinterval	Adip1	-0.2256594257853394
SAN__HCAHeartST13233999	PRinterval	SAN_P_cell	0.49448858621051184
SAN__HCAHeartST13233999	PRinterval	aCM1	0.7198408128238308
SAN__HCAHeartST13233999	PRinterval	aCM2	0.6730779337581608
SAN__HCAHeartST13233999	PRinterval	aCM3	0.2632869685691374
SAN__HCAHeartST13233999	PRinterval	aCM4	0.7430170655183346
SAN__HCAHeartST13233999	PRinterval	FB1	0.2036179109506402
SAN__HCAHeartST13233999	PRinterval	FB2	0.0362355094043593
SAN__HCAHeartST13233999	PRinterval	FB4_activated	0.6009787305548201
SAN__HCAHeartST13233999	PRinterval	NC1_glial	-0.09377757914874714
SAN__HCAHeartST13233999	PRinterval	NC2_glial_NGF+	0.46065952392195403
SAN__HCAHeartST13233999	PRinterval	EC2_cap	0.3997237663333992
SAN__HCAHeartST13233999	PRinterval	PC1_vent	0.6847448062364903
SAN__HCAHeartST13233999	PRinterval	Adip1	-0.32141905410946214
SAN__HCAHeartST10659160	HRV_RMSSD	SAN_P_cell	-0.4129541158826283
SAN__HCAHeartST10659160	HRV_RMSSD	aCM1	-0.22003841957513726
SAN__HCAHeartST10659160	HRV_RMSSD	aCM2	-0.08487229189191352
SAN__HCAHeartST10659160	HRV_RMSSD	aCM3	-0.3261840645118807
SAN__HCAHeartST10659160	HRV_RMSSD	aCM4	0.2838579568934856
SAN__HCAHeartST10659160	HRV_RMSSD	FB1	-0.20047516150939126
SAN__HCAHeartST10659160	HRV_RMSSD	FB2	-0.3320276297462661
SAN__HCAHeartST10659160	HRV_RMSSD	FB4_activated	-0.3905114642525269
SAN__HCAHeartST10659160	HRV_RMSSD	NC1_glial	-0.26895597673439614
SAN__HCAHeartST10659160	HRV_RMSSD	NC2_glial_NGF+	-0.34644296071510355
SAN__HCAHeartST10659160	HRV_RMSSD	EC2_cap	-0.12626021385184993
SAN__HCAHeartST10659160	HRV_RMSSD	PC1_vent	-0.3104192792061476
SAN__HCAHeartST10659160	HRV_RMSSD	Adip1	-0.10330559161487413
SAN__HCAHeartST12992072	HRV_RMSSD	SAN_P_cell	-0.13838772773237257
SAN__HCAHeartST12992072	HRV_RMSSD	aCM1	0.047833101252592006
SAN__HCAHeartST12992072	HRV_RMSSD	aCM2	0.04584211082071027
SAN__HCAHeartST12992072	HRV_RMSSD	aCM3	-0.04199915599829957
SAN__HCAHeartST12992072	HRV_RMSSD	aCM4	0.08062206524243722
SAN__HCAHeartST12992072	HRV_RMSSD	FB1	0.07777954189535283
SAN__HCAHeartST12992072	HRV_RMSSD	FB2	0.072923611457594
SAN__HCAHeartST12992072	HRV_RMSSD	FB4_activated	0.06550532877500119
SAN__HCAHeartST12992072	HRV_RMSSD	NC1_glial	-0.03241153215300893
SAN__HCAHeartST12992072	HRV_RMSSD	NC2_glial_NGF+	0.05087408726068463
SAN__HCAHeartST12992072	HRV_RMSSD	EC2_cap	0.0871398301271509
SAN__HCAHeartST12992072	HRV_RMSSD	PC1_vent	0.05538756224952978
SAN__HCAHeartST12992072	HRV_RMSSD	Adip1	-0.01501522498103947
SAN__HCAHeartST13228105	HRV_RMSSD	SAN_P_cell	-0.3127630070980772
SAN__HCAHeartST13228105	HRV_RMSSD	aCM1	-0.2781429615482755
SAN__HCAHeartST13228105	HRV_RMSSD	aCM2	-0.17085895288796363
SAN__HCAHeartST13228105	HRV_RMSSD	aCM3	-0.1326874082722675
SAN__HCAHeartST13228105	HRV_RMSSD	aCM4	-0.26357985494965275
SAN__HCAHeartST13228105	HRV_RMSSD	FB1	-0.30677498425052735
SAN__HCAHeartST13228105	HRV_RMSSD	FB2	-0.36884703383133327
SAN__HCAHeartST13228105	HRV_RMSSD	FB4_activated	-0.3680803898892341
SAN__HCAHeartST13228105	HRV_RMSSD	NC1_glial	-0.11354132373807926
SAN__HCAHeartST13228105	HRV_RMSSD	NC2_glial_NGF+	-0.36788822318800474
SAN__HCAHeartST13228105	HRV_RMSSD	EC2_cap	-0.28693243399917556
SAN__HCAHeartST13228105	HRV_RMSSD	PC1_vent	-0.34053284179726007
SAN__HCAHeartST13228105	HRV_RMSSD	Adip1	0.2805954246568313
SAN__HCAHeartST13228106	HRV_RMSSD	SAN_P_cell	-0.06228081816936167
SAN__HCAHeartST13228106	HRV_RMSSD	aCM1	-0.010694348002161465
SAN__HCAHeartST13228106	HRV_RMSSD	aCM2	-0.002864882352123934
SAN__HCAHeartST13228106	HRV_RMSSD	aCM3	-0.1547312667054171
SAN__HCAHeartST13228106	HRV_RMSSD	aCM4	0.03248949856976527
SAN__HCAHeartST13228106	HRV_RMSSD	FB1	-0.019366600822690892
SAN__HCAHeartST13228106	HRV_RMSSD	FB2	-0.06299076407191358
SAN__HCAHeartST13228106	HRV_RMSSD	FB4_activated	-0.08881406867863559
SAN__HCAHeartST13228106	HRV_RMSSD	NC1_glial	-0.10716013271672041
SAN__HCAHeartST13228106	HRV_RMSSD	NC2_glial_NGF+	-0.11749364054736525
SAN__HCAHeartST13228106	HRV_RMSSD	EC2_cap	-0.00311741323782207
SAN__HCAHeartST13228106	HRV_RMSSD	PC1_vent	-0.07756638629509686
SAN__HCAHeartST13228106	HRV_RMSSD	Adip1	-0.07502429272425697
SAN__HCAHeartST13233996	HRV_RMSSD	SAN_P_cell	-0.038904140862678856
SAN__HCAHeartST13233996	HRV_RMSSD	aCM1	-0.008727492029756617
SAN__HCAHeartST13233996	HRV_RMSSD	aCM2	0.006358295647926729
SAN__HCAHeartST13233996	HRV_RMSSD	aCM3	-0.11918563995041725
SAN__HCAHeartST13233996	HRV_RMSSD	aCM4	0.12500764305566658
SAN__HCAHeartST13233996	HRV_RMSSD	FB1	-0.09521299049407528
SAN__HCAHeartST13233996	HRV_RMSSD	FB2	-0.1212736612153003
SAN__HCAHeartST13233996	HRV_RMSSD	FB4_activated	-0.03237248310397054
SAN__HCAHeartST13233996	HRV_RMSSD	NC1_glial	-0.1733513267168165
SAN__HCAHeartST13233996	HRV_RMSSD	NC2_glial_NGF+	-0.10603239623293523
SAN__HCAHeartST13233996	HRV_RMSSD	EC2_cap	0.03831397948815744
SAN__HCAHeartST13233996	HRV_RMSSD	PC1_vent	-0.03157984126108956
SAN__HCAHeartST13233996	HRV_RMSSD	Adip1	-0.08059657522017502
SAN__HCAHeartST13233997	HRV_RMSSD	SAN_P_cell	-0.1291914271135688
SAN__HCAHeartST13233997	HRV_RMSSD	aCM1	-0.06085188354992999
SAN__HCAHeartST13233997	HRV_RMSSD	aCM2	-0.04104552439556038
SAN__HCAHeartST13233997	HRV_RMSSD	aCM3	-0.1268375528215415
SAN__HCAHeartST13233997	HRV_RMSSD	aCM4	0.10743972817057787
SAN__HCAHeartST13233997	HRV_RMSSD	FB1	-0.13969287632612679
SAN__HCAHeartST13233997	HRV_RMSSD	FB2	-0.25998018130790573
SAN__HCAHeartST13233997	HRV_RMSSD	FB4_activated	-0.02968865893883739
SAN__HCAHeartST13233997	HRV_RMSSD	NC1_glial	-0.21241078501714844
SAN__HCAHeartST13233997	HRV_RMSSD	NC2_glial_NGF+	-0.12377957011889275
SAN__HCAHeartST13233997	HRV_RMSSD	EC2_cap	0.07229277282652642
SAN__HCAHeartST13233997	HRV_RMSSD	PC1_vent	0.0096310764736088
SAN__HCAHeartST13233997	HRV_RMSSD	Adip1	0.003729326982065828
SAN__HCAHeartST13233998	HRV_RMSSD	SAN_P_cell	-0.21415029455643386
SAN__HCAHeartST13233998	HRV_RMSSD	aCM1	-0.07036772396640284
SAN__HCAHeartST13233998	HRV_RMSSD	aCM2	-0.05448583116459609
SAN__HCAHeartST13233998	HRV_RMSSD	aCM3	-0.06757280035389422
SAN__HCAHeartST13233998	HRV_RMSSD	aCM4	-0.09314097889601324
SAN__HCAHeartST13233998	HRV_RMSSD	FB1	-0.04092269621981599
SAN__HCAHeartST13233998	HRV_RMSSD	FB2	0.01087505084073131
SAN__HCAHeartST13233998	HRV_RMSSD	FB4_activated	0.012032300815407616
SAN__HCAHeartST13233998	HRV_RMSSD	NC1_glial	-0.014560653120297374
SAN__HCAHeartST13233998	HRV_RMSSD	NC2_glial_NGF+	-0.11717367491216867
SAN__HCAHeartST13233998	HRV_RMSSD	EC2_cap	-0.0885299882582793
SAN__HCAHeartST13233998	HRV_RMSSD	PC1_vent	-0.14585086705589367
SAN__HCAHeartST13233998	HRV_RMSSD	Adip1	0.1375877753383252
SAN__HCAHeartST13233999	HRV_RMSSD	SAN_P_cell	-0.2367721733972629
SAN__HCAHeartST13233999	HRV_RMSSD	aCM1	-0.11004883396956465
SAN__HCAHeartST13233999	HRV_RMSSD	aCM2	-0.08501293531166748
SAN__HCAHeartST13233999	HRV_RMSSD	aCM3	-0.13312165503147377
SAN__HCAHeartST13233999	HRV_RMSSD	aCM4	-0.12272478145904805
SAN__HCAHeartST13233999	HRV_RMSSD	FB1	-0.11487894377643666
SAN__HCAHeartST13233999	HRV_RMSSD	FB2	-0.15334202413097361
SAN__HCAHeartST13233999	HRV_RMSSD	FB4_activated	-0.1442719749744465
SAN__HCAHeartST13233999	HRV_RMSSD	NC1_glial	-0.14168019623261002
SAN__HCAHeartST13233999	HRV_RMSSD	NC2_glial_NGF+	-0.20682201449065735
SAN__HCAHeartST13233999	HRV_RMSSD	EC2_cap	-0.04958767454869251
SAN__HCAHeartST13233999	HRV_RMSSD	PC1_vent	-0.16392121066628038
SAN__HCAHeartST13233999	HRV_RMSSD	Adip1	0.08118829927681841
SAN__HCAHeartST10659160	HRV_RMSSDc	SAN_P_cell	-0.4232250453389875
SAN__HCAHeartST10659160	HRV_RMSSDc	aCM1	-0.22435967966044026
SAN__HCAHeartST10659160	HRV_RMSSDc	aCM2	-0.07886602704065108
SAN__HCAHeartST10659160	HRV_RMSSDc	aCM3	-0.33198941729321785
SAN__HCAHeartST10659160	HRV_RMSSDc	aCM4	0.2655410572470763
SAN__HCAHeartST10659160	HRV_RMSSDc	FB1	-0.21519040561397396
SAN__HCAHeartST10659160	HRV_RMSSDc	FB2	-0.3454791509751093
SAN__HCAHeartST10659160	HRV_RMSSDc	FB4_activated	-0.4023786785816394
SAN__HCAHeartST10659160	HRV_RMSSDc	NC1_glial	-0.2808438292300328
SAN__HCAHeartST10659160	HRV_RMSSDc	NC2_glial_NGF+	-0.35977154977334835
SAN__HCAHeartST10659160	HRV_RMSSDc	EC2_cap	-0.1490088974490073
SAN__HCAHeartST10659160	HRV_RMSSDc	PC1_vent	-0.32672318453747823
SAN__HCAHeartST10659160	HRV_RMSSDc	Adip1	-0.0962989766339688
SAN__HCAHeartST12992072	HRV_RMSSDc	SAN_P_cell	-0.1679783344683328
SAN__HCAHeartST12992072	HRV_RMSSDc	aCM1	-0.02820271126815258
SAN__HCAHeartST12992072	HRV_RMSSDc	aCM2	-0.0009125074621421364
SAN__HCAHeartST12992072	HRV_RMSSDc	aCM3	0.024274222014279805
SAN__HCAHeartST12992072	HRV_RMSSDc	aCM4	-0.05801035819921211
SAN__HCAHeartST12992072	HRV_RMSSDc	FB1	-0.03504386378213388
SAN__HCAHeartST12992072	HRV_RMSSDc	FB2	-0.0657692980166783
SAN__HCAHeartST12992072	HRV_RMSSDc	FB4_activated	0.0005906870361250754
SAN__HCAHeartST12992072	HRV_RMSSDc	NC1_glial	0.0009402603050989474
SAN__HCAHeartST12992072	HRV_RMSSDc	NC2_glial_NGF+	-0.08962233851751075
SAN__HCAHeartST12992072	HRV_RMSSDc	EC2_cap	-0.05482088139549588
SAN__HCAHeartST12992072	HRV_RMSSDc	PC1_vent	-0.06766436723196105
SAN__HCAHeartST12992072	HRV_RMSSDc	Adip1	-0.051419372575515696
SAN__HCAHeartST13228105	HRV_RMSSDc	SAN_P_cell	-0.46091443849963176
SAN__HCAHeartST13228105	HRV_RMSSDc	aCM1	-0.4084916786576227
SAN__HCAHeartST13228105	HRV_RMSSDc	aCM2	-0.2431271911555679
SAN__HCAHeartST13228105	HRV_RMSSDc	aCM3	-0.150546165502235
SAN__HCAHeartST13228105	HRV_RMSSDc	aCM4	-0.4183463948291265
SAN__HCAHeartST13228105	HRV_RMSSDc	FB1	-0.4422128850478578
SAN__HCAHeartST13228105	HRV_RMSSDc	FB2	-0.4916084222560178
SAN__HCAHeartST13228105	HRV_RMSSDc	FB4_activated	-0.5143834334188889
SAN__HCAHeartST13228105	HRV_RMSSDc	NC1_glial	-0.10414101913046139
SAN__HCAHeartST13228105	HRV_RMSSDc	NC2_glial_NGF+	-0.5075399420961788
SAN__HCAHeartST13228105	HRV_RMSSDc	EC2_cap	-0.431887411938384
SAN__HCAHeartST13228105	HRV_RMSSDc	PC1_vent	-0.48731644137892466
SAN__HCAHeartST13228105	HRV_RMSSDc	Adip1	0.36776565776658804
SAN__HCAHeartST13228106	HRV_RMSSDc	SAN_P_cell	-0.1255232254514655
SAN__HCAHeartST13228106	HRV_RMSSDc	aCM1	-0.06042839883402743
SAN__HCAHeartST13228106	HRV_RMSSDc	aCM2	-0.04264276437711604
SAN__HCAHeartST13228106	HRV_RMSSDc	aCM3	-0.17968042529427936
SAN__HCAHeartST13228106	HRV_RMSSDc	aCM4	-0.010132716964674158
SAN__HCAHeartST13228106	HRV_RMSSDc	FB1	-0.07512373487161036
SAN__HCAHeartST13228106	HRV_RMSSDc	FB2	-0.10287189657847987
SAN__HCAHeartST13228106	HRV_RMSSDc	FB4_activated	-0.1259206703332458
SAN__HCAHeartST13228106	HRV_RMSSDc	NC1_glial	-0.1415042518957686
SAN__HCAHeartST13228106	HRV_RMSSDc	NC2_glial_NGF+	-0.16219987434667021
SAN__HCAHeartST13228106	HRV_RMSSDc	EC2_cap	-0.05575150383168001
SAN__HCAHeartST13228106	HRV_RMSSDc	PC1_vent	-0.13051783445486495
SAN__HCAHeartST13228106	HRV_RMSSDc	Adip1	-0.08052678457927949
SAN__HCAHeartST13233996	HRV_RMSSDc	SAN_P_cell	-0.29479761465455834
SAN__HCAHeartST13233996	HRV_RMSSDc	aCM1	-0.2875291796780528
SAN__HCAHeartST13233996	HRV_RMSSDc	aCM2	-0.23923270105606087
SAN__HCAHeartST13233996	HRV_RMSSDc	aCM3	-0.22498678410948225
SAN__HCAHeartST13233996	HRV_RMSSDc	aCM4	-0.1317928766261916
SAN__HCAHeartST13233996	HRV_RMSSDc	FB1	-0.35121983108875227
SAN__HCAHeartST13233996	HRV_RMSSDc	FB2	-0.3340826705103118
SAN__HCAHeartST13233996	HRV_RMSSDc	FB4_activated	-0.2823459067500999
SAN__HCAHeartST13233996	HRV_RMSSDc	NC1_glial	-0.38189631403778446
SAN__HCAHeartST13233996	HRV_RMSSDc	NC2_glial_NGF+	-0.3574015678032263
SAN__HCAHeartST13233996	HRV_RMSSDc	EC2_cap	-0.22998334921042152
SAN__HCAHeartST13233996	HRV_RMSSDc	PC1_vent	-0.3078000839662876
SAN__HCAHeartST13233996	HRV_RMSSDc	Adip1	-0.1496781339145754
SAN__HCAHeartST13233997	HRV_RMSSDc	SAN_P_cell	-0.29515148013138826
SAN__HCAHeartST13233997	HRV_RMSSDc	aCM1	-0.2694856569829248
SAN__HCAHeartST13233997	HRV_RMSSDc	aCM2	-0.24101348717919374
SAN__HCAHeartST13233997	HRV_RMSSDc	aCM3	-0.16340132733732204
SAN__HCAHeartST13233997	HRV_RMSSDc	aCM4	-0.133607935381561
SAN__HCAHeartST13233997	HRV_RMSSDc	FB1	-0.2872094360722369
SAN__HCAHeartST13233997	HRV_RMSSDc	FB2	-0.2656836674435268
SAN__HCAHeartST13233997	HRV_RMSSDc	FB4_activated	-0.20514434326837477
SAN__HCAHeartST13233997	HRV_RMSSDc	NC1_glial	-0.29586576629541017
SAN__HCAHeartST13233997	HRV_RMSSDc	NC2_glial_NGF+	-0.3149918199728056
SAN__HCAHeartST13233997	HRV_RMSSDc	EC2_cap	-0.1532803365464523
SAN__HCAHeartST13233997	HRV_RMSSDc	PC1_vent	-0.23103481978226886
SAN__HCAHeartST13233997	HRV_RMSSDc	Adip1	-0.13164119089407533
SAN__HCAHeartST13233998	HRV_RMSSDc	SAN_P_cell	-0.328034432560348
SAN__HCAHeartST13233998	HRV_RMSSDc	aCM1	-0.20446717875410794
SAN__HCAHeartST13233998	HRV_RMSSDc	aCM2	-0.1879250501827494
SAN__HCAHeartST13233998	HRV_RMSSDc	aCM3	-0.12175594817240204
SAN__HCAHeartST13233998	HRV_RMSSDc	aCM4	-0.2911894656127528
SAN__HCAHeartST13233998	HRV_RMSSDc	FB1	-0.009737075558324234
SAN__HCAHeartST13233998	HRV_RMSSDc	FB2	0.09707949422237978
SAN__HCAHeartST13233998	HRV_RMSSDc	FB4_activated	-0.0746919176873173
SAN__HCAHeartST13233998	HRV_RMSSDc	NC1_glial	0.06198532601377806
SAN__HCAHeartST13233998	HRV_RMSSDc	NC2_glial_NGF+	-0.1837587610630779
SAN__HCAHeartST13233998	HRV_RMSSDc	EC2_cap	-0.1952045578659478
SAN__HCAHeartST13233998	HRV_RMSSDc	PC1_vent	-0.3239477062582542
SAN__HCAHeartST13233998	HRV_RMSSDc	Adip1	0.21762551860739776
SAN__HCAHeartST13233999	HRV_RMSSDc	SAN_P_cell	-0.39206891809069805
SAN__HCAHeartST13233999	HRV_RMSSDc	aCM1	-0.33835409612844725
SAN__HCAHeartST13233999	HRV_RMSSDc	aCM2	-0.2996546395868875
SAN__HCAHeartST13233999	HRV_RMSSDc	aCM3	-0.21849014268106606
SAN__HCAHeartST13233999	HRV_RMSSDc	aCM4	-0.3643417501320366
SAN__HCAHeartST13233999	HRV_RMSSDc	FB1	-0.1814002050068235
SAN__HCAHeartST13233999	HRV_RMSSDc	FB2	-0.176124168698156
SAN__HCAHeartST13233999	HRV_RMSSDc	FB4_activated	-0.34587487991692695
SAN__HCAHeartST13233999	HRV_RMSSDc	NC1_glial	-0.1179870815134523
SAN__HCAHeartST13233999	HRV_RMSSDc	NC2_glial_NGF+	-0.36399881105535614
SAN__HCAHeartST13233999	HRV_RMSSDc	EC2_cap	-0.17560585843541762
SAN__HCAHeartST13233999	HRV_RMSSDc	PC1_vent	-0.3819832646431875
SAN__HCAHeartST13233999	HRV_RMSSDc	Adip1	0.1912806572124719
SAN__HCAHeartST10659160	HRV_SDNN	SAN_P_cell	-0.43004296837480477
SAN__HCAHeartST10659160	HRV_SDNN	aCM1	-0.21969063878909673
SAN__HCAHeartST10659160	HRV_SDNN	aCM2	-0.06978239877416947
SAN__HCAHeartST10659160	HRV_SDNN	aCM3	-0.3368783054394641
SAN__HCAHeartST10659160	HRV_SDNN	aCM4	0.2636658214041505
SAN__HCAHeartST10659160	HRV_SDNN	FB1	-0.2180215980281702
SAN__HCAHeartST10659160	HRV_SDNN	FB2	-0.3577504343510696
SAN__HCAHeartST10659160	HRV_SDNN	FB4_activated	-0.41577446155902525
SAN__HCAHeartST10659160	HRV_SDNN	NC1_glial	-0.28999274909653694
SAN__HCAHeartST10659160	HRV_SDNN	NC2_glial_NGF+	-0.37524692171502577
SAN__HCAHeartST10659160	HRV_SDNN	EC2_cap	-0.17148902189238827
SAN__HCAHeartST10659160	HRV_SDNN	PC1_vent	-0.34571029726074304
SAN__HCAHeartST10659160	HRV_SDNN	Adip1	-0.07610170016552047
SAN__HCAHeartST12992072	HRV_SDNN	SAN_P_cell	-0.16052459097148383
SAN__HCAHeartST12992072	HRV_SDNN	aCM1	-0.14489901511615644
SAN__HCAHeartST12992072	HRV_SDNN	aCM2	-0.07074286503312627
SAN__HCAHeartST12992072	HRV_SDNN	aCM3	0.12747517605192102
SAN__HCAHeartST12992072	HRV_SDNN	aCM4	-0.2035522685692962
SAN__HCAHeartST12992072	HRV_SDNN	FB1	-0.13226536184230264
SAN__HCAHeartST12992072	HRV_SDNN	FB2	-0.16483892200697067
SAN__HCAHeartST12992072	HRV_SDNN	FB4_activated	0.007161323764041472
SAN__HCAHeartST12992072	HRV_SDNN	NC1_glial	0.10422791031198432
SAN__HCAHeartST12992072	HRV_SDNN	NC2_glial_NGF+	-0.17665359027136726
SAN__HCAHeartST12992072	HRV_SDNN	EC2_cap	-0.17869536853953513
SAN__HCAHeartST12992072	HRV_SDNN	PC1_vent	-0.17341063124816472
SAN__HCAHeartST12992072	HRV_SDNN	Adip1	-0.11680423008533401
SAN__HCAHeartST13228105	HRV_SDNN	SAN_P_cell	-0.5971343466741389
SAN__HCAHeartST13228105	HRV_SDNN	aCM1	-0.5267889690711521
SAN__HCAHeartST13228105	HRV_SDNN	aCM2	-0.3035406412141055
SAN__HCAHeartST13228105	HRV_SDNN	aCM3	-0.14177334546239465
SAN__HCAHeartST13228105	HRV_SDNN	aCM4	-0.5730563324684935
SAN__HCAHeartST13228105	HRV_SDNN	FB1	-0.5663471906252552
SAN__HCAHeartST13228105	HRV_SDNN	FB2	-0.5573934257433186
SAN__HCAHeartST13228105	HRV_SDNN	FB4_activated	-0.6290741416484683
SAN__HCAHeartST13228105	HRV_SDNN	NC1_glial	-0.05883430122520089
SAN__HCAHeartST13228105	HRV_SDNN	NC2_glial_NGF+	-0.6089317966496627
SAN__HCAHeartST13228105	HRV_SDNN	EC2_cap	-0.561178744262406
SAN__HCAHeartST13228105	HRV_SDNN	PC1_vent	-0.6116534745708796
SAN__HCAHeartST13228105	HRV_SDNN	Adip1	0.49527848709957134
SAN__HCAHeartST13228106	HRV_SDNN	SAN_P_cell	-0.12031598101587383
SAN__HCAHeartST13228106	HRV_SDNN	aCM1	-0.2221717338961377
SAN__HCAHeartST13228106	HRV_SDNN	aCM2	-0.1874259543460634
SAN__HCAHeartST13228106	HRV_SDNN	aCM3	-0.059236924255206
SAN__HCAHeartST13228106	HRV_SDNN	aCM4	-0.22456679998732548
SAN__HCAHeartST13228106	HRV_SDNN	FB1	-0.18901285214624755
SAN__HCAHeartST13228106	HRV_SDNN	FB2	-0.023646740547540387
SAN__HCAHeartST13228106	HRV_SDNN	FB4_activated	-0.010895181987788105
SAN__HCAHeartST13228106	HRV_SDNN	NC1_glial	-0.032616343723816645
SAN__HCAHeartST13228106	HRV_SDNN	NC2_glial_NGF+	-0.08513046194044571
SAN__HCAHeartST13228106	HRV_SDNN	EC2_cap	-0.16750111125654688
SAN__HCAHeartST13228106	HRV_SDNN	PC1_vent	-0.17742282730318268
SAN__HCAHeartST13228106	HRV_SDNN	Adip1	-0.07188646884380678
SAN__HCAHeartST13233996	HRV_SDNN	SAN_P_cell	-0.3817628856198379
SAN__HCAHeartST13233996	HRV_SDNN	aCM1	-0.386775928166006
SAN__HCAHeartST13233996	HRV_SDNN	aCM2	-0.33806565288554447
SAN__HCAHeartST13233996	HRV_SDNN	aCM3	-0.23651955312799053
SAN__HCAHeartST13233996	HRV_SDNN	aCM4	-0.2669890945395729
SAN__HCAHeartST13233996	HRV_SDNN	FB1	-0.41989840378000265
SAN__HCAHeartST13233996	HRV_SDNN	FB2	-0.35234750411695853
SAN__HCAHeartST13233996	HRV_SDNN	FB4_activated	-0.33231324830708114
SAN__HCAHeartST13233996	HRV_SDNN	NC1_glial	-0.3988503975936411
SAN__HCAHeartST13233996	HRV_SDNN	NC2_glial_NGF+	-0.42277544781978726
SAN__HCAHeartST13233996	HRV_SDNN	EC2_cap	-0.33232730449896536
SAN__HCAHeartST13233996	HRV_SDNN	PC1_vent	-0.4077100650944763
SAN__HCAHeartST13233996	HRV_SDNN	Adip1	-0.1475314636619223
SAN__HCAHeartST13233997	HRV_SDNN	SAN_P_cell	-0.3810967572528577
SAN__HCAHeartST13233997	HRV_SDNN	aCM1	-0.3722788731000574
SAN__HCAHeartST13233997	HRV_SDNN	aCM2	-0.3585538076036773
SAN__HCAHeartST13233997	HRV_SDNN	aCM3	-0.1543191953631494
SAN__HCAHeartST13233997	HRV_SDNN	aCM4	-0.30427696586613995
SAN__HCAHeartST13233997	HRV_SDNN	FB1	-0.3121225913302959
SAN__HCAHeartST13233997	HRV_SDNN	FB2	-0.18092702124110965
SAN__HCAHeartST13233997	HRV_SDNN	FB4_activated	-0.27091160177125434
SAN__HCAHeartST13233997	HRV_SDNN	NC1_glial	-0.2743047560585356
SAN__HCAHeartST13233997	HRV_SDNN	NC2_glial_NGF+	-0.3959426556769699
SAN__HCAHeartST13233997	HRV_SDNN	EC2_cap	-0.27459746691212555
SAN__HCAHeartST13233997	HRV_SDNN	PC1_vent	-0.3656548118197487
SAN__HCAHeartST13233997	HRV_SDNN	Adip1	-0.17353672292333677
SAN__HCAHeartST13233998	HRV_SDNN	SAN_P_cell	-0.39462258656449456
SAN__HCAHeartST13233998	HRV_SDNN	aCM1	-0.3088154396184455
SAN__HCAHeartST13233998	HRV_SDNN	aCM2	-0.29872570742649174
SAN__HCAHeartST13233998	HRV_SDNN	aCM3	-0.16128550945985187
SAN__HCAHeartST13233998	HRV_SDNN	aCM4	-0.44172546368956467
SAN__HCAHeartST13233998	HRV_SDNN	FB1	0.038609453447097764
SAN__HCAHeartST13233998	HRV_SDNN	FB2	0.15575532280447515
SAN__HCAHeartST13233998	HRV_SDNN	FB4_activated	-0.16116548449638368
SAN__HCAHeartST13233998	HRV_SDNN	NC1_glial	0.13130225035785206
SAN__HCAHeartST13233998	HRV_SDNN	NC2_glial_NGF+	-0.21617731942695845
SAN__HCAHeartST13233998	HRV_SDNN	EC2_cap	-0.24461534855992736
SAN__HCAHeartST13233998	HRV_SDNN	PC1_vent	-0.422702313847684
SAN__HCAHeartST13233998	HRV_SDNN	Adip1	0.2613683650269095
SAN__HCAHeartST13233999	HRV_SDNN	SAN_P_cell	-0.4587949959865164
SAN__HCAHeartST13233999	HRV_SDNN	aCM1	-0.5019176358300289
SAN__HCAHeartST13233999	HRV_SDNN	aCM2	-0.4652612208229233
SAN__HCAHeartST13233999	HRV_SDNN	aCM3	-0.2292453905259195
SAN__HCAHeartST13233999	HRV_SDNN	aCM4	-0.5319660987139384
SAN__HCAHeartST13233999	HRV_SDNN	FB1	-0.20229265038847147
SAN__HCAHeartST13233999	HRV_SDNN	FB2	-0.12849559111906383
SAN__HCAHeartST13233999	HRV_SDNN	FB4_activated	-0.4561097290646758
SAN__HCAHeartST13233999	HRV_SDNN	NC1_glial	-0.045581870318758204
SAN__HCAHeartST13233999	HRV_SDNN	NC2_glial_NGF+	-0.4349155448500896
SAN__HCAHeartST13233999	HRV_SDNN	EC2_cap	-0.24429419295472438
SAN__HCAHeartST13233999	HRV_SDNN	PC1_vent	-0.5199421723147292
SAN__HCAHeartST13233999	HRV_SDNN	Adip1	0.2559197591214974
SAN__HCAHeartST10659160	HRV_SDNNc	SAN_P_cell	-0.41867703288185126
SAN__HCAHeartST10659160	HRV_SDNNc	aCM1	-0.2178067014765536
SAN__HCAHeartST10659160	HRV_SDNNc	aCM2	-0.06816703410809312
SAN__HCAHeartST10659160	HRV_SDNNc	aCM3	-0.3270688981376695
SAN__HCAHeartST10659160	HRV_SDNNc	aCM4	0.23441176206220882
SAN__HCAHeartST10659160	HRV_SDNNc	FB1	-0.21654597830314767
SAN__HCAHeartST10659160	HRV_SDNNc	FB2	-0.3472847230861187
SAN__HCAHeartST10659160	HRV_SDNNc	FB4_activated	-0.4017708981580781
SAN__HCAHeartST10659160	HRV_SDNNc	NC1_glial	-0.28404163799668164
SAN__HCAHeartST10659160	HRV_SDNNc	NC2_glial_NGF+	-0.36308132030197965
SAN__HCAHeartST10659160	HRV_SDNNc	EC2_cap	-0.17907685652950156
SAN__HCAHeartST10659160	HRV_SDNNc	PC1_vent	-0.33632629224830246
SAN__HCAHeartST10659160	HRV_SDNNc	Adip1	-0.06919748257938026
SAN__HCAHeartST12992072	HRV_SDNNc	SAN_P_cell	-0.1710191935402535
SAN__HCAHeartST12992072	HRV_SDNNc	aCM1	-0.1745598640653107
SAN__HCAHeartST12992072	HRV_SDNNc	aCM2	-0.09388362127156284
SAN__HCAHeartST12992072	HRV_SDNNc	aCM3	0.1463677948871854
SAN__HCAHeartST12992072	HRV_SDNNc	aCM4	-0.25503312354691443
SAN__HCAHeartST12992072	HRV_SDNNc	FB1	-0.17881292524415432
SAN__HCAHeartST12992072	HRV_SDNNc	FB2	-0.21671295509622843
SAN__HCAHeartST12992072	HRV_SDNNc	FB4_activated	-0.018959383395058958
SAN__HCAHeartST12992072	HRV_SDNNc	NC1_glial	0.10860050923934177
SAN__HCAHeartST12992072	HRV_SDNNc	NC2_glial_NGF+	-0.2306777792655192
SAN__HCAHeartST12992072	HRV_SDNNc	EC2_cap	-0.23043011243230185
SAN__HCAHeartST12992072	HRV_SDNNc	PC1_vent	-0.21958889611858762
SAN__HCAHeartST12992072	HRV_SDNNc	Adip1	-0.12949152852980866
SAN__HCAHeartST13228105	HRV_SDNNc	SAN_P_cell	-0.6235252717330857
SAN__HCAHeartST13228105	HRV_SDNNc	aCM1	-0.5438546503199725
SAN__HCAHeartST13228105	HRV_SDNNc	aCM2	-0.303086499295042
SAN__HCAHeartST13228105	HRV_SDNNc	aCM3	-0.13881088788100604
SAN__HCAHeartST13228105	HRV_SDNNc	aCM4	-0.599725425127521
SAN__HCAHeartST13228105	HRV_SDNNc	FB1	-0.593298609313109
SAN__HCAHeartST13228105	HRV_SDNNc	FB2	-0.5762681635854684
SAN__HCAHeartST13228105	HRV_SDNNc	FB4_activated	-0.653460013087088
SAN__HCAHeartST13228105	HRV_SDNNc	NC1_glial	-0.05503093572573788
SAN__HCAHeartST13228105	HRV_SDNNc	NC2_glial_NGF+	-0.6336666264072994
SAN__HCAHeartST13228105	HRV_SDNNc	EC2_cap	-0.5883856135007014
SAN__HCAHeartST13228105	HRV_SDNNc	PC1_vent	-0.6385989510662892
SAN__HCAHeartST13228105	HRV_SDNNc	Adip1	0.5157848794677989
SAN__HCAHeartST13228106	HRV_SDNNc	SAN_P_cell	-0.155066708934239
SAN__HCAHeartST13228106	HRV_SDNNc	aCM1	-0.25685746715376057
SAN__HCAHeartST13228106	HRV_SDNNc	aCM2	-0.21955686535857052
SAN__HCAHeartST13228106	HRV_SDNNc	aCM3	-0.06119298819817865
SAN__HCAHeartST13228106	HRV_SDNNc	aCM4	-0.2569651062236312
SAN__HCAHeartST13228106	HRV_SDNNc	FB1	-0.2177410645379941
SAN__HCAHeartST13228106	HRV_SDNNc	FB2	-0.045137293555058494
SAN__HCAHeartST13228106	HRV_SDNNc	FB4_activated	-0.02322433776070573
SAN__HCAHeartST13228106	HRV_SDNNc	NC1_glial	-0.043397959240103035
SAN__HCAHeartST13228106	HRV_SDNNc	NC2_glial_NGF+	-0.10491323956798851
SAN__HCAHeartST13228106	HRV_SDNNc	EC2_cap	-0.20088844342554812
SAN__HCAHeartST13228106	HRV_SDNNc	PC1_vent	-0.20015616448822326
SAN__HCAHeartST13228106	HRV_SDNNc	Adip1	-0.07981619963722163
SAN__HCAHeartST13233996	HRV_SDNNc	SAN_P_cell	-0.5109465169858957
SAN__HCAHeartST13233996	HRV_SDNNc	aCM1	-0.5082324775046
SAN__HCAHeartST13233996	HRV_SDNNc	aCM2	-0.44152473173751844
SAN__HCAHeartST13233996	HRV_SDNNc	aCM3	-0.2886379811022481
SAN__HCAHeartST13233996	HRV_SDNNc	aCM4	-0.3944007535619834
SAN__HCAHeartST13233996	HRV_SDNNc	FB1	-0.5346004471659309
SAN__HCAHeartST13233996	HRV_SDNNc	FB2	-0.4633715523914247
SAN__HCAHeartST13233996	HRV_SDNNc	FB4_activated	-0.46126943599341064
SAN__HCAHeartST13233996	HRV_SDNNc	NC1_glial	-0.49237441868777554
SAN__HCAHeartST13233996	HRV_SDNNc	NC2_glial_NGF+	-0.5391792938448166
SAN__HCAHeartST13233996	HRV_SDNNc	EC2_cap	-0.46536984033717
SAN__HCAHeartST13233996	HRV_SDNNc	PC1_vent	-0.5313057631754757
SAN__HCAHeartST13233996	HRV_SDNNc	Adip1	-0.16628537965402548
SAN__HCAHeartST13233997	HRV_SDNNc	SAN_P_cell	-0.45091811781264796
SAN__HCAHeartST13233997	HRV_SDNNc	aCM1	-0.4553860868380807
SAN__HCAHeartST13233997	HRV_SDNNc	aCM2	-0.4406375661435614
SAN__HCAHeartST13233997	HRV_SDNNc	aCM3	-0.1627212422765556
SAN__HCAHeartST13233997	HRV_SDNNc	aCM4	-0.4137502676081959
SAN__HCAHeartST13233997	HRV_SDNNc	FB1	-0.3628923555528705
SAN__HCAHeartST13233997	HRV_SDNNc	FB2	-0.17692806594437038
SAN__HCAHeartST13233997	HRV_SDNNc	FB4_activated	-0.3422603917848079
SAN__HCAHeartST13233997	HRV_SDNNc	NC1_glial	-0.3016377779837813
SAN__HCAHeartST13233997	HRV_SDNNc	NC2_glial_NGF+	-0.47128900403579227
SAN__HCAHeartST13233997	HRV_SDNNc	EC2_cap	-0.3726367597421817
SAN__HCAHeartST13233997	HRV_SDNNc	PC1_vent	-0.4619682764340377
SAN__HCAHeartST13233997	HRV_SDNNc	Adip1	-0.23282980173119977
SAN__HCAHeartST13233998	HRV_SDNNc	SAN_P_cell	-0.42159111368369284
SAN__HCAHeartST13233998	HRV_SDNNc	aCM1	-0.3285560980195367
SAN__HCAHeartST13233998	HRV_SDNNc	aCM2	-0.31884632703362287
SAN__HCAHeartST13233998	HRV_SDNNc	aCM3	-0.16881485214431835
SAN__HCAHeartST13233998	HRV_SDNNc	aCM4	-0.4829324615097108
SAN__HCAHeartST13233998	HRV_SDNNc	FB1	0.04470631962520565
SAN__HCAHeartST13233998	HRV_SDNNc	FB2	0.1739415700723352
SAN__HCAHeartST13233998	HRV_SDNNc	FB4_activated	-0.1728910523581238
SAN__HCAHeartST13233998	HRV_SDNNc	NC1_glial	0.148922634929794
SAN__HCAHeartST13233998	HRV_SDNNc	NC2_glial_NGF+	-0.2272830042042225
SAN__HCAHeartST13233998	HRV_SDNNc	EC2_cap	-0.274289512018775
SAN__HCAHeartST13233998	HRV_SDNNc	PC1_vent	-0.45813862190004173
SAN__HCAHeartST13233998	HRV_SDNNc	Adip1	0.2730872622698919
SAN__HCAHeartST13233999	HRV_SDNNc	SAN_P_cell	-0.5006664630918574
SAN__HCAHeartST13233999	HRV_SDNNc	aCM1	-0.5681285684414017
SAN__HCAHeartST13233999	HRV_SDNNc	aCM2	-0.5287813742323093
SAN__HCAHeartST13233999	HRV_SDNNc	aCM3	-0.25519239016402234
SAN__HCAHeartST13233999	HRV_SDNNc	aCM4	-0.6071307678465045
SAN__HCAHeartST13233999	HRV_SDNNc	FB1	-0.21169909366055978
SAN__HCAHeartST13233999	HRV_SDNNc	FB2	-0.12154344792344819
SAN__HCAHeartST13233999	HRV_SDNNc	FB4_activated	-0.5099253719264059
SAN__HCAHeartST13233999	HRV_SDNNc	NC1_glial	-0.024439664210787627
SAN__HCAHeartST13233999	HRV_SDNNc	NC2_glial_NGF+	-0.4753705752726227
SAN__HCAHeartST13233999	HRV_SDNNc	EC2_cap	-0.2790201857006338
SAN__HCAHeartST13233999	HRV_SDNNc	PC1_vent	-0.5776808479926999
SAN__HCAHeartST13233999	HRV_SDNNc	Adip1	0.2838177722686597
