section	trait	raw	delta
AVN__HCAHeartST11290657	RestingHeartRate	0.6677342226297485	0.5876821334840883
AVN__HCAHeartST11290658	RestingHeartRate	0.7296015890526962	0.7155969857578244
AVN__HCAHeartST11290659	RestingHeartRate	0.6952072724078768	0.6427915575599114
AVN__HCAHeartST11290662	RestingHeartRate	0.7786629305167961	0.7273754628338956
AVN__HCAHeartST11350377	RestingHeartRate	0.6935134127283199	0.6356784724484112
AVN__HCAHeartST12992074	RestingHeartRate	0.7973283887156157	0.7765514602197062
AVN__HCAHeartST12992075	RestingHeartRate	0.6967170418301187	0.7000176998125773
AVN__HCAHeartST13228103	RestingHeartRate	0.8470239113159522	0.8075664092337883
SAN__HCAHeartST10659160	RestingHeartRate	0.6494313974334627	0.49567684310869153
SAN__HCAHeartST12992072	RestingHeartRate	0.8561909892522478	0.8299751415039663
SAN__HCAHeartST13228105	RestingHeartRate	0.8398108848761098	0.7898689174092772
SAN__HCAHeartST13228106	RestingHeartRate	0.7326022324121845	0.7003997013044542
SAN__HCAHeartST13233996	RestingHeartRate	0.7910181591451378	0.7448067377401855
SAN__HCAHeartST13233997	RestingHeartRate	0.8179979472870361	0.7874546217365385
SAN__HCAHeartST13233998	RestingHeartRate	0.8001215679365239	0.7498474960207255
SAN__HCAHeartST13233999	RestingHeartRate	0.7853187425251772	0.7438558134374942
AVN__HCAHeartST11290657	AtrialFibrillation	0.5487925019282811	0.3660525828526045
AVN__HCAHeartST11290658	AtrialFibrillation	0.5779796999903998	0.5485336659162335
AVN__HCAHeartST11290659	AtrialFibrillation	0.602209304777451	0.3893148724969491
AVN__HCAHeartST11290662	AtrialFibrillation	0.5873972486818422	0.4168289576605548
AVN__HCAHeartST11350377	AtrialFibrillation	0.6773683841893561	0.5077875936479074
AVN__HCAHeartST12992074	AtrialFibrillation	0.6913903813845957	0.6088489580325813
AVN__HCAHeartST12992075	AtrialFibrillation	0.6237639256569625	0.5519933231607206
AVN__HCAHeartST13228103	AtrialFibrillation	0.8273547038057907	0.7125740690176962
SAN__HCAHeartST10659160	AtrialFibrillation	0.4895020318908455	0.025763579867635753
SAN__HCAHeartST12992072	AtrialFibrillation	0.8193557142777697	0.7114088708208037
SAN__HCAHeartST13228105	AtrialFibrillation	0.8217050209727956	0.6359052222540841
SAN__HCAHeartST13228106	AtrialFibrillation	0.6911583255778332	0.5388236247746377
SAN__HCAHeartST13233996	AtrialFibrillation	0.773844990091936	0.6450052726316111
SAN__HCAHeartST13233997	AtrialFibrillation	0.7938672346210117	0.6636010635366437
SAN__HCAHeartST13233998	AtrialFibrillation	0.7554941954616372	0.5791450729427428
SAN__HCAHeartST13233999	AtrialFibrillation	0.7578495425696149	0.6356272457930461
AVN__HCAHeartST11290657	PRinterval	0.7220782392150642	0.5670232602059819
AVN__HCAHeartST11290658	PRinterval	0.7491437924361791	0.725728388697173
AVN__HCAHeartST11290659	PRinterval	0.6770829005081336	0.5932151024970173
AVN__HCAHeartST11290662	PRinterval	0.7214646239889067	0.6228260146835035
AVN__HCAHeartST11350377	PRinterval	0.7888764944706381	0.7105362270017681
AVN__HCAHeartST12992074	PRinterval	0.7832123059549753	0.7276425692562284
AVN__HCAHeartST12992075	PRinterval	0.7099599521293168	0.676118389039398
AVN__HCAHeartST13228103	PRinterval	0.7888955703251065	0.7091035501657398
SAN__HCAHeartST10659160	PRinterval	0.5525333698539208	0.16190368706663272
SAN__HCAHeartST12992072	PRinterval	0.8548125237101951	0.791658375986655
SAN__HCAHeartST13228105	PRinterval	0.8260497045238565	0.6728969849199596
SAN__HCAHeartST13228106	PRinterval	0.7879375038071856	0.7020597369325693
SAN__HCAHeartST13233996	PRinterval	0.7810648552891766	0.6971536927946939
SAN__HCAHeartST13233997	PRinterval	0.7910335855827069	0.7168837654076878
SAN__HCAHeartST13233998	PRinterval	0.7696709753562878	0.6725630810232529
SAN__HCAHeartST13233999	PRinterval	0.7731285429971573	0.6811293754719279
SAN__HCAHeartST10659160	HRV_RMSSD	0.3773659910674978	-0.2899812906472457
SAN__HCAHeartST12992072	HRV_RMSSD	0.5458286690547146	-0.09247678629477675
SAN__HCAHeartST13228105	HRV_RMSSD	0.6212894821067523	-0.3281978057812857
SAN__HCAHeartST13228106	HRV_RMSSD	0.4477451112945947	-0.04778137052170449
SAN__HCAHeartST13233996	HRV_RMSSD	0.5688831785016971	-0.06321805742749913
SAN__HCAHeartST13233997	HRV_RMSSD	0.6030278509555932	-0.053869023978138114
SAN__HCAHeartST13233998	HRV_RMSSD	0.6141612549872111	-0.25763676856278717
SAN__HCAHeartST13233999	HRV_RMSSD	0.6416831005091045	-0.13577513652835707
SAN__HCAHeartST10659160	HRV_RMSSDc	0.37454454987858	-0.3229487590392696
SAN__HCAHeartST12992072	HRV_RMSSDc	0.47787018376967755	-0.24355787751885336
SAN__HCAHeartST13228105	HRV_RMSSDc	0.52738428266557	-0.467704223740968
SAN__HCAHeartST13228106	HRV_RMSSDc	0.4460497003303105	-0.10049133707607151
SAN__HCAHeartST13233996	HRV_RMSSDc	0.3935430626300853	-0.3255411954259857
SAN__HCAHeartST13233997	HRV_RMSSDc	0.4070164637754696	-0.2968909652624178
SAN__HCAHeartST13233998	HRV_RMSSDc	0.47526851404831044	-0.45838006146368454
SAN__HCAHeartST13233999	HRV_RMSSDc	0.5043006622786078	-0.34787981138200674
SAN__HCAHeartST10659160	HRV_SDNN	0.3230322481428939	-0.34539090611215856
SAN__HCAHeartST12992072	HRV_SDNN	0.2785924323856173	-0.35887903318468944
SAN__HCAHeartST13228105	HRV_SDNN	0.10310162550117183	-0.5759905141241611
SAN__HCAHeartST13228106	HRV_SDNN	0.0409761915521083	-0.27746291932537964
SAN__HCAHeartST13233996	HRV_SDNN	0.2548734278714776	-0.3735912335309852
SAN__HCAHeartST13233997	HRV_SDNN	0.17312390575488132	-0.4111285126950451
SAN__HCAHeartST13233998	HRV_SDNN	0.17918095316614374	-0.5346002929329479
SAN__HCAHeartST13233999	HRV_SDNN	0.15966928556994048	-0.4799503897199541
SAN__HCAHeartST10659160	HRV_SDNNc	0.31307984849341547	-0.35041373007612886
SAN__HCAHeartST12992072	HRV_SDNNc	0.18337976774138043	-0.4071755542210184
SAN__HCAHeartST13228105	HRV_SDNNc	-0.07544763571958998	-0.5956725529686633
SAN__HCAHeartST13228106	HRV_SDNNc	-0.0068310624747805705	-0.30665148779850226
SAN__HCAHeartST13233996	HRV_SDNNc	-0.022568395460707987	-0.4761793371283524
SAN__HCAHeartST13233997	HRV_SDNNc	-0.09859976971848139	-0.4928015239084331
SAN__HCAHeartST13233998	HRV_SDNNc	-0.027819253582696435	-0.5673737342008295
SAN__HCAHeartST13233999	HRV_SDNNc	-0.056722021818655745	-0.5311901957883869
