section	trait	plain	given_umi	given_umi_acm
SAN__HCAHeartST10659160	AtrialFibrillation	0.2684818202516119	0.11456779592367486	0.09120084330549517
SAN__HCAHeartST12992072	AtrialFibrillation	0.3826105868431078	0.13348038901700013	0.13242121402809245
SAN__HCAHeartST13228105	AtrialFibrillation	0.7874180254180856	0.47459847325519167	0.2519712425785765
SAN__HCAHeartST13228106	AtrialFibrillation	0.2747847527827136	0.10449647941464328	0.0852961730412879
SAN__HCAHeartST13233996	AtrialFibrillation	0.6723521136085054	0.42597589315131473	0.24016870651613745
SAN__HCAHeartST13233997	AtrialFibrillation	0.5119158498896945	0.0709954780226815	0.015493370262367603
SAN__HCAHeartST13233998	AtrialFibrillation	0.4497142753721988	0.1648668629313802	0.053692584592004516
SAN__HCAHeartST13233999	AtrialFibrillation	0.5765166675875375	0.294224013785482	0.13963988334240293
SAN__HCAHeartST10659160	EducationalAttainment	0.5320882761691128	0.44315771511878405	0.24797763370681525
SAN__HCAHeartST12992072	EducationalAttainment	0.20583858644507771	0.029078212875056096	0.036076460815112434
SAN__HCAHeartST13228105	EducationalAttainment	0.6318263839683018	0.2840794171215162	0.23395858047108994
SAN__HCAHeartST13228106	EducationalAttainment	0.2224147672898386	0.14430902611174087	0.15815925273364614
SAN__HCAHeartST13233996	EducationalAttainment	0.47074062878285133	0.23639200446957684	0.31799217406933356
SAN__HCAHeartST13233997	EducationalAttainment	0.4085488818792376	0.1289388518000674	0.1534253980514324
SAN__HCAHeartST13233998	EducationalAttainment	0.41845110924709256	0.19298659418621972	0.1959129192178114
SAN__HCAHeartST13233999	EducationalAttainment	0.5248432452147417	0.3034718544284319	0.23287272127978312
SAN__HCAHeartST10659160	HRV_RMSSD	0.297014541111321	0.18728916069913043	0.041929320995722816
SAN__HCAHeartST12992072	HRV_RMSSD	0.10087866428462738	-0.13791828855578755	-0.1374001315776077
SAN__HCAHeartST13228105	HRV_RMSSD	0.6139238895054975	0.2959290253717565	0.1098436341904393
SAN__HCAHeartST13228106	HRV_RMSSD	0.24581737334138373	0.1340304253691617	0.1271182755962582
SAN__HCAHeartST13233996	HRV_RMSSD	0.5488798037780035	0.32314459030526693	0.2462181979802678
SAN__HCAHeartST13233997	HRV_RMSSD	0.37235374500211776	0.015217903667005374	-0.010838248690673206
SAN__HCAHeartST13233998	HRV_RMSSD	0.3807366059456131	0.13300200326271583	0.08101302088020171
SAN__HCAHeartST13233999	HRV_RMSSD	0.45276003880507487	0.1567191383840363	0.05438491618253834
SAN__HCAHeartST10659160	HRV_RMSSDc	0.34858845220617124	0.24779304636977484	0.048746724721088514
SAN__HCAHeartST12992072	HRV_RMSSDc	0.0602186694335706	-0.14976750575103495	-0.14856830564757956
SAN__HCAHeartST13228105	HRV_RMSSDc	0.4956920464195603	0.18750680896231478	0.05496462463123987
SAN__HCAHeartST13228106	HRV_RMSSDc	0.17350921690762627	0.04998254356566602	0.04091027643649511
SAN__HCAHeartST13233996	HRV_RMSSDc	0.34239694491748596	0.1498826941879971	0.15255993208382743
SAN__HCAHeartST13233997	HRV_RMSSDc	0.20342095755239395	-0.05666690264121157	-0.05390789186616777
SAN__HCAHeartST13233998	HRV_RMSSDc	0.29367257327721297	0.09108231574439214	0.07822116807832263
SAN__HCAHeartST13233999	HRV_RMSSDc	0.31067127310837417	0.046831284084405865	0.016876990856133107
SAN__HCAHeartST10659160	HRV_SDNN	0.32403253114083763	0.23584673807540685	0.03985180323620328
SAN__HCAHeartST12992072	HRV_SDNN	0.07962738643929923	-0.02973114716860731	-0.025639561596186355
SAN__HCAHeartST13228105	HRV_SDNN	0.03584515915769912	-0.059238946670518135	0.06281010586288059
SAN__HCAHeartST13228106	HRV_SDNN	0.16381090395375122	0.15890734386216226	0.1867482102592796
SAN__HCAHeartST13233996	HRV_SDNN	0.1508255586184425	0.0017330577780987403	0.16504776283047826
SAN__HCAHeartST13233997	HRV_SDNN	0.005063253664646481	-0.12587714158809502	-0.0722220880960054
SAN__HCAHeartST13233998	HRV_SDNN	0.08967238283014746	0.006489745058454638	0.11178218421126528
SAN__HCAHeartST13233999	HRV_SDNN	0.09297790300033999	0.00644333599998667	0.08184721961553351
SAN__HCAHeartST10659160	HRV_SDNNc	0.35342292654711943	0.2721758125426419	0.04528378329565411
SAN__HCAHeartST12992072	HRV_SDNNc	0.056637743239285866	-0.014472916580331173	-0.008805261747595942
SAN__HCAHeartST13228105	HRV_SDNNc	-0.15361755063883134	-0.1451974535418234	0.014362286525232165
SAN__HCAHeartST13228106	HRV_SDNNc	0.10827545798307378	0.1153462030546377	0.1472604472429875
SAN__HCAHeartST13233996	HRV_SDNNc	-0.17118857194487916	-0.19505594754344424	0.04910384765743141
SAN__HCAHeartST13233997	HRV_SDNNc	-0.19604205822846674	-0.1719929484681206	-0.10032085566536272
SAN__HCAHeartST13233998	HRV_SDNNc	-0.03642857166513241	-0.026483962014454056	0.11018567145914653
SAN__HCAHeartST13233999	HRV_SDNNc	-0.07979877822051167	-0.05830962543660407	0.08237395049554276
SAN__HCAHeartST10659160	PRinterval	0.24420438916730014	0.05968134310323947	0.13007850259990222
SAN__HCAHeartST12992072	PRinterval	0.36493335545040173	0.08250190537269045	0.07991597938721429
SAN__HCAHeartST13228105	PRinterval	0.7906547934146342	0.48002922814953863	0.13935389708091772
SAN__HCAHeartST13228106	PRinterval	0.26619965905674237	0.05987932769718772	0.01110958006282621
SAN__HCAHeartST13233996	PRinterval	0.6979033880379559	0.4742099230863417	0.2581696704735487
SAN__HCAHeartST13233997	PRinterval	0.5417066573753693	0.13500412017870875	0.07057679114854996
SAN__HCAHeartST13233998	PRinterval	0.4688864117093522	0.19139273051219882	0.036233145922222855
SAN__HCAHeartST13233999	PRinterval	0.5839270260110481	0.30081248058042853	0.11073690324844394
SAN__HCAHeartST10659160	RestingHeartRate	0.4954103289017881	0.370361142702559	0.2276890043298428
SAN__HCAHeartST12992072	RestingHeartRate	0.3962329190040881	0.14727852334920594	0.1464060835689115
SAN__HCAHeartST13228105	RestingHeartRate	0.8011888870893304	0.49948468618597547	0.27007976703773545
SAN__HCAHeartST13228106	RestingHeartRate	0.3528020292221164	0.21217104979551468	0.20376557690491529
SAN__HCAHeartST13233996	RestingHeartRate	0.7410872586590044	0.5593856011973444	0.3630401583494567
SAN__HCAHeartST13233997	RestingHeartRate	0.5708563263753053	0.1717251604976965	0.11655719334415138
SAN__HCAHeartST13233998	RestingHeartRate	0.5052007329853154	0.24529964651562902	0.12928828648829016
SAN__HCAHeartST13233999	RestingHeartRate	0.6223900313168327	0.369576292484994	0.20719062352738446
