section	cell_type	ratio
HCAHeartST10659160	SAN_P_cell	5.041688613617785
HCAHeartST10659160	aCM1	1.1698709438360566
HCAHeartST10659160	aCM3	2.3091096192468794
HCAHeartST10659160	aCM4	0.6469488773422264
HCAHeartST10659160	FB1	1.6723473810563085
HCAHeartST10659160	FB3	1.407340614808544
HCAHeartST10659160	FB5	1.6058501065765018
HCAHeartST10659160	NC1_glial	1.4793795263961602
HCAHeartST10659160	EC2_cap	1.5526158889791608
HCAHeartST10659160	EC6_ven	1.088152942609916
HCAHeartST10659160	PC1_vent	2.2107578309805844
HCAHeartST10659160	PC2_atria	1.7837405940648168
HCAHeartST10659160	Adip1	0.35528130585884
HCAHeartST10659160	SMC2_art	2.22140784719465
HCAHeartST10659160	Meso	1.4338935050123172
HCAHeartST10659160	Mast	2.7945728706706587
HCAHeartST12992072	SAN_P_cell	4.51309601267856
HCAHeartST12992072	aCM1	0.3016085026862637
HCAHeartST12992072	aCM3	3.1741171346806616
HCAHeartST12992072	aCM4	0.3840701713851505
HCAHeartST12992072	FB1	0.32848464374795755
HCAHeartST12992072	FB3	3.335353729496603
HCAHeartST12992072	FB5	0.5396067219905192
HCAHeartST12992072	NC1_glial	2.4414517021983495
HCAHeartST12992072	EC2_cap	0.32064874529622606
HCAHeartST12992072	EC6_ven	1.5547306421301617
HCAHeartST12992072	PC1_vent	0.4020279561740051
HCAHeartST12992072	PC2_atria	0.6713577311712128
HCAHeartST12992072	Adip1	0.5758645040327325
HCAHeartST12992072	SMC2_art	0.38724982737916547
HCAHeartST12992072	Meso	1.1400296905825822
HCAHeartST12992072	Mast	1.98404216276371
HCAHeartST13228105	SAN_P_cell	6.987225092912976
HCAHeartST13228105	aCM1	1.8652706972377229
HCAHeartST13228105	aCM3	1.1442357577542905
HCAHeartST13228105	aCM4	2.741479265368319
HCAHeartST13228105	FB1	4.381065166321953
HCAHeartST13228105	FB3	0.3571222436964886
HCAHeartST13228105	FB5	4.161410548036224
HCAHeartST13228105	NC1_glial	0.9941441488857391
HCAHeartST13228105	EC2_cap	3.622010625880586
HCAHeartST13228105	EC6_ven	0.25750772839434755
HCAHeartST13228105	PC1_vent	4.980350305054247
HCAHeartST13228105	PC2_atria	2.209408072677184
HCAHeartST13228105	Adip1	0.09143444470702286
HCAHeartST13228105	SMC2_art	1.1033016233452653
HCAHeartST13228105	Meso	1.3097371098557606
HCAHeartST13228105	Mast	0.33006368297843586
HCAHeartST13228106	SAN_P_cell	2.765546525010287
HCAHeartST13228106	aCM1	0.4367243028805927
HCAHeartST13228106	aCM3	2.1479781682438683
HCAHeartST13228106	aCM4	0.4189025579187044
HCAHeartST13228106	FB1	0.6925245710179725
HCAHeartST13228106	FB3	1.3898247941605244
HCAHeartST13228106	FB5	1.7680063169741371
HCAHeartST13228106	NC1_glial	1.6262144766390745
HCAHeartST13228106	EC2_cap	0.7044512405996417
HCAHeartST13228106	EC6_ven	0.20409060431989567
HCAHeartST13228106	PC1_vent	1.195468742668476
HCAHeartST13228106	PC2_atria	0.7923525845889843
HCAHeartST13228106	Adip1	0.04525212754424507
HCAHeartST13228106	SMC2_art	2.5429972158067415
HCAHeartST13228106	Meso	0.7094144419222809
HCAHeartST13228106	Mast	1.1709009547232792
HCAHeartST13233996	SAN_P_cell	3.641434284954716
HCAHeartST13233996	aCM1	0.8442490647008498
HCAHeartST13233996	aCM3	1.8223593031739551
HCAHeartST13233996	aCM4	0.8016395561478159
HCAHeartST13233996	FB1	2.968520315872617
HCAHeartST13233996	FB3	1.780565622368545
HCAHeartST13233996	FB5	2.9493444216270426
HCAHeartST13233996	NC1_glial	1.8915097142776844
HCAHeartST13233996	EC2_cap	1.9270753788844885
HCAHeartST13233996	EC6_ven	0.7308662686260513
HCAHeartST13233996	PC1_vent	2.5656257640051607
HCAHeartST13233996	PC2_atria	1.56728603394106
HCAHeartST13233996	Adip1	0.3261098014840981
HCAHeartST13233996	SMC2_art	3.6102757952098816
HCAHeartST13233996	Meso	1.6096992977584135
HCAHeartST13233996	Mast	1.8590875288884139
HCAHeartST13233997	SAN_P_cell	5.67402421138336
HCAHeartST13233997	aCM1	1.3946979956476244
HCAHeartST13233997	aCM3	1.5056088320970014
HCAHeartST13233997	aCM4	0.6382909904925541
HCAHeartST13233997	FB1	1.8399522991666541
HCAHeartST13233997	FB3	1.477774172489655
HCAHeartST13233997	FB5	1.6678234435314587
HCAHeartST13233997	NC1_glial	2.7265354986670087
HCAHeartST13233997	EC2_cap	1.1019839146175534
HCAHeartST13233997	EC6_ven	1.475553680669353
HCAHeartST13233997	PC1_vent	0.9483829563939382
HCAHeartST13233997	PC2_atria	1.930902564142499
HCAHeartST13233997	Adip1	0.41207101082136743
HCAHeartST13233997	SMC2_art	1.2597562161121763
HCAHeartST13233997	Meso	1.490731044920918
HCAHeartST13233997	Mast	1.5331767618877408
HCAHeartST13233998	SAN_P_cell	1.0440292231997017
HCAHeartST13233998	aCM1	0.4173710324698391
HCAHeartST13233998	aCM3	0.6328786423673518
HCAHeartST13233998	aCM4	0.1564576811865833
HCAHeartST13233998	FB1	2.055367590958779
HCAHeartST13233998	FB3	1.7584444108657717
HCAHeartST13233998	FB5	0.9405284142968324
HCAHeartST13233998	NC1_glial	3.401264779210284
HCAHeartST13233998	EC2_cap	0.8304746823524118
HCAHeartST13233998	EC6_ven	0.8333419633341085
HCAHeartST13233998	PC1_vent	0.4989162529398959
HCAHeartST13233998	PC2_atria	0.4789989019018083
HCAHeartST13233998	Adip1	0.1389121270841968
HCAHeartST13233998	SMC2_art	0.8926344732516764
HCAHeartST13233998	Meso	0.90565455446787
HCAHeartST13233998	Mast	2.369466438232329
HCAHeartST13233999	SAN_P_cell	13.317286043210613
HCAHeartST13233999	aCM1	0.5450618912118369
HCAHeartST13233999	aCM3	3.499251759658444
HCAHeartST13233999	aCM4	0.8044116042842429
HCAHeartST13233999	FB1	1.7373262930278315
HCAHeartST13233999	FB3	1.5642434059076171
HCAHeartST13233999	FB5	1.3232958460845015
HCAHeartST13233999	NC1_glial	1.0682990268798718
HCAHeartST13233999	EC2_cap	1.5209517103460344
HCAHeartST13233999	EC6_ven	0.5912626276040422
HCAHeartST13233999	PC1_vent	1.4899992698519193
HCAHeartST13233999	PC2_atria	1.434011843515359
HCAHeartST13233999	Adip1	0.5602363974352723
HCAHeartST13233999	SMC2_art	1.0215307320594733
HCAHeartST13233999	Meso	1.4387098911245695
HCAHeartST13233999	Mast	1.2467616477005494
