section	cell_type	marker	rho
HCAHeartST10659160	SAN_P_cell	pacemaker	0.36468679906788887
HCAHeartST10659160	SAN_P_cell	atrial_myocyte	-0.4729292387076756
HCAHeartST10659160	aCM1	pacemaker	0.11889628652600724
HCAHeartST10659160	aCM1	atrial_myocyte	-0.091417467889649
HCAHeartST10659160	aCM3	pacemaker	0.2271262667457818
HCAHeartST10659160	aCM3	atrial_myocyte	-0.33714001740689137
HCAHeartST10659160	aCM4	pacemaker	-0.16544029356742418
HCAHeartST10659160	aCM4	atrial_myocyte	0.6846005156670679
HCAHeartST10659160	FB1	pacemaker	0.18104360334226557
HCAHeartST10659160	FB1	atrial_myocyte	-0.27253192573618223
HCAHeartST10659160	FB3	pacemaker	0.1522157170057584
HCAHeartST10659160	FB3	atrial_myocyte	-0.08484889598210768
HCAHeartST10659160	FB5	pacemaker	0.17314842400007488
HCAHeartST10659160	FB5	atrial_myocyte	-0.1258320290809039
HCAHeartST10659160	NC1_glial	pacemaker	0.22103000659017688
HCAHeartST10659160	NC1_glial	atrial_myocyte	-0.2739722074200133
HCAHeartST10659160	EC2_cap	pacemaker	0.17232213777225905
HCAHeartST10659160	EC2_cap	atrial_myocyte	-0.11689168878236815
HCAHeartST10659160	EC6_ven	pacemaker	0.06292567551043865
HCAHeartST10659160	EC6_ven	atrial_myocyte	-0.006415606451628194
HCAHeartST10659160	PC1_vent	pacemaker	0.22365044800205253
HCAHeartST10659160	PC1_vent	atrial_myocyte	-0.33893696695327225
HCAHeartST10659160	PC2_atria	pacemaker	0.2439209560328729
HCAHeartST10659160	PC2_atria	atrial_myocyte	-0.2673844506185806
HCAHeartST10659160	Adip1	pacemaker	0.03391426613648981
HCAHeartST10659160	Adip1	atrial_myocyte	-0.30815873400155147
HCAHeartST10659160	SMC2_art	pacemaker	0.2720108584546553
HCAHeartST10659160	SMC2_art	atrial_myocyte	-0.5566596894659674
HCAHeartST10659160	Meso	pacemaker	0.2249355993439928
HCAHeartST10659160	Meso	atrial_myocyte	-0.20353932817788634
HCAHeartST10659160	Mast	pacemaker	0.25028387775443456
HCAHeartST10659160	Mast	atrial_myocyte	-0.3666094348542627
HCAHeartST12992072	SAN_P_cell	pacemaker	0.3396245016620628
HCAHeartST12992072	SAN_P_cell	atrial_myocyte	0.143055089962905
HCAHeartST12992072	aCM1	pacemaker	0.07891870430923643
HCAHeartST12992072	aCM1	atrial_myocyte	0.6208003257872026
HCAHeartST12992072	aCM3	pacemaker	0.2177535848487491
HCAHeartST12992072	aCM3	atrial_myocyte	-0.3334560068724077
HCAHeartST12992072	aCM4	pacemaker	0.059275430043026316
HCAHeartST12992072	aCM4	atrial_myocyte	0.8554302650844771
HCAHeartST12992072	FB1	pacemaker	0.07375027572653997
HCAHeartST12992072	FB1	atrial_myocyte	0.6297984110350553
HCAHeartST12992072	FB3	pacemaker	0.15978426383270386
HCAHeartST12992072	FB3	atrial_myocyte	-0.6293752642048221
HCAHeartST12992072	FB5	pacemaker	0.06819457673503591
HCAHeartST12992072	FB5	atrial_myocyte	0.6733456753680713
HCAHeartST12992072	NC1_glial	pacemaker	0.1632165804463405
HCAHeartST12992072	NC1_glial	atrial_myocyte	-0.23761148799195422
HCAHeartST12992072	EC2_cap	pacemaker	0.07660966000352516
HCAHeartST12992072	EC2_cap	atrial_myocyte	0.7983503460450521
HCAHeartST12992072	EC6_ven	pacemaker	0.12180295885264163
HCAHeartST12992072	EC6_ven	atrial_myocyte	0.17278780767560686
HCAHeartST12992072	PC1_vent	pacemaker	0.10625989183982373
HCAHeartST12992072	PC1_vent	atrial_myocyte	0.6462694285750207
HCAHeartST12992072	PC2_atria	pacemaker	0.16961704466398878
HCAHeartST12992072	PC2_atria	atrial_myocyte	0.5466549236397455
HCAHeartST12992072	Adip1	pacemaker	0.12118648619865004
HCAHeartST12992072	Adip1	atrial_myocyte	0.30801065596431276
HCAHeartST12992072	SMC2_art	pacemaker	-0.00399583282831784
HCAHeartST12992072	SMC2_art	atrial_myocyte	-0.49010034929657653
HCAHeartST12992072	Meso	pacemaker	0.1454927502393545
HCAHeartST12992072	Meso	atrial_myocyte	0.31093745170820997
HCAHeartST12992072	Mast	pacemaker	0.21193024810614552
HCAHeartST12992072	Mast	atrial_myocyte	-0.08840524198553075
HCAHeartST13228105	SAN_P_cell	pacemaker	0.4900221878601974
HCAHeartST13228105	SAN_P_cell	atrial_myocyte	0.8200840452274801
HCAHeartST13228105	aCM1	pacemaker	0.41992241661351687
HCAHeartST13228105	aCM1	atrial_myocyte	0.7489477055714886
HCAHeartST13228105	aCM3	pacemaker	0.16719292361134075
HCAHeartST13228105	aCM3	atrial_myocyte	0.1690942949807587
HCAHeartST13228105	aCM4	pacemaker	0.4202762566063395
HCAHeartST13228105	aCM4	atrial_myocyte	0.8869306215683456
HCAHeartST13228105	FB1	pacemaker	0.43909134782849857
HCAHeartST13228105	FB1	atrial_myocyte	0.6524600019887664
HCAHeartST13228105	FB3	pacemaker	-0.2611268822937573
HCAHeartST13228105	FB3	atrial_myocyte	-0.6027198290852904
HCAHeartST13228105	FB5	pacemaker	0.41936641675373887
HCAHeartST13228105	FB5	atrial_myocyte	0.6135027645211157
HCAHeartST13228105	NC1_glial	pacemaker	0.10249132342279972
HCAHeartST13228105	NC1_glial	atrial_myocyte	-0.11107252009407564
HCAHeartST13228105	EC2_cap	pacemaker	0.43884929181393967
HCAHeartST13228105	EC2_cap	atrial_myocyte	0.744337771533044
HCAHeartST13228105	EC6_ven	pacemaker	-0.24247860882347375
HCAHeartST13228105	EC6_ven	atrial_myocyte	-0.47095251154475687
HCAHeartST13228105	PC1_vent	pacemaker	0.4572233463389244
HCAHeartST13228105	PC1_vent	atrial_myocyte	0.7623282261787107
HCAHeartST13228105	PC2_atria	pacemaker	0.4153219066708267
HCAHeartST13228105	PC2_atria	atrial_myocyte	0.5438188448993725
HCAHeartST13228105	Adip1	pacemaker	-0.32094705693493253
HCAHeartST13228105	Adip1	atrial_myocyte	-0.3475873047491486
HCAHeartST13228105	SMC2_art	pacemaker	0.3112039054071517
HCAHeartST13228105	SMC2_art	atrial_myocyte	0.3017930485703732
HCAHeartST13228105	Meso	pacemaker	0.2595096310375793
HCAHeartST13228105	Meso	atrial_myocyte	0.3809902026228368
HCAHeartST13228105	Mast	pacemaker	-0.21667054394197555
HCAHeartST13228105	Mast	atrial_myocyte	-0.46567297888714004
HCAHeartST13228106	SAN_P_cell	pacemaker	0.391414958229144
HCAHeartST13228106	SAN_P_cell	atrial_myocyte	0.18941540834907514
HCAHeartST13228106	aCM1	pacemaker	0.11261033884330535
HCAHeartST13228106	aCM1	atrial_myocyte	0.603666318264597
HCAHeartST13228106	aCM3	pacemaker	0.17678646353605382
HCAHeartST13228106	aCM3	atrial_myocyte	-0.1692678925850835
HCAHeartST13228106	aCM4	pacemaker	0.08335639280763915
HCAHeartST13228106	aCM4	atrial_myocyte	0.7994974129741268
HCAHeartST13228106	FB1	pacemaker	0.1685325723811981
HCAHeartST13228106	FB1	atrial_myocyte	0.4822189703997892
HCAHeartST13228106	FB3	pacemaker	-0.014461304488119081
HCAHeartST13228106	FB3	atrial_myocyte	-0.5241781130867301
HCAHeartST13228106	FB5	pacemaker	0.21836892809473174
HCAHeartST13228106	FB5	atrial_myocyte	-0.04867184401227023
HCAHeartST13228106	NC1_glial	pacemaker	0.2020463759285251
HCAHeartST13228106	NC1_glial	atrial_myocyte	-0.12309974705858218
HCAHeartST13228106	EC2_cap	pacemaker	0.1810472863524218
HCAHeartST13228106	EC2_cap	atrial_myocyte	0.5267931634086868
HCAHeartST13228106	EC6_ven	pacemaker	0.06595093220778327
HCAHeartST13228106	EC6_ven	atrial_myocyte	0.5747502664908658
HCAHeartST13228106	PC1_vent	pacemaker	0.2509690242305091
HCAHeartST13228106	PC1_vent	atrial_myocyte	0.2655136942655092
HCAHeartST13228106	PC2_atria	pacemaker	0.23029364878391914
HCAHeartST13228106	PC2_atria	atrial_myocyte	0.2132020651319395
HCAHeartST13228106	Adip1	pacemaker	-0.030675881423701378
HCAHeartST13228106	Adip1	atrial_myocyte	0.1369188387061006
HCAHeartST13228106	SMC2_art	pacemaker	0.16720439095904532
HCAHeartST13228106	SMC2_art	atrial_myocyte	-0.4879889193366521
HCAHeartST13228106	Meso	pacemaker	0.08199951510392472
HCAHeartST13228106	Meso	atrial_myocyte	0.5558715255939065
HCAHeartST13228106	Mast	pacemaker	0.18305069196911003
HCAHeartST13228106	Mast	atrial_myocyte	0.00930152335408653
HCAHeartST13233996	SAN_P_cell	pacemaker	0.49684700645654845
HCAHeartST13233996	SAN_P_cell	atrial_myocyte	0.568639266961067
HCAHeartST13233996	aCM1	pacemaker	0.3988467620251303
HCAHeartST13233996	aCM1	atrial_myocyte	0.6810170699424327
HCAHeartST13233996	aCM3	pacemaker	0.2635510284148577
HCAHeartST13233996	aCM3	atrial_myocyte	0.20521623898445296
HCAHeartST13233996	aCM4	pacemaker	0.2849879681762964
HCAHeartST13233996	aCM4	atrial_myocyte	0.8697919472848596
HCAHeartST13233996	FB1	pacemaker	0.39685192706208944
HCAHeartST13233996	FB1	atrial_myocyte	0.5255596888853472
HCAHeartST13233996	FB3	pacemaker	0.1808002861070522
HCAHeartST13233996	FB3	atrial_myocyte	-0.17975870060250645
HCAHeartST13233996	FB5	pacemaker	0.33643860452320495
HCAHeartST13233996	FB5	atrial_myocyte	0.4352974073310421
HCAHeartST13233996	NC1_glial	pacemaker	0.3925495923516294
HCAHeartST13233996	NC1_glial	atrial_myocyte	0.3233079461288936
HCAHeartST13233996	EC2_cap	pacemaker	0.3794301740278848
HCAHeartST13233996	EC2_cap	atrial_myocyte	0.6564990043241524
HCAHeartST13233996	EC6_ven	pacemaker	0.2411267701126387
HCAHeartST13233996	EC6_ven	atrial_myocyte	0.3027240309214562
HCAHeartST13233996	PC1_vent	pacemaker	0.4125400464317651
HCAHeartST13233996	PC1_vent	atrial_myocyte	0.6635760462069997
HCAHeartST13233996	PC2_atria	pacemaker	0.4199297527573902
HCAHeartST13233996	PC2_atria	atrial_myocyte	0.6269131086047799
HCAHeartST13233996	Adip1	pacemaker	0.199276234440529
HCAHeartST13233996	Adip1	atrial_myocyte	0.0021798165801786623
HCAHeartST13233996	SMC2_art	pacemaker	0.346770098339873
HCAHeartST13233996	SMC2_art	atrial_myocyte	0.22161328156626126
HCAHeartST13233996	Meso	pacemaker	0.33335596475298906
HCAHeartST13233996	Meso	atrial_myocyte	0.4152999954073897
HCAHeartST13233996	Mast	pacemaker	0.3362022580251923
HCAHeartST13233996	Mast	atrial_myocyte	0.1702310927450168
HCAHeartST13233997	SAN_P_cell	pacemaker	0.4890467782358479
HCAHeartST13233997	SAN_P_cell	atrial_myocyte	0.3465120543003271
HCAHeartST13233997	aCM1	pacemaker	0.36897461826482403
HCAHeartST13233997	aCM1	atrial_myocyte	0.5031160945227652
HCAHeartST13233997	aCM3	pacemaker	0.21203822629373376
HCAHeartST13233997	aCM3	atrial_myocyte	0.04450902482184354
HCAHeartST13233997	aCM4	pacemaker	0.24883232039266306
HCAHeartST13233997	aCM4	atrial_myocyte	0.8691639480554755
HCAHeartST13233997	FB1	pacemaker	0.31702537267302067
HCAHeartST13233997	FB1	atrial_myocyte	0.21474353611379207
HCAHeartST13233997	FB3	pacemaker	0.07187643657623163
HCAHeartST13233997	FB3	atrial_myocyte	-0.434424276095285
HCAHeartST13233997	FB5	pacemaker	0.18544691834801
HCAHeartST13233997	FB5	atrial_myocyte	-0.04643293772363842
HCAHeartST13233997	NC1_glial	pacemaker	0.29728624742310283
HCAHeartST13233997	NC1_glial	atrial_myocyte	0.033181072384864965
HCAHeartST13233997	EC2_cap	pacemaker	0.2612110399675297
HCAHeartST13233997	EC2_cap	atrial_myocyte	0.6304119977402622
HCAHeartST13233997	EC6_ven	pacemaker	0.1861165480975002
HCAHeartST13233997	EC6_ven	atrial_myocyte	0.12731519014948955
HCAHeartST13233997	PC1_vent	pacemaker	0.33120993864825315
HCAHeartST13233997	PC1_vent	atrial_myocyte	0.6472322890411454
HCAHeartST13233997	PC2_atria	pacemaker	0.36504481927672205
HCAHeartST13233997	PC2_atria	atrial_myocyte	0.46356387810142907
HCAHeartST13233997	Adip1	pacemaker	0.26672884785136364
HCAHeartST13233997	Adip1	atrial_myocyte	0.21426489181218758
HCAHeartST13233997	SMC2_art	pacemaker	0.18545817140073012
HCAHeartST13233997	SMC2_art	atrial_myocyte	-0.15644569491283425
HCAHeartST13233997	Meso	pacemaker	0.3382688733250134
HCAHeartST13233997	Meso	atrial_myocyte	0.3733690426342092
HCAHeartST13233997	Mast	pacemaker	0.27229170359157495
HCAHeartST13233997	Mast	atrial_myocyte	0.014874158524867287
HCAHeartST13233998	SAN_P_cell	pacemaker	0.4485528855431354
HCAHeartST13233998	SAN_P_cell	atrial_myocyte	0.30491474090393794
HCAHeartST13233998	aCM1	pacemaker	0.15325883311303598
HCAHeartST13233998	aCM1	atrial_myocyte	0.5723947704397985
HCAHeartST13233998	aCM3	pacemaker	0.09814860173800623
HCAHeartST13233998	aCM3	atrial_myocyte	0.32771095884604684
HCAHeartST13233998	aCM4	pacemaker	0.20300866762196346
HCAHeartST13233998	aCM4	atrial_myocyte	0.8547983600321968
HCAHeartST13233998	FB1	pacemaker	0.10568261976201142
HCAHeartST13233998	FB1	atrial_myocyte	-0.3313577434335903
HCAHeartST13233998	FB3	pacemaker	-0.12129814519667176
HCAHeartST13233998	FB3	atrial_myocyte	-0.6171785492287485
HCAHeartST13233998	FB5	pacemaker	-0.1067357988114043
HCAHeartST13233998	FB5	atrial_myocyte	-0.3832718988383618
HCAHeartST13233998	NC1_glial	pacemaker	0.0020798779533056084
HCAHeartST13233998	NC1_glial	atrial_myocyte	-0.4092240461994641
HCAHeartST13233998	EC2_cap	pacemaker	0.16294267224436165
HCAHeartST13233998	EC2_cap	atrial_myocyte	0.31952535059337484
HCAHeartST13233998	EC6_ven	pacemaker	-0.006604544043777634
HCAHeartST13233998	EC6_ven	atrial_myocyte	-0.030386204530279595
HCAHeartST13233998	PC1_vent	pacemaker	0.27194029155189997
HCAHeartST13233998	PC1_vent	atrial_myocyte	0.5501363965805935
HCAHeartST13233998	PC2_atria	pacemaker	0.18164874488756502
HCAHeartST13233998	PC2_atria	atrial_myocyte	0.32642452590692383
HCAHeartST13233998	Adip1	pacemaker	-0.04227017246056888
HCAHeartST13233998	Adip1	atrial_myocyte	-0.3989188113698036
HCAHeartST13233998	SMC2_art	pacemaker	0.03447229705472304
HCAHeartST13233998	SMC2_art	atrial_myocyte	0.008125044678676262
HCAHeartST13233998	Meso	pacemaker	0.08007214150451444
HCAHeartST13233998	Meso	atrial_myocyte	0.07317055201064021
HCAHeartST13233998	Mast	pacemaker	-0.10050045011943036
HCAHeartST13233998	Mast	atrial_myocyte	-0.5266713707692637
HCAHeartST13233999	SAN_P_cell	pacemaker	0.5164389595261936
HCAHeartST13233999	SAN_P_cell	atrial_myocyte	0.3839096677860155
HCAHeartST13233999	aCM1	pacemaker	0.2888686157801594
HCAHeartST13233999	aCM1	atrial_myocyte	0.7486587275282159
HCAHeartST13233999	aCM3	pacemaker	0.3134243135383508
HCAHeartST13233999	aCM3	atrial_myocyte	0.21781949314480165
HCAHeartST13233999	aCM4	pacemaker	0.2883971314318692
HCAHeartST13233999	aCM4	atrial_myocyte	0.8601962650154806
HCAHeartST13233999	FB1	pacemaker	0.2563705325864638
HCAHeartST13233999	FB1	atrial_myocyte	0.0152848488140451
HCAHeartST13233999	FB3	pacemaker	0.07009797219028142
HCAHeartST13233999	FB3	atrial_myocyte	-0.5420264342251042
HCAHeartST13233999	FB5	pacemaker	0.11815306479584708
HCAHeartST13233999	FB5	atrial_myocyte	-0.07955556278851374
HCAHeartST13233999	NC1_glial	pacemaker	0.18712209639462057
HCAHeartST13233999	NC1_glial	atrial_myocyte	-0.23318155512561942
HCAHeartST13233999	EC2_cap	pacemaker	0.20960260222540192
HCAHeartST13233999	EC2_cap	atrial_myocyte	0.3180495830122662
HCAHeartST13233999	EC6_ven	pacemaker	0.12876233934495296
HCAHeartST13233999	EC6_ven	atrial_myocyte	0.07421344590733532
HCAHeartST13233999	PC1_vent	pacemaker	0.3530528263365541
HCAHeartST13233999	PC1_vent	atrial_myocyte	0.6562181086582758
HCAHeartST13233999	PC2_atria	pacemaker	0.3643326737239722
HCAHeartST13233999	PC2_atria	atrial_myocyte	0.4506219924175582
HCAHeartST13233999	Adip1	pacemaker	-0.02227910473293469
HCAHeartST13233999	Adip1	atrial_myocyte	-0.5339917897962377
HCAHeartST13233999	SMC2_art	pacemaker	0.2908475295467814
HCAHeartST13233999	SMC2_art	atrial_myocyte	0.4157266678084168
HCAHeartST13233999	Meso	pacemaker	0.3059590385589398
HCAHeartST13233999	Meso	atrial_myocyte	0.32858626743868896
HCAHeartST13233999	Mast	pacemaker	0.05161939718827233
HCAHeartST13233999	Mast	atrial_myocyte	-0.4659019750432031
