section	trait	compartment	n	effect
SAN__HCAHeartST10659160	RestingHeartRate	adipose_tissue	470	0.6579796343678583
SAN__HCAHeartST10659160	RestingHeartRate	endocardium	51	-0.07750841590668811
SAN__HCAHeartST10659160	RestingHeartRate	epicardium_subepicardium	389	-1.2637836127220092
SAN__HCAHeartST10659160	RestingHeartRate	fibrosis	86	0.27959434499129987
SAN__HCAHeartST10659160	RestingHeartRate	myocardium_atrial	2104	0.5423096066960875
SAN__HCAHeartST10659160	RestingHeartRate	node	882	-0.3641016125732306
SAN__HCAHeartST10659160	RestingHeartRate	vessel	60	-2.4469763750375995
SAN__HCAHeartST12992072	RestingHeartRate	adipose_tissue	189	-0.4673752504040607
SAN__HCAHeartST12992072	RestingHeartRate	endocardium	100	1.1566293876121416
SAN__HCAHeartST12992072	RestingHeartRate	epicardium_subepicardium	52	-1.4055974272779101
SAN__HCAHeartST12992072	RestingHeartRate	myocardium_atrial	2233	0.5037301851215807
SAN__HCAHeartST12992072	RestingHeartRate	node	608	0.5940080391537839
SAN__HCAHeartST12992072	RestingHeartRate	vessel	161	-4.084059514419775
SAN__HCAHeartST13228105	RestingHeartRate	adipose_tissue	679	-1.3694793876891054
SAN__HCAHeartST13228105	RestingHeartRate	myocardium_atrial	566	0.549747744389439
SAN__HCAHeartST13228105	RestingHeartRate	nerve	170	-1.4850544138475539
SAN__HCAHeartST13228105	RestingHeartRate	node	481	1.6948866315770958
SAN__HCAHeartST13228106	RestingHeartRate	adipose_tissue	89	-1.9203219629455934
SAN__HCAHeartST13228106	RestingHeartRate	haemorrhage	40	1.213771277721332
SAN__HCAHeartST13228106	RestingHeartRate	myocardium_atrial	2195	-0.5594219248379244
SAN__HCAHeartST13228106	RestingHeartRate	node	497	1.0376508612705764
SAN__HCAHeartST13228106	RestingHeartRate	vessel	43	-0.5114597301211279
SAN__HCAHeartST13233996	RestingHeartRate	adipose_tissue	626	-0.543545094058461
SAN__HCAHeartST13233996	RestingHeartRate	fibrosis	302	-2.466062835992278
SAN__HCAHeartST13233996	RestingHeartRate	myocardium_atrial	693	1.927498940295155
SAN__HCAHeartST13233996	RestingHeartRate	node	482	-0.08045276465940088
SAN__HCAHeartST13233996	RestingHeartRate	vessel	68	0.0621522394684515
SAN__HCAHeartST13233997	RestingHeartRate	adipose_tissue	168	-3.1535984109256576
SAN__HCAHeartST13233997	RestingHeartRate	fibrosis	385	-1.9710257282225365
SAN__HCAHeartST13233997	RestingHeartRate	myocardium_atrial	1027	2.527432108624945
SAN__HCAHeartST13233997	RestingHeartRate	node	634	-0.6427885591392144
SAN__HCAHeartST13233997	RestingHeartRate	vessel	40	-0.014022563778416153
SAN__HCAHeartST13233998	RestingHeartRate	adipose_tissue	349	-2.776219396830065
SAN__HCAHeartST13233998	RestingHeartRate	fibrosis	626	0.9014297098054764
SAN__HCAHeartST13233998	RestingHeartRate	myocardium_atrial	1279	1.3737072154913603
SAN__HCAHeartST13233998	RestingHeartRate	node	395	-1.631574185609558
SAN__HCAHeartST13233998	RestingHeartRate	vessel	41	0.9526587884130979
SAN__HCAHeartST13233999	RestingHeartRate	adipose_tissue	346	-2.3820902555470576
SAN__HCAHeartST13233999	RestingHeartRate	fibrosis	524	-2.6672118545609873
SAN__HCAHeartST13233999	RestingHeartRate	myocardium_atrial	856	2.080993019778746
SAN__HCAHeartST13233999	RestingHeartRate	node	448	2.3144233097329128
SAN__HCAHeartST13233999	RestingHeartRate	vessel	142	-1.3261261644059132
SAN__HCAHeartST10659160	AtrialFibrillation	adipose_tissue	470	0.28923295652183956
SAN__HCAHeartST10659160	AtrialFibrillation	endocardium	51	-0.1586828904791473
SAN__HCAHeartST10659160	AtrialFibrillation	epicardium_subepicardium	389	-0.7708702702450619
SAN__HCAHeartST10659160	AtrialFibrillation	fibrosis	86	1.0265704025926607
SAN__HCAHeartST10659160	AtrialFibrillation	myocardium_atrial	2104	0.6614726038454553
SAN__HCAHeartST10659160	AtrialFibrillation	node	882	-0.8206786011195952
SAN__HCAHeartST10659160	AtrialFibrillation	vessel	60	-0.4895885476081697
SAN__HCAHeartST12992072	AtrialFibrillation	adipose_tissue	189	-0.2895602807758607
SAN__HCAHeartST12992072	AtrialFibrillation	endocardium	100	0.09317836657199119
SAN__HCAHeartST12992072	AtrialFibrillation	epicardium_subepicardium	52	-1.4593365258061421
SAN__HCAHeartST12992072	AtrialFibrillation	myocardium_atrial	2233	0.7436307250390485
SAN__HCAHeartST12992072	AtrialFibrillation	node	608	-0.03448201267047413
SAN__HCAHeartST12992072	AtrialFibrillation	vessel	161	-2.7204967382265215
SAN__HCAHeartST13228105	AtrialFibrillation	adipose_tissue	679	-0.7674257872749154
SAN__HCAHeartST13228105	AtrialFibrillation	myocardium_atrial	566	0.6837855048284172
SAN__HCAHeartST13228105	AtrialFibrillation	nerve	170	-0.5816358715605442
SAN__HCAHeartST13228105	AtrialFibrillation	node	481	0.42620346663337516
SAN__HCAHeartST13228106	AtrialFibrillation	adipose_tissue	89	0.15565863180392192
SAN__HCAHeartST13228106	AtrialFibrillation	haemorrhage	40	0.9355386009035214
SAN__HCAHeartST13228106	AtrialFibrillation	myocardium_atrial	2195	0.04117998217777985
SAN__HCAHeartST13228106	AtrialFibrillation	node	497	-0.03551051241104508
SAN__HCAHeartST13228106	AtrialFibrillation	vessel	43	-1.3422475156168145
SAN__HCAHeartST13233996	AtrialFibrillation	adipose_tissue	626	-0.2112831267675379
SAN__HCAHeartST13233996	AtrialFibrillation	fibrosis	302	-1.6712534039487026
SAN__HCAHeartST13233996	AtrialFibrillation	myocardium_atrial	693	1.8078986030154947
SAN__HCAHeartST13233996	AtrialFibrillation	node	482	-0.9874992334164312
SAN__HCAHeartST13233996	AtrialFibrillation	vessel	68	0.698158133524762
SAN__HCAHeartST13233997	AtrialFibrillation	adipose_tissue	168	-1.8294335104606738
SAN__HCAHeartST13233997	AtrialFibrillation	fibrosis	385	-1.0458398508088038
SAN__HCAHeartST13233997	AtrialFibrillation	myocardium_atrial	1027	1.7880105665577548
SAN__HCAHeartST13233997	AtrialFibrillation	node	634	-0.9034740555268834
SAN__HCAHeartST13233997	AtrialFibrillation	vessel	40	0.7733427376451472
SAN__HCAHeartST13233998	AtrialFibrillation	adipose_tissue	349	-1.7224734317031274
SAN__HCAHeartST13233998	AtrialFibrillation	fibrosis	626	0.5631861468203001
SAN__HCAHeartST13233998	AtrialFibrillation	myocardium_atrial	1279	1.2565668283255005
SAN__HCAHeartST13233998	AtrialFibrillation	node	395	-1.8611119028905918
SAN__HCAHeartST13233998	AtrialFibrillation	vessel	41	0.9120884698105836
SAN__HCAHeartST13233999	AtrialFibrillation	adipose_tissue	346	-1.289844006273442
SAN__HCAHeartST13233999	AtrialFibrillation	fibrosis	524	-1.6531834571694803
SAN__HCAHeartST13233999	AtrialFibrillation	myocardium_atrial	856	1.6357679474949869
SAN__HCAHeartST13233999	AtrialFibrillation	node	448	0.7576998400736075
SAN__HCAHeartST13233999	AtrialFibrillation	vessel	142	-0.7996977911773947
SAN__HCAHeartST10659160	PRinterval	adipose_tissue	470	0.709666879545273
SAN__HCAHeartST10659160	PRinterval	endocardium	51	1.3805030155496159
SAN__HCAHeartST10659160	PRinterval	epicardium_subepicardium	389	-1.4208772585386056
SAN__HCAHeartST10659160	PRinterval	fibrosis	86	1.218119738246292
SAN__HCAHeartST10659160	PRinterval	myocardium_atrial	2104	1.1273927479662267
SAN__HCAHeartST10659160	PRinterval	node	882	-1.4205963938072317
SAN__HCAHeartST10659160	PRinterval	vessel	60	-2.115223200491329
SAN__HCAHeartST12992072	PRinterval	adipose_tissue	189	-0.553348646420835
SAN__HCAHeartST12992072	PRinterval	endocardium	100	1.3088675070204299
SAN__HCAHeartST12992072	PRinterval	epicardium_subepicardium	52	-2.8719379992151275
SAN__HCAHeartST12992072	PRinterval	myocardium_atrial	2233	1.3310254617094637
SAN__HCAHeartST12992072	PRinterval	node	608	-0.4218192765337627
SAN__HCAHeartST12992072	PRinterval	vessel	161	-4.295934023712903
SAN__HCAHeartST13228105	PRinterval	adipose_tissue	679	-1.17739229552685
SAN__HCAHeartST13228105	PRinterval	myocardium_atrial	566	1.2245132288314817
SAN__HCAHeartST13228105	PRinterval	nerve	170	-1.4742622360801372
SAN__HCAHeartST13228105	PRinterval	node	481	0.710708460103604
SAN__HCAHeartST13228106	PRinterval	adipose_tissue	89	-1.5799003855611964
SAN__HCAHeartST13228106	PRinterval	haemorrhage	40	-0.8487658026298495
SAN__HCAHeartST13228106	PRinterval	myocardium_atrial	2195	1.0613964364878568
SAN__HCAHeartST13228106	PRinterval	node	497	-0.8453976676376327
SAN__HCAHeartST13228106	PRinterval	vessel	43	-0.6431452688102328
SAN__HCAHeartST13233996	PRinterval	adipose_tissue	626	-0.04679899215192185
SAN__HCAHeartST13233996	PRinterval	fibrosis	302	-2.4860267558478815
SAN__HCAHeartST13233996	PRinterval	myocardium_atrial	693	2.120483112751252
SAN__HCAHeartST13233996	PRinterval	node	482	-0.8090128458275574
SAN__HCAHeartST13233996	PRinterval	vessel	68	-0.453323117874719
SAN__HCAHeartST13233997	PRinterval	adipose_tissue	168	-2.846761163447804
SAN__HCAHeartST13233997	PRinterval	fibrosis	385	-1.9046589177378397
SAN__HCAHeartST13233997	PRinterval	myocardium_atrial	1027	2.519720929403065
SAN__HCAHeartST13233997	PRinterval	node	634	-0.8868665558620643
SAN__HCAHeartST13233997	PRinterval	vessel	40	1.1729577404814582
SAN__HCAHeartST13233998	PRinterval	adipose_tissue	349	-2.719429742941105
SAN__HCAHeartST13233998	PRinterval	fibrosis	626	0.2426339281025549
SAN__HCAHeartST13233998	PRinterval	myocardium_atrial	1279	2.1593646994059013
SAN__HCAHeartST13233998	PRinterval	node	395	-2.051271436716204
SAN__HCAHeartST13233998	PRinterval	vessel	41	-1.1887567547102134
SAN__HCAHeartST13233999	PRinterval	adipose_tissue	346	-2.5334664098795336
SAN__HCAHeartST13233999	PRinterval	fibrosis	524	-2.2721254679550564
SAN__HCAHeartST13233999	PRinterval	myocardium_atrial	856	2.9549428943742035
SAN__HCAHeartST13233999	PRinterval	node	448	0.8625231078312194
SAN__HCAHeartST13233999	PRinterval	vessel	142	-1.795802519110425
