section	trait	new	old
SAN__HCAHeartST10659160	RestingHeartRate	0.08423390352043743	0.6494313974334627
SAN__HCAHeartST12992072	RestingHeartRate	-0.018112555296841314	0.8561909892522478
SAN__HCAHeartST13228105	RestingHeartRate	0.4838851174604399	0.8398108848761098
SAN__HCAHeartST13228106	RestingHeartRate	-0.2944212510466901	0.7326022324121845
SAN__HCAHeartST13233996	RestingHeartRate	0.3940021141938633	0.7910181591451378
SAN__HCAHeartST13233997	RestingHeartRate	0.41154612065274154	0.8179979472870361
SAN__HCAHeartST13233998	RestingHeartRate	0.4270060279106545	0.8001215679365239
SAN__HCAHeartST13233999	RestingHeartRate	0.5085664078518763	0.7853187425251772
SAN__HCAHeartST10659160	AtrialFibrillation	0.013969757681705101	0.4895020318908455
SAN__HCAHeartST12992072	AtrialFibrillation	0.0692082663185511	0.8193557142777697
SAN__HCAHeartST13228105	AtrialFibrillation	0.40858545984200584	0.8217050209727956
SAN__HCAHeartST13228106	AtrialFibrillation	-0.257148771223944	0.6911583255778332
SAN__HCAHeartST13233996	AtrialFibrillation	0.37133954382367795	0.773844990091936
SAN__HCAHeartST13233997	AtrialFibrillation	0.3704685827031572	0.7938672346210117
SAN__HCAHeartST13233998	AtrialFibrillation	0.4284977201809319	0.7554941954616372
SAN__HCAHeartST13233999	AtrialFibrillation	0.48065761759359593	0.7578495425696149
SAN__HCAHeartST10659160	PRinterval	-0.1289670321243801	0.5525333698539208
SAN__HCAHeartST12992072	PRinterval	0.1783859135851441	0.8548125237101951
SAN__HCAHeartST13228105	PRinterval	0.4602112602475927	0.8260497045238565
SAN__HCAHeartST13228106	PRinterval	0.05790965446062461	0.7879375038071856
SAN__HCAHeartST13233996	PRinterval	0.392521079455747	0.7810648552891766
SAN__HCAHeartST13233997	PRinterval	0.4494625814429406	0.7910335855827069
SAN__HCAHeartST13233998	PRinterval	0.4835455991664632	0.7696709753562878
SAN__HCAHeartST13233999	PRinterval	0.5648632673235658	0.7731285429971573
SAN__HCAHeartST10659160	EducationalAttainment	0.043666930031000854	0.4601992843062415
SAN__HCAHeartST12992072	EducationalAttainment	-0.19871136474550974	0.4787994801894715
SAN__HCAHeartST13228105	EducationalAttainment	0.16962786752535045	0.6634755905363725
SAN__HCAHeartST13228106	EducationalAttainment	-0.23490824608275324	0.3115253296987524
SAN__HCAHeartST13233996	EducationalAttainment	0.12445162639119906	0.5247734354353423
SAN__HCAHeartST13233997	EducationalAttainment	0.0025693209213873526	0.5345743112559865
SAN__HCAHeartST13233998	EducationalAttainment	0.09495857324586206	0.6020598573598691
SAN__HCAHeartST13233999	EducationalAttainment	0.04248358285669189	0.5794266776866693
