section	region	trait	compartment	trait_eff	ctrl_eff	strat_effect
AVN__HCAHeartST11290657	AVN	RestingHeartRate	myocardium_ventricular	0.3098868709440132	-0.5220322793266665	0.8319191502706798
AVN__HCAHeartST11290657	AVN	RestingHeartRate	cardiac_skeleton	-0.05580093577628864	0.34651324206184436	-0.402314177838133
AVN__HCAHeartST11290657	AVN	RestingHeartRate	myocardium_atrial	-0.22059328951309545	0.41700864422723655	-0.637601933740332
AVN__HCAHeartST11290657	AVN	AtrialFibrillation	myocardium_ventricular	0.4264052691236276	-0.5220322793266665	0.948437548450294
AVN__HCAHeartST11290657	AVN	AtrialFibrillation	cardiac_skeleton	0.09043498035873776	0.34651324206184436	-0.2560782617031066
AVN__HCAHeartST11290657	AVN	AtrialFibrillation	myocardium_atrial	-0.2531035703548925	0.41700864422723655	-0.670112214582129
AVN__HCAHeartST11290657	AVN	PRinterval	myocardium_ventricular	1.538132735147306	-0.5220322793266665	2.0601650144739727
AVN__HCAHeartST11290657	AVN	PRinterval	cardiac_skeleton	-0.5140631966681771	0.34651324206184436	-0.8605764387300214
AVN__HCAHeartST11290657	AVN	PRinterval	myocardium_atrial	-1.1666633006719365	0.41700864422723655	-1.583671944899173
AVN__HCAHeartST11290658	AVN	RestingHeartRate	cardiac_skeleton	-0.2816153043854759	0.2603823423654469	-0.5419976467509228
AVN__HCAHeartST11290658	AVN	RestingHeartRate	myocardium_ventricular	0.23651548061213964	-0.21663883639481082	0.45315431700695047
AVN__HCAHeartST11290658	AVN	RestingHeartRate	AV_bundle	-0.7802594887806371	-0.5432618682387149	-0.2369976205419222
AVN__HCAHeartST11290658	AVN	RestingHeartRate	myocardium_atrial	-0.41218922464060004	0.14600322233871843	-0.5581924469793185
AVN__HCAHeartST11290658	AVN	AtrialFibrillation	cardiac_skeleton	-0.5681365300200905	0.2603823423654469	-0.8285188723855373
AVN__HCAHeartST11290658	AVN	AtrialFibrillation	myocardium_ventricular	0.09798330975413135	-0.21663883639481082	0.3146221461489422
AVN__HCAHeartST11290658	AVN	AtrialFibrillation	AV_bundle	-0.310463623757219	-0.5432618682387149	0.23279824448149594
AVN__HCAHeartST11290658	AVN	AtrialFibrillation	myocardium_atrial	0.8781463380016934	0.14600322233871843	0.732143115662975
AVN__HCAHeartST11290658	AVN	PRinterval	cardiac_skeleton	-0.9638526247864914	0.2603823423654469	-1.2242349671519381
AVN__HCAHeartST11290658	AVN	PRinterval	myocardium_ventricular	0.4718620704682357	-0.21663883639481082	0.6885009068630465
AVN__HCAHeartST11290658	AVN	PRinterval	AV_bundle	-0.13530985750699068	-0.5432618682387149	0.40795201073172427
AVN__HCAHeartST11290658	AVN	PRinterval	myocardium_atrial	-0.5745512090558204	0.14600322233871843	-0.7205544313945388
AVN__HCAHeartST11290659	AVN	RestingHeartRate	myocardium_ventricular	0.23366339289058388	0.19753855514349308	0.0361248377470908
AVN__HCAHeartST11290659	AVN	RestingHeartRate	fibrosis	0.5425859940157024	0.04185328409294263	0.5007327099227598
AVN__HCAHeartST11290659	AVN	RestingHeartRate	cardiac_skeleton	-0.20468663962376007	-0.246098444253208	0.041411804629447935
AVN__HCAHeartST11290659	AVN	RestingHeartRate	AV_bundle	-0.8898620909977082	-0.6262796916512214	-0.26358239934648675
AVN__HCAHeartST11290659	AVN	AtrialFibrillation	myocardium_ventricular	0.2792672558040926	0.19753855514349308	0.08172870066059953
AVN__HCAHeartST11290659	AVN	AtrialFibrillation	fibrosis	-0.030034615266241276	0.04185328409294263	-0.07188789935918391
AVN__HCAHeartST11290659	AVN	AtrialFibrillation	cardiac_skeleton	-0.4008923404884669	-0.246098444253208	-0.15479389623525888
AVN__HCAHeartST11290659	AVN	AtrialFibrillation	AV_bundle	-0.3664556612607137	-0.6262796916512214	0.2598240303905077
AVN__HCAHeartST11290659	AVN	PRinterval	myocardium_ventricular	0.7704632408565543	0.19753855514349308	0.5729246857130612
AVN__HCAHeartST11290659	AVN	PRinterval	fibrosis	-0.5668296504310582	0.04185328409294263	-0.6086829345240008
AVN__HCAHeartST11290659	AVN	PRinterval	cardiac_skeleton	-0.1110902836039403	-0.246098444253208	0.1350081606492677
AVN__HCAHeartST11290659	AVN	PRinterval	AV_bundle	-1.1552313886745342	-0.6262796916512214	-0.5289516970233128
AVN__HCAHeartST11290662	AVN	RestingHeartRate	myocardium_ventricular	0.8293424231062481	-0.7547030146864295	1.5840454377926776
AVN__HCAHeartST11290662	AVN	RestingHeartRate	cardiac_skeleton	-1.027806171180935	0.37840918513742394	-1.4062153563183588
AVN__HCAHeartST11290662	AVN	RestingHeartRate	myocardium_atrial	-0.8669619152120036	0.41556234548669446	-1.2825242606986982
AVN__HCAHeartST11290662	AVN	RestingHeartRate	node	0.1442053114731127	0.6133549799730911	-0.4691496684999784
AVN__HCAHeartST11290662	AVN	RestingHeartRate	fibrosis	-0.1114510423229973	0.07861524521998285	-0.19006628754298016
AVN__HCAHeartST11290662	AVN	AtrialFibrillation	myocardium_ventricular	0.37270942480520525	-0.7547030146864295	1.1274124394916347
AVN__HCAHeartST11290662	AVN	AtrialFibrillation	cardiac_skeleton	-0.9837493540402213	0.37840918513742394	-1.3621585391776452
AVN__HCAHeartST11290662	AVN	AtrialFibrillation	myocardium_atrial	-1.0462200990752455	0.41556234548669446	-1.46178244456194
AVN__HCAHeartST11290662	AVN	AtrialFibrillation	node	0.3295532226739944	0.6133549799730911	-0.2838017572990967
AVN__HCAHeartST11290662	AVN	AtrialFibrillation	fibrosis	1.639189749636099	0.07861524521998285	1.5605745044161161
AVN__HCAHeartST11290662	AVN	PRinterval	myocardium_ventricular	1.3520791198840016	-0.7547030146864295	2.106782134570431
AVN__HCAHeartST11290662	AVN	PRinterval	cardiac_skeleton	-1.6952752926082282	0.37840918513742394	-2.073684477745652
AVN__HCAHeartST11290662	AVN	PRinterval	myocardium_atrial	-1.1284985293074936	0.41556234548669446	-1.5440608747941882
AVN__HCAHeartST11290662	AVN	PRinterval	node	-1.3564713640486037	0.6133549799730911	-1.9698263440216948
AVN__HCAHeartST11290662	AVN	PRinterval	fibrosis	1.1148014754784457	0.07861524521998285	1.0361862302584628
AVN__HCAHeartST11350377	AVN	RestingHeartRate	cardiac_skeleton	-2.1023191020738694	-0.9377043784100768	-1.1646147236637927
AVN__HCAHeartST11350377	AVN	RestingHeartRate	myocardium_ventricular	-0.02905825741215807	-0.19605432095934333	0.16699606354718527
AVN__HCAHeartST11350377	AVN	RestingHeartRate	AV_bundle	1.7567994736617594	-0.7743363641386514	2.5311358378004107
AVN__HCAHeartST11350377	AVN	RestingHeartRate	myocardium_atrial	0.12098753040516161	0.785440872732566	-0.6644533423274044
AVN__HCAHeartST11350377	AVN	RestingHeartRate	fibrosis	-0.08459900264015008	0.2766042365464463	-0.36120323918659636
AVN__HCAHeartST11350377	AVN	AtrialFibrillation	cardiac_skeleton	-1.414262495724557	-0.9377043784100768	-0.4765581173144803
AVN__HCAHeartST11350377	AVN	AtrialFibrillation	myocardium_ventricular	0.5234762661443084	-0.19605432095934333	0.7195305871036517
AVN__HCAHeartST11350377	AVN	AtrialFibrillation	AV_bundle	0.24188542656582032	-0.7743363641386514	1.0162217907044717
AVN__HCAHeartST11350377	AVN	AtrialFibrillation	myocardium_atrial	-0.31629043762668924	0.785440872732566	-1.1017313103592552
AVN__HCAHeartST11350377	AVN	AtrialFibrillation	fibrosis	-0.4700760452767357	0.2766042365464463	-0.7466802818231819
AVN__HCAHeartST11350377	AVN	PRinterval	cardiac_skeleton	-2.104624572615873	-0.9377043784100768	-1.1669201942057965
AVN__HCAHeartST11350377	AVN	PRinterval	myocardium_ventricular	0.7239484164742681	-0.19605432095934333	0.9200027374336115
AVN__HCAHeartST11350377	AVN	PRinterval	AV_bundle	0.527581176613709	-0.7743363641386514	1.3019175407523602
AVN__HCAHeartST11350377	AVN	PRinterval	myocardium_atrial	-0.52455859745782	0.785440872732566	-1.309999470190386
AVN__HCAHeartST11350377	AVN	PRinterval	fibrosis	-0.3401879711287906	0.2766042365464463	-0.6167922076752369
AVN__HCAHeartST12992074	AVN	RestingHeartRate	myocardium_ventricular	0.8677711268772981	-0.25626659739948465	1.1240377242767827
AVN__HCAHeartST12992074	AVN	RestingHeartRate	membraneous_septum	-1.8729425056100197	-0.7921058599494881	-1.0808366456605316
AVN__HCAHeartST12992074	AVN	RestingHeartRate	fibrosis	-0.8611178058572239	-0.04721748075892485	-0.813900325098299
AVN__HCAHeartST12992074	AVN	RestingHeartRate	AV_bundle	-0.15046184674361332	0.5777798948982784	-0.7282417416418917
AVN__HCAHeartST12992074	AVN	AtrialFibrillation	myocardium_ventricular	1.0551191195313685	-0.25626659739948465	1.3113857169308532
AVN__HCAHeartST12992074	AVN	AtrialFibrillation	membraneous_septum	-1.1996066318309757	-0.7921058599494881	-0.4075007718814876
AVN__HCAHeartST12992074	AVN	AtrialFibrillation	fibrosis	-0.4519614162750079	-0.04721748075892485	-0.40474393551608306
AVN__HCAHeartST12992074	AVN	AtrialFibrillation	AV_bundle	-0.788404163747021	0.5777798948982784	-1.3661840586452993
AVN__HCAHeartST12992074	AVN	PRinterval	myocardium_ventricular	1.8144272210532604	-0.25626659739948465	2.070693818452745
AVN__HCAHeartST12992074	AVN	PRinterval	membraneous_septum	-1.2508844613762446	-0.7921058599494881	-0.4587786014267565
AVN__HCAHeartST12992074	AVN	PRinterval	fibrosis	-1.0509871546720895	-0.04721748075892485	-1.0037696739131645
AVN__HCAHeartST12992074	AVN	PRinterval	AV_bundle	-1.7681055161156576	0.5777798948982784	-2.3458854110139358
AVN__HCAHeartST12992075	AVN	RestingHeartRate	myocardium_ventricular	1.370089706411124	-0.3784225993547506	1.7485123057658745
AVN__HCAHeartST12992075	AVN	RestingHeartRate	membraneous_septum	-1.8214213687207257	-0.20047885973554744	-1.6209425089851783
AVN__HCAHeartST12992075	AVN	RestingHeartRate	fibrosis	-0.6667545045500834	0.11655707629398929	-0.7833115808440727
AVN__HCAHeartST12992075	AVN	RestingHeartRate	AV_bundle	-0.08904445083874016	0.11637571896615283	-0.20542016980489297
AVN__HCAHeartST12992075	AVN	AtrialFibrillation	myocardium_ventricular	1.0618441569224182	-0.3784225993547506	1.4402667562771687
AVN__HCAHeartST12992075	AVN	AtrialFibrillation	membraneous_septum	-0.788809843066972	-0.20047885973554744	-0.5883309833314245
AVN__HCAHeartST12992075	AVN	AtrialFibrillation	fibrosis	-0.3358405300428199	0.11655707629398929	-0.45239760633680914
AVN__HCAHeartST12992075	AVN	AtrialFibrillation	AV_bundle	-0.39378448272066896	0.11637571896615283	-0.5101602016868217
AVN__HCAHeartST12992075	AVN	PRinterval	myocardium_ventricular	1.7699984944740783	-0.3784225993547506	2.148421093828829
AVN__HCAHeartST12992075	AVN	PRinterval	membraneous_septum	-2.06241973669969	-0.20047885973554744	-1.8619408769641426
AVN__HCAHeartST12992075	AVN	PRinterval	fibrosis	-0.2844615745644223	0.11655707629398929	-0.4010186508584116
AVN__HCAHeartST12992075	AVN	PRinterval	AV_bundle	-0.7248423928209006	0.11637571896615283	-0.8412181117870534
AVN__HCAHeartST13228103	AVN	RestingHeartRate	AV_bundle	2.4522645253154063	0.7117491724059128	1.7405153529094934
AVN__HCAHeartST13228103	AVN	RestingHeartRate	membraneous_septum	-0.35027428389757853	-0.20419157665722504	-0.1460827072403535
AVN__HCAHeartST13228103	AVN	RestingHeartRate	myocardium_atrial	1.0243508867958904	-0.400808778742998	1.4251596655388883
AVN__HCAHeartST13228103	AVN	RestingHeartRate	myocardium_ventricular	2.899855699927272	0.5736398288583094	2.3262158710689627
AVN__HCAHeartST13228103	AVN	RestingHeartRate	adipose_tissue	-2.748652726086608	-0.3513786243715619	-2.397274101715046
AVN__HCAHeartST13228103	AVN	RestingHeartRate	node	1.4402598542701444	0.9412931969278145	0.4989666573423298
AVN__HCAHeartST13228103	AVN	AtrialFibrillation	AV_bundle	1.474532950485425	0.7117491724059128	0.7627837780795121
AVN__HCAHeartST13228103	AVN	AtrialFibrillation	membraneous_septum	-0.3902608612691863	-0.20419157665722504	-0.18606928461196126
AVN__HCAHeartST13228103	AVN	AtrialFibrillation	myocardium_atrial	0.24796022794227554	-0.400808778742998	0.6487690066852735
AVN__HCAHeartST13228103	AVN	AtrialFibrillation	myocardium_ventricular	1.3032289660720526	0.5736398288583094	0.7295891372137432
AVN__HCAHeartST13228103	AVN	AtrialFibrillation	adipose_tissue	-1.1448697504609588	-0.3513786243715619	-0.7934911260893969
AVN__HCAHeartST13228103	AVN	AtrialFibrillation	node	0.8817537929228004	0.9412931969278145	-0.05953940400501412
AVN__HCAHeartST13228103	AVN	PRinterval	AV_bundle	3.2489967183079673	0.7117491724059128	2.5372475459020545
AVN__HCAHeartST13228103	AVN	PRinterval	membraneous_septum	-0.08404202270509889	-0.20419157665722504	0.12014955395212615
AVN__HCAHeartST13228103	AVN	PRinterval	myocardium_atrial	0.4684723597480775	-0.400808778742998	0.8692811384910755
AVN__HCAHeartST13228103	AVN	PRinterval	myocardium_ventricular	3.0449155844875326	0.5736398288583094	2.471275755629223
AVN__HCAHeartST13228103	AVN	PRinterval	adipose_tissue	-2.6712093814588416	-0.3513786243715619	-2.3198307570872796
AVN__HCAHeartST13228103	AVN	PRinterval	node	0.030338754282936347	0.9412931969278145	-0.9109544426448782
SAN__HCAHeartST10659160	SAN	RestingHeartRate	myocardium_atrial	-1.0488867292473825	-0.9552119495200302	-0.09367477972735228
SAN__HCAHeartST10659160	SAN	RestingHeartRate	adipose_tissue	-0.8502820605643496	-0.7965504307030999	-0.053731629861249686
SAN__HCAHeartST10659160	SAN	RestingHeartRate	node	2.5565044656031333	1.5018210277458832	1.05468343785725
SAN__HCAHeartST10659160	SAN	RestingHeartRate	epicardium_subepicardium	0.07703356424001581	0.6977757850758406	-0.6207422208358248
SAN__HCAHeartST10659160	SAN	RestingHeartRate	fibrosis	-0.6816252899585047	-0.25574942980809645	-0.42587586015040824
SAN__HCAHeartST10659160	SAN	AtrialFibrillation	myocardium_atrial	-0.009373480746345987	-0.9552119495200302	0.9458384687736842
SAN__HCAHeartST10659160	SAN	AtrialFibrillation	adipose_tissue	-0.5371439335621104	-0.7965504307030999	0.2594064971409895
SAN__HCAHeartST10659160	SAN	AtrialFibrillation	node	0.24660554551044836	1.5018210277458832	-1.2552154822354349
SAN__HCAHeartST10659160	SAN	AtrialFibrillation	epicardium_subepicardium	0.12557537972626687	0.6977757850758406	-0.5722004053495737
SAN__HCAHeartST10659160	SAN	AtrialFibrillation	fibrosis	-0.11795988176630168	-0.25574942980809645	0.13778954804179477
SAN__HCAHeartST10659160	SAN	PRinterval	myocardium_atrial	0.4260944699712911	-0.9552119495200302	1.3813064194913212
SAN__HCAHeartST10659160	SAN	PRinterval	adipose_tissue	-0.8286378751857431	-0.7965504307030999	-0.03208744448264311
SAN__HCAHeartST10659160	SAN	PRinterval	node	-0.06365224570039951	1.5018210277458832	-1.5654732734462828
SAN__HCAHeartST10659160	SAN	PRinterval	epicardium_subepicardium	-0.6791109942344502	0.6977757850758406	-1.3768867793102908
SAN__HCAHeartST10659160	SAN	PRinterval	fibrosis	-0.5143881574434421	-0.25574942980809645	-0.2586387276353457
SAN__HCAHeartST10659160	SAN	HRV_RMSSD	myocardium_atrial	-0.19394756799574508	-0.9552119495200302	0.7612643815242851
SAN__HCAHeartST10659160	SAN	HRV_RMSSD	adipose_tissue	-0.2456559060076823	-0.7965504307030999	0.5508945246954177
SAN__HCAHeartST10659160	SAN	HRV_RMSSD	node	0.46237720035630625	1.5018210277458832	-1.039443827389577
SAN__HCAHeartST10659160	SAN	HRV_RMSSD	epicardium_subepicardium	-0.002938573767430882	0.6977757850758406	-0.7007143588432715
SAN__HCAHeartST10659160	SAN	HRV_RMSSD	fibrosis	0.5435454508745047	-0.25574942980809645	0.7992948806826011
SAN__HCAHeartST10659160	SAN	HRV_RMSSDc	myocardium_atrial	-0.28438959536982406	-0.9552119495200302	0.6708223541502061
SAN__HCAHeartST10659160	SAN	HRV_RMSSDc	adipose_tissue	-0.21185870918249122	-0.7965504307030999	0.5846917215206087
SAN__HCAHeartST10659160	SAN	HRV_RMSSDc	node	0.5192044935436394	1.5018210277458832	-0.9826165342022438
SAN__HCAHeartST10659160	SAN	HRV_RMSSDc	epicardium_subepicardium	0.09181761977328651	0.6977757850758406	-0.6059581653025541
SAN__HCAHeartST10659160	SAN	HRV_RMSSDc	fibrosis	0.38075067626977055	-0.25574942980809645	0.636500106077867
SAN__HCAHeartST10659160	SAN	HRV_SDNN	myocardium_atrial	-0.25963145498725165	-0.9552119495200302	0.6955804945327786
SAN__HCAHeartST10659160	SAN	HRV_SDNN	adipose_tissue	-0.2059730038834196	-0.7965504307030999	0.5905774268196804
SAN__HCAHeartST10659160	SAN	HRV_SDNN	node	0.48592297036313253	1.5018210277458832	-1.0158980573827507
SAN__HCAHeartST10659160	SAN	HRV_SDNN	epicardium_subepicardium	0.15385956777860646	0.6977757850758406	-0.5439162172972342
SAN__HCAHeartST10659160	SAN	HRV_SDNN	fibrosis	0.1313717674893522	-0.25574942980809645	0.38712119729744865
SAN__HCAHeartST10659160	SAN	HRV_SDNNc	myocardium_atrial	-0.3652185547330616	-0.9552119495200302	0.5899933947869687
SAN__HCAHeartST10659160	SAN	HRV_SDNNc	adipose_tissue	-0.22705808649385906	-0.7965504307030999	0.5694923442092409
SAN__HCAHeartST10659160	SAN	HRV_SDNNc	node	0.5720793186369465	1.5018210277458832	-0.9297417091089367
SAN__HCAHeartST10659160	SAN	HRV_SDNNc	epicardium_subepicardium	0.24191291692266878	0.6977757850758406	-0.4558628681531718
SAN__HCAHeartST10659160	SAN	HRV_SDNNc	fibrosis	0.12932343205871233	-0.25574942980809645	0.3850728618668088
SAN__HCAHeartST12992072	SAN	RestingHeartRate	adipose_tissue	-0.923916002779224	-0.4295837043809147	-0.49433229839830933
SAN__HCAHeartST12992072	SAN	RestingHeartRate	myocardium_atrial	0.6076121855527479	-0.29072579659698783	0.8983379821497357
SAN__HCAHeartST12992072	SAN	RestingHeartRate	epicardium_subepicardium	-0.62873026289104	-0.07073174290394067	-0.5579985199870993
SAN__HCAHeartST12992072	SAN	RestingHeartRate	node	1.756537872407647	0.4967680070981904	1.2597698653094567
SAN__HCAHeartST12992072	SAN	RestingHeartRate	endocardium	-0.48616434840327444	-0.5594346377468238	0.07327028934354934
SAN__HCAHeartST12992072	SAN	RestingHeartRate	vessel	0.3958477176554722	2.3041177086193163	-1.908269990963844
SAN__HCAHeartST12992072	SAN	AtrialFibrillation	adipose_tissue	-0.4680534699720848	-0.4295837043809147	-0.0384697655911701
SAN__HCAHeartST12992072	SAN	AtrialFibrillation	myocardium_atrial	0.34723120830814613	-0.29072579659698783	0.637957004905134
SAN__HCAHeartST12992072	SAN	AtrialFibrillation	epicardium_subepicardium	-0.5912611117319884	-0.07073174290394067	-0.5205293688280477
SAN__HCAHeartST12992072	SAN	AtrialFibrillation	node	0.8805548905483629	0.4967680070981904	0.3837868834501725
SAN__HCAHeartST12992072	SAN	AtrialFibrillation	endocardium	-0.023466673684798264	-0.5594346377468238	0.5359679640620255
SAN__HCAHeartST12992072	SAN	AtrialFibrillation	vessel	0.11722556322360032	2.3041177086193163	-2.186892145395716
SAN__HCAHeartST12992072	SAN	PRinterval	adipose_tissue	-0.6678033798722826	-0.4295837043809147	-0.23821967549136785
SAN__HCAHeartST12992072	SAN	PRinterval	myocardium_atrial	1.3075636826718577	-0.29072579659698783	1.5982894792688456
SAN__HCAHeartST12992072	SAN	PRinterval	epicardium_subepicardium	-0.5645461409770526	-0.07073174290394067	-0.4938143980731119
SAN__HCAHeartST12992072	SAN	PRinterval	node	0.4799087515334645	0.4967680070981904	-0.016859255564725895
SAN__HCAHeartST12992072	SAN	PRinterval	endocardium	0.1045312854190243	-0.5594346377468238	0.6639659231658481
SAN__HCAHeartST12992072	SAN	PRinterval	vessel	-0.46675784671134346	2.3041177086193163	-2.77087555533066
SAN__HCAHeartST12992072	SAN	HRV_RMSSD	adipose_tissue	-0.2513701947676177	-0.4295837043809147	0.17821350961329702
SAN__HCAHeartST12992072	SAN	HRV_RMSSD	myocardium_atrial	0.32633508643060627	-0.29072579659698783	0.6170608830275941
SAN__HCAHeartST12992072	SAN	HRV_RMSSD	epicardium_subepicardium	0.026131179848241766	-0.07073174290394067	0.09686292275218245
SAN__HCAHeartST12992072	SAN	HRV_RMSSD	node	-0.12583073730915192	0.4967680070981904	-0.6225987444073423
SAN__HCAHeartST12992072	SAN	HRV_RMSSD	endocardium	0.04018580461815086	-0.5594346377468238	0.5996204423649747
SAN__HCAHeartST12992072	SAN	HRV_RMSSD	vessel	0.39707704304374153	2.3041177086193163	-1.9070406655755747
SAN__HCAHeartST12992072	SAN	HRV_RMSSDc	adipose_tissue	-0.19439706068166546	-0.4295837043809147	0.23518664369924924
SAN__HCAHeartST12992072	SAN	HRV_RMSSDc	myocardium_atrial	0.211778420966778	-0.29072579659698783	0.5025042175637658
SAN__HCAHeartST12992072	SAN	HRV_RMSSDc	epicardium_subepicardium	0.03898291489506709	-0.07073174290394067	0.10971465779900777
SAN__HCAHeartST12992072	SAN	HRV_RMSSDc	node	-0.13839372447537585	0.4967680070981904	-0.6351617315735663
SAN__HCAHeartST12992072	SAN	HRV_RMSSDc	endocardium	-0.08055319799570806	-0.5594346377468238	0.47888143975111575
SAN__HCAHeartST12992072	SAN	HRV_RMSSDc	vessel	0.6012328772654829	2.3041177086193163	-1.7028848313538334
SAN__HCAHeartST12992072	SAN	HRV_SDNN	adipose_tissue	-0.20605771629560926	-0.4295837043809147	0.22352598808530544
SAN__HCAHeartST12992072	SAN	HRV_SDNN	myocardium_atrial	0.04362344891616793	-0.29072579659698783	0.33434924551315576
SAN__HCAHeartST12992072	SAN	HRV_SDNN	epicardium_subepicardium	-0.0612038426258869	-0.07073174290394067	0.009527900278053773
SAN__HCAHeartST12992072	SAN	HRV_SDNN	node	0.08907500942478473	0.4967680070981904	-0.40769299767340567
SAN__HCAHeartST12992072	SAN	HRV_SDNN	endocardium	0.14583823906231502	-0.5594346377468238	0.7052728768091387
SAN__HCAHeartST12992072	SAN	HRV_SDNN	vessel	0.345082656475996	2.3041177086193163	-1.9590350521433204
SAN__HCAHeartST12992072	SAN	HRV_SDNNc	adipose_tissue	-0.11717043585280448	-0.4295837043809147	0.31241326852811024
SAN__HCAHeartST12992072	SAN	HRV_SDNNc	myocardium_atrial	-0.03412348168527903	-0.29072579659698783	0.2566023149117088
SAN__HCAHeartST12992072	SAN	HRV_SDNNc	epicardium_subepicardium	-0.13446138567415827	-0.07073174290394067	-0.0637296427702176
SAN__HCAHeartST12992072	SAN	HRV_SDNNc	node	0.10544530387688424	0.4967680070981904	-0.3913227032213062
SAN__HCAHeartST12992072	SAN	HRV_SDNNc	endocardium	-0.004119435993312806	-0.5594346377468238	0.555315201753511
SAN__HCAHeartST12992072	SAN	HRV_SDNNc	vessel	0.5993970516260027	2.3041177086193163	-1.7047206569933135
SAN__HCAHeartST13228105	SAN	RestingHeartRate	node	3.3322492280546645	1.3561211041464085	1.976128123908256
SAN__HCAHeartST13228105	SAN	RestingHeartRate	myocardium_atrial	0.5219559431870817	-0.28845648122653733	0.810412424413619
SAN__HCAHeartST13228105	SAN	RestingHeartRate	adipose_tissue	-2.3457691152207683	-0.7375773940509408	-1.6081917211698276
SAN__HCAHeartST13228105	SAN	RestingHeartRate	nerve	-2.2766285003137194	-0.884987283594919	-1.3916412167188006
SAN__HCAHeartST13228105	SAN	RestingHeartRate	haemorrhage	-0.43472636447193963	-0.28259374563248774	-0.1521326188394519
SAN__HCAHeartST13228105	SAN	AtrialFibrillation	node	2.0839697172073355	1.3561211041464085	0.727848613060927
SAN__HCAHeartST13228105	SAN	AtrialFibrillation	myocardium_atrial	0.44557265611668856	-0.28845648122653733	0.734029137343226
SAN__HCAHeartST13228105	SAN	AtrialFibrillation	adipose_tissue	-1.69033602449758	-0.7375773940509408	-0.9527586304466392
SAN__HCAHeartST13228105	SAN	AtrialFibrillation	nerve	-1.09065570489461	-0.884987283594919	-0.20566842129969098
SAN__HCAHeartST13228105	SAN	AtrialFibrillation	haemorrhage	-0.34611454887632354	-0.28259374563248774	-0.0635208032438358
SAN__HCAHeartST13228105	SAN	PRinterval	node	1.9621019535454296	1.3561211041464085	0.6059808493990211
SAN__HCAHeartST13228105	SAN	PRinterval	myocardium_atrial	1.9807508071355717	-0.28845648122653733	2.269207288362109
SAN__HCAHeartST13228105	SAN	PRinterval	adipose_tissue	-2.106199372273733	-0.7375773940509408	-1.3686219782227922
SAN__HCAHeartST13228105	SAN	PRinterval	nerve	-2.0742170053285096	-0.884987283594919	-1.1892297217335908
SAN__HCAHeartST13228105	SAN	PRinterval	haemorrhage	-0.41866590911858254	-0.28259374563248774	-0.1360721634860948
SAN__HCAHeartST13228105	SAN	HRV_RMSSD	node	0.6191500087565777	1.3561211041464085	-0.7369710953898309
SAN__HCAHeartST13228105	SAN	HRV_RMSSD	myocardium_atrial	-0.03400540709877421	-0.28845648122653733	0.25445107412776313
SAN__HCAHeartST13228105	SAN	HRV_RMSSD	adipose_tissue	-0.23421193650453712	-0.7375773940509408	0.5033654575464037
SAN__HCAHeartST13228105	SAN	HRV_RMSSD	nerve	-0.23503965829771425	-0.884987283594919	0.6499476252972047
SAN__HCAHeartST13228105	SAN	HRV_RMSSD	haemorrhage	-0.24004733881150472	-0.28259374563248774	0.04254640682098301
SAN__HCAHeartST13228105	SAN	HRV_RMSSDc	node	0.32044172688406486	1.3561211041464085	-1.0356793772623436
SAN__HCAHeartST13228105	SAN	HRV_RMSSDc	myocardium_atrial	-0.022049014120137156	-0.28845648122653733	0.2664074671064002
SAN__HCAHeartST13228105	SAN	HRV_RMSSDc	adipose_tissue	-0.15920434590850321	-0.7375773940509408	0.5783730481424376
SAN__HCAHeartST13228105	SAN	HRV_RMSSDc	nerve	0.028752894556626316	-0.884987283594919	0.9137401781515453
SAN__HCAHeartST13228105	SAN	HRV_RMSSDc	haemorrhage	-0.2088009069156734	-0.28259374563248774	0.07379283871681433
SAN__HCAHeartST13228105	SAN	HRV_SDNN	node	0.12764878917189626	1.3561211041464085	-1.2284723149745123
SAN__HCAHeartST13228105	SAN	HRV_SDNN	myocardium_atrial	-0.43790895220646386	-0.28845648122653733	-0.14945247097992653
SAN__HCAHeartST13228105	SAN	HRV_SDNN	adipose_tissue	0.18802871209918015	-0.7375773940509408	0.925606106150121
SAN__HCAHeartST13228105	SAN	HRV_SDNN	nerve	0.27286724605873747	-0.884987283594919	1.1578545296536564
SAN__HCAHeartST13228105	SAN	HRV_SDNN	haemorrhage	-0.41812509966417943	-0.28259374563248774	-0.1355313540316917
SAN__HCAHeartST13228105	SAN	HRV_SDNNc	node	-0.038887580117170605	1.3561211041464085	-1.3950086842635792
SAN__HCAHeartST13228105	SAN	HRV_SDNNc	myocardium_atrial	-0.4452803762864059	-0.28845648122653733	-0.15682389505986855
SAN__HCAHeartST13228105	SAN	HRV_SDNNc	adipose_tissue	0.27362687690996	-0.7375773940509408	1.0112042709609008
SAN__HCAHeartST13228105	SAN	HRV_SDNNc	nerve	0.4123284495831325	-0.884987283594919	1.2973157331780514
SAN__HCAHeartST13228105	SAN	HRV_SDNNc	haemorrhage	-0.4213727865182336	-0.28259374563248774	-0.13877904088574589
SAN__HCAHeartST13228106	SAN	RestingHeartRate	myocardium_atrial	-0.07637811816517708	-0.439486615911949	0.3631084977467719
SAN__HCAHeartST13228106	SAN	RestingHeartRate	node	1.229563473894519	0.6344750738346713	0.5950884000598476
SAN__HCAHeartST13228106	SAN	RestingHeartRate	adipose_tissue	-2.262682190321046	-0.3159229549755729	-1.946759235345473
SAN__HCAHeartST13228106	SAN	RestingHeartRate	haemorrhage	-1.2233833783965489	-0.4838787936496356	-0.7395045847469133
SAN__HCAHeartST13228106	SAN	RestingHeartRate	fibrosis	-1.668515639396864	-0.6527855294683382	-1.0157301099285259
SAN__HCAHeartST13228106	SAN	AtrialFibrillation	myocardium_atrial	0.4762448541445908	-0.439486615911949	0.9157314700565398
SAN__HCAHeartST13228106	SAN	AtrialFibrillation	node	0.04415088599039674	0.6344750738346713	-0.5903241878442745
SAN__HCAHeartST13228106	SAN	AtrialFibrillation	adipose_tissue	-0.7227797486690899	-0.3159229549755729	-0.406856793693517
SAN__HCAHeartST13228106	SAN	AtrialFibrillation	haemorrhage	-0.9381922801730895	-0.4838787936496356	-0.45431348652345394
SAN__HCAHeartST13228106	SAN	AtrialFibrillation	fibrosis	-1.221943052660146	-0.6527855294683382	-0.5691575231918078
SAN__HCAHeartST13228106	SAN	PRinterval	myocardium_atrial	1.256147816365386	-0.439486615911949	1.6956344322773351
SAN__HCAHeartST13228106	SAN	PRinterval	node	-0.431633812439196	0.6344750738346713	-1.0661088862738672
SAN__HCAHeartST13228106	SAN	PRinterval	adipose_tissue	-1.3993347529105016	-0.3159229549755729	-1.0834117979349287
SAN__HCAHeartST13228106	SAN	PRinterval	haemorrhage	-1.708619530751833	-0.4838787936496356	-1.2247407371021974
SAN__HCAHeartST13228106	SAN	PRinterval	fibrosis	-0.9661897659587867	-0.6527855294683382	-0.31340423649044846
SAN__HCAHeartST13228106	SAN	HRV_RMSSD	myocardium_atrial	-0.12591880788337623	-0.439486615911949	0.31356780802857276
SAN__HCAHeartST13228106	SAN	HRV_RMSSD	node	0.1436309952601363	0.6344750738346713	-0.49084407857453494
SAN__HCAHeartST13228106	SAN	HRV_RMSSD	adipose_tissue	-0.16027646308404775	-0.3159229549755729	0.15564649189152513
SAN__HCAHeartST13228106	SAN	HRV_RMSSD	haemorrhage	-0.32139394416236	-0.4838787936496356	0.1624848494872756
SAN__HCAHeartST13228106	SAN	HRV_RMSSD	fibrosis	0.09073261018289201	-0.6527855294683382	0.7435181396512303
SAN__HCAHeartST13228106	SAN	HRV_RMSSDc	myocardium_atrial	-0.0744813738174173	-0.439486615911949	0.36500524209453167
SAN__HCAHeartST13228106	SAN	HRV_RMSSDc	node	0.02833044517758981	0.6344750738346713	-0.6061446286570815
SAN__HCAHeartST13228106	SAN	HRV_RMSSDc	adipose_tissue	-0.18903247224525999	-0.3159229549755729	0.1268904827303129
SAN__HCAHeartST13228106	SAN	HRV_RMSSDc	haemorrhage	-0.14816951321328448	-0.4838787936496356	0.3357092804363511
SAN__HCAHeartST13228106	SAN	HRV_RMSSDc	fibrosis	0.027735285701945857	-0.6527855294683382	0.6805208151702841
SAN__HCAHeartST13228106	SAN	HRV_SDNN	myocardium_atrial	-0.40908916526432926	-0.439486615911949	0.030397450647619728
SAN__HCAHeartST13228106	SAN	HRV_SDNN	node	0.39431653450665627	0.6344750738346713	-0.240158539328015
SAN__HCAHeartST13228106	SAN	HRV_SDNN	adipose_tissue	0.45961135446609225	-0.3159229549755729	0.7755343094416651
SAN__HCAHeartST13228106	SAN	HRV_SDNN	haemorrhage	0.2199594830731699	-0.4838787936496356	0.7038382767228055
SAN__HCAHeartST13228106	SAN	HRV_SDNN	fibrosis	-0.19942769753823936	-0.6527855294683382	0.4533578319300989
SAN__HCAHeartST13228106	SAN	HRV_SDNNc	myocardium_atrial	-0.4144727084091823	-0.439486615911949	0.025013907502766664
SAN__HCAHeartST13228106	SAN	HRV_SDNNc	node	0.3327906825334741	0.6344750738346713	-0.3016843913011972
SAN__HCAHeartST13228106	SAN	HRV_SDNNc	adipose_tissue	0.4366753750668757	-0.3159229549755729	0.7525983300424486
SAN__HCAHeartST13228106	SAN	HRV_SDNNc	haemorrhage	0.535799377206237	-0.4838787936496356	1.0196781708558726
SAN__HCAHeartST13228106	SAN	HRV_SDNNc	fibrosis	-0.3473690239593337	-0.6527855294683382	0.3054165055090045
SAN__HCAHeartST13233996	SAN	RestingHeartRate	adipose_tissue	-1.9618913143866572	-0.9216728230446689	-1.0402184913419883
SAN__HCAHeartST13233996	SAN	RestingHeartRate	fibrosis	-1.9785829475315868	0.23140427399334176	-2.2099872215249285
SAN__HCAHeartST13233996	SAN	RestingHeartRate	node	2.0300172288727065	0.9753112418318254	1.0547059870408813
SAN__HCAHeartST13233996	SAN	RestingHeartRate	myocardium_atrial	2.7023120209654934	-0.07499389311040643	2.7773059140759
SAN__HCAHeartST13233996	SAN	RestingHeartRate	vessel	-2.483982517044395	-0.9404758025149973	-1.5435067145293977
SAN__HCAHeartST13233996	SAN	AtrialFibrillation	adipose_tissue	-1.3554134713947785	-0.9216728230446689	-0.4337406483501096
SAN__HCAHeartST13233996	SAN	AtrialFibrillation	fibrosis	-0.8537878022406457	0.23140427399334176	-1.0851920762339875
SAN__HCAHeartST13233996	SAN	AtrialFibrillation	node	0.8255256400183936	0.9753112418318254	-0.1497856018134318
SAN__HCAHeartST13233996	SAN	AtrialFibrillation	myocardium_atrial	1.7882242638735761	-0.07499389311040643	1.8632181569839825
SAN__HCAHeartST13233996	SAN	AtrialFibrillation	vessel	-0.5622879608242606	-0.9404758025149973	0.3781878416907367
SAN__HCAHeartST13233996	SAN	PRinterval	adipose_tissue	-1.434714821406045	-0.9216728230446689	-0.5130419983613761
SAN__HCAHeartST13233996	SAN	PRinterval	fibrosis	-1.3224025157398016	0.23140427399334176	-1.5538067897331433
SAN__HCAHeartST13233996	SAN	PRinterval	node	0.8426742555161532	0.9753112418318254	-0.13263698631567222
SAN__HCAHeartST13233996	SAN	PRinterval	myocardium_atrial	2.751491643573863	-0.07499389311040643	2.82648553668427
SAN__HCAHeartST13233996	SAN	PRinterval	vessel	-2.524927194559278	-0.9404758025149973	-1.5844513920442806
SAN__HCAHeartST13233996	SAN	HRV_RMSSD	adipose_tissue	-0.1626481806350955	-0.9216728230446689	0.7590246424095735
SAN__HCAHeartST13233996	SAN	HRV_RMSSD	fibrosis	-0.38275120737744545	0.23140427399334176	-0.6141554813707872
SAN__HCAHeartST13233996	SAN	HRV_RMSSD	node	0.4023384623258357	0.9753112418318254	-0.5729727795059897
SAN__HCAHeartST13233996	SAN	HRV_RMSSD	myocardium_atrial	0.21368485733386913	-0.07499389311040643	0.28867875044427554
SAN__HCAHeartST13233996	SAN	HRV_RMSSD	vessel	-0.6476368472070682	-0.9404758025149973	0.29283895530792914
SAN__HCAHeartST13233996	SAN	HRV_RMSSDc	adipose_tissue	-0.11508322537644754	-0.9216728230446689	0.8065895976682214
SAN__HCAHeartST13233996	SAN	HRV_RMSSDc	fibrosis	-0.11596337896643433	0.23140427399334176	-0.3473676529597761
SAN__HCAHeartST13233996	SAN	HRV_RMSSDc	node	0.16374048664807347	0.9753112418318254	-0.8115707551837519
SAN__HCAHeartST13233996	SAN	HRV_RMSSDc	myocardium_atrial	0.03397216333248572	-0.07499389311040643	0.10896605644289215
SAN__HCAHeartST13233996	SAN	HRV_RMSSDc	vessel	-0.16991735851639878	-0.9404758025149973	0.7705584439985985
SAN__HCAHeartST13233996	SAN	HRV_SDNN	adipose_tissue	-0.3660943729622932	-0.9216728230446689	0.5555784500823757
SAN__HCAHeartST13233996	SAN	HRV_SDNN	fibrosis	0.12377564487305409	0.23140427399334176	-0.10762862912028767
SAN__HCAHeartST13233996	SAN	HRV_SDNN	node	0.1747686994412825	0.9753112418318254	-0.8005425423905429
SAN__HCAHeartST13233996	SAN	HRV_SDNN	myocardium_atrial	-0.19225410529348747	-0.07499389311040643	-0.11726021218308104
SAN__HCAHeartST13233996	SAN	HRV_SDNN	vessel	0.01358892452668714	-0.9404758025149973	0.9540647270416844
SAN__HCAHeartST13233996	SAN	HRV_SDNNc	adipose_tissue	-0.44781820064809663	-0.9216728230446689	0.4738546223965723
SAN__HCAHeartST13233996	SAN	HRV_SDNNc	fibrosis	0.5054821545898951	0.23140427399334176	0.27407788059655336
SAN__HCAHeartST13233996	SAN	HRV_SDNNc	node	-0.047368433098619114	0.9753112418318254	-1.0226796749304445
SAN__HCAHeartST13233996	SAN	HRV_SDNNc	myocardium_atrial	-0.2768532306090728	-0.07499389311040643	-0.20185933749866636
SAN__HCAHeartST13233996	SAN	HRV_SDNNc	vessel	0.49655631716647974	-0.9404758025149973	1.437032119681477
SAN__HCAHeartST13233997	SAN	RestingHeartRate	adipose_tissue	-2.853275613886234	-1.1285647373420342	-1.7247108765441996
SAN__HCAHeartST13233997	SAN	RestingHeartRate	myocardium_atrial	2.3286855919597156	-0.4213949093777556	2.750080501337471
SAN__HCAHeartST13233997	SAN	RestingHeartRate	node	0.9288229814495261	0.9841754825113231	-0.05535250106179701
SAN__HCAHeartST13233997	SAN	RestingHeartRate	fibrosis	-2.553014766297971	-0.18375125502720546	-2.3692635112707654
SAN__HCAHeartST13233997	SAN	AtrialFibrillation	adipose_tissue	-1.7866517355060245	-1.1285647373420342	-0.6580869981639903
SAN__HCAHeartST13233997	SAN	AtrialFibrillation	myocardium_atrial	1.836098389254677	-0.4213949093777556	2.2574932986324328
SAN__HCAHeartST13233997	SAN	AtrialFibrillation	node	-0.13974799386928202	0.9841754825113231	-1.1239234763806052
SAN__HCAHeartST13233997	SAN	AtrialFibrillation	fibrosis	-1.2965447822258198	-0.18375125502720546	-1.1127935271986145
SAN__HCAHeartST13233997	SAN	PRinterval	adipose_tissue	-2.051241561497045	-1.1285647373420342	-0.9226768241550107
SAN__HCAHeartST13233997	SAN	PRinterval	myocardium_atrial	2.6147203620189	-0.4213949093777556	3.0361152713966555
SAN__HCAHeartST13233997	SAN	PRinterval	node	-0.027739150340707643	0.9841754825113231	-1.0119146328520308
SAN__HCAHeartST13233997	SAN	PRinterval	fibrosis	-2.454587868437752	-0.18375125502720546	-2.2708366134105464
SAN__HCAHeartST13233997	SAN	HRV_RMSSD	adipose_tissue	-0.24561083639557535	-1.1285647373420342	0.8829539009464589
SAN__HCAHeartST13233997	SAN	HRV_RMSSD	myocardium_atrial	0.38818333052264903	-0.4213949093777556	0.8095782399004046
SAN__HCAHeartST13233997	SAN	HRV_RMSSD	node	0.10056894679502364	0.9841754825113231	-0.8836065357162995
SAN__HCAHeartST13233997	SAN	HRV_RMSSD	fibrosis	-0.4092892419897089	-0.18375125502720546	-0.22553798696250343
SAN__HCAHeartST13233997	SAN	HRV_RMSSDc	adipose_tissue	-0.11255324520766546	-1.1285647373420342	1.0160114921343688
SAN__HCAHeartST13233997	SAN	HRV_RMSSDc	myocardium_atrial	0.12276948040459833	-0.4213949093777556	0.5441643897823539
SAN__HCAHeartST13233997	SAN	HRV_RMSSDc	node	0.07267628754945803	0.9841754825113231	-0.9114991949618652
SAN__HCAHeartST13233997	SAN	HRV_RMSSDc	fibrosis	-0.17654751641358193	-0.18375125502720546	0.007203738613623528
SAN__HCAHeartST13233997	SAN	HRV_SDNN	adipose_tissue	-0.27281479390818425	-1.1285647373420342	0.85574994343385
SAN__HCAHeartST13233997	SAN	HRV_SDNN	myocardium_atrial	-0.2984635378092078	-0.4213949093777556	0.12293137156854778
SAN__HCAHeartST13233997	SAN	HRV_SDNN	node	0.15798450994574348	0.9841754825113231	-0.8261909725655796
SAN__HCAHeartST13233997	SAN	HRV_SDNN	fibrosis	0.32900004172621855	-0.18375125502720546	0.512751296753424
SAN__HCAHeartST13233997	SAN	HRV_SDNNc	adipose_tissue	-0.2751904163967648	-1.1285647373420342	0.8533743209452694
SAN__HCAHeartST13233997	SAN	HRV_SDNNc	myocardium_atrial	-0.48486172237930786	-0.4213949093777556	-0.06346681300155227
SAN__HCAHeartST13233997	SAN	HRV_SDNNc	node	0.09120368244107276	0.9841754825113231	-0.8929718000702503
SAN__HCAHeartST13233997	SAN	HRV_SDNNc	fibrosis	0.5836096913047554	-0.18375125502720546	0.7673609463319608
SAN__HCAHeartST13233998	SAN	RestingHeartRate	myocardium_atrial	1.4695722827744615	0.0019218078451478371	1.4676504749293138
SAN__HCAHeartST13233998	SAN	RestingHeartRate	fibrosis	1.5528967836095788	0.29289233463569814	1.2600044489738806
SAN__HCAHeartST13233998	SAN	RestingHeartRate	adipose_tissue	-2.582183012601657	-0.700176420800699	-1.882006591800958
SAN__HCAHeartST13233998	SAN	RestingHeartRate	node	-1.6937344212794605	0.6748022615127449	-2.3685366827922056
SAN__HCAHeartST13233998	SAN	AtrialFibrillation	myocardium_atrial	0.9941691372209207	0.0019218078451478371	0.9922473293757729
SAN__HCAHeartST13233998	SAN	AtrialFibrillation	fibrosis	0.7672069366532677	0.29289233463569814	0.47431460201756953
SAN__HCAHeartST13233998	SAN	AtrialFibrillation	adipose_tissue	-1.3222658462435595	-0.700176420800699	-0.6220894254428605
SAN__HCAHeartST13233998	SAN	AtrialFibrillation	node	-1.6849029294096391	0.6748022615127449	-2.359705190922384
SAN__HCAHeartST13233998	SAN	PRinterval	myocardium_atrial	2.1015527040617705	0.0019218078451478371	2.0996308962166226
SAN__HCAHeartST13233998	SAN	PRinterval	fibrosis	0.4409340140209372	0.29289233463569814	0.14804167938523904
SAN__HCAHeartST13233998	SAN	PRinterval	adipose_tissue	-1.918315208117027	-0.700176420800699	-1.2181387873163279
SAN__HCAHeartST13233998	SAN	PRinterval	node	-2.0573259146015563	0.6748022615127449	-2.7321281761143013
SAN__HCAHeartST13233998	SAN	HRV_RMSSD	myocardium_atrial	0.16407969131245329	0.0019218078451478371	0.16215788346730545
SAN__HCAHeartST13233998	SAN	HRV_RMSSD	fibrosis	0.27929692874604223	0.29289233463569814	-0.01359540588965591
SAN__HCAHeartST13233998	SAN	HRV_RMSSD	adipose_tissue	-0.2789002828243235	-0.700176420800699	0.4212761379763755
SAN__HCAHeartST13233998	SAN	HRV_RMSSD	node	-0.2440947675599607	0.6748022615127449	-0.9188970290727057
SAN__HCAHeartST13233998	SAN	HRV_RMSSDc	myocardium_atrial	-0.029414245492866833	0.0019218078451478371	-0.03133605333801467
SAN__HCAHeartST13233998	SAN	HRV_RMSSDc	fibrosis	0.2165113291216174	0.29289233463569814	-0.07638100551408072
SAN__HCAHeartST13233998	SAN	HRV_RMSSDc	adipose_tissue	-0.0922923916641734	-0.700176420800699	0.6078840291365256
SAN__HCAHeartST13233998	SAN	HRV_RMSSDc	node	-0.11928016482386042	0.6748022615127449	-0.7940824263366053
SAN__HCAHeartST13233998	SAN	HRV_SDNN	myocardium_atrial	-0.34633668803448314	0.0019218078451478371	-0.348258495879631
SAN__HCAHeartST13233998	SAN	HRV_SDNN	fibrosis	0.25686990043835217	0.29289233463569814	-0.036022434197345965
SAN__HCAHeartST13233998	SAN	HRV_SDNN	adipose_tissue	0.005850455800164183	-0.700176420800699	0.7060268766008632
SAN__HCAHeartST13233998	SAN	HRV_SDNN	node	0.21804521384859576	0.6748022615127449	-0.45675704766414915
SAN__HCAHeartST13233998	SAN	HRV_SDNNc	myocardium_atrial	-0.4431609706944111	0.0019218078451478371	-0.44508277853955897
SAN__HCAHeartST13233998	SAN	HRV_SDNNc	fibrosis	0.1670693932612494	0.29289233463569814	-0.12582294137444874
SAN__HCAHeartST13233998	SAN	HRV_SDNNc	adipose_tissue	0.12449914902023963	-0.700176420800699	0.8246755698209386
SAN__HCAHeartST13233998	SAN	HRV_SDNNc	node	0.292577212073558	0.6748022615127449	-0.3822250494391869
SAN__HCAHeartST13233999	SAN	RestingHeartRate	node	2.234792429597153	0.6740509828010466	1.5607414467961065
SAN__HCAHeartST13233999	SAN	RestingHeartRate	myocardium_atrial	3.4701472400245397	0.09933646366155932	3.37081077636298
SAN__HCAHeartST13233999	SAN	RestingHeartRate	fibrosis	-1.9339681240683626	-0.03006736786789877	-1.9039007562004637
SAN__HCAHeartST13233999	SAN	RestingHeartRate	adipose_tissue	-2.521535898619215	-0.7574271371348344	-1.7641087614843807
SAN__HCAHeartST13233999	SAN	RestingHeartRate	vessel	-2.5946358790918556	-0.6315198730490124	-1.9631160060428432
SAN__HCAHeartST13233999	SAN	AtrialFibrillation	node	1.182933147385487	0.6740509828010466	0.5088821645844404
SAN__HCAHeartST13233999	SAN	AtrialFibrillation	myocardium_atrial	1.8631208422459322	0.09933646366155932	1.763784378584373
SAN__HCAHeartST13233999	SAN	AtrialFibrillation	fibrosis	-1.2727535561855376	-0.03006736786789877	-1.2426861883176388
SAN__HCAHeartST13233999	SAN	AtrialFibrillation	adipose_tissue	-1.2810789411919523	-0.7574271371348344	-0.5236518040571179
SAN__HCAHeartST13233999	SAN	AtrialFibrillation	vessel	-1.0126857820636375	-0.6315198730490124	-0.3811659090146251
SAN__HCAHeartST13233999	SAN	PRinterval	node	1.1563356306055141	0.6740509828010466	0.48228464780446756
SAN__HCAHeartST13233999	SAN	PRinterval	myocardium_atrial	4.171448203488771	0.09933646366155932	4.072111739827212
SAN__HCAHeartST13233999	SAN	PRinterval	fibrosis	-1.66716176769888	-0.03006736786789877	-1.637094399830981
SAN__HCAHeartST13233999	SAN	PRinterval	adipose_tissue	-1.938140081454321	-0.7574271371348344	-1.1807129443194866
SAN__HCAHeartST13233999	SAN	PRinterval	vessel	-3.073927674559721	-0.6315198730490124	-2.4424078015107087
SAN__HCAHeartST13233999	SAN	HRV_RMSSD	node	0.12763237083900386	0.6740509828010466	-0.5464186119620427
SAN__HCAHeartST13233999	SAN	HRV_RMSSD	myocardium_atrial	0.5107541350465912	0.09933646366155932	0.4114176713850318
SAN__HCAHeartST13233999	SAN	HRV_RMSSD	fibrosis	-0.19513470609257885	-0.03006736786789877	-0.1650673382246801
SAN__HCAHeartST13233999	SAN	HRV_RMSSD	adipose_tissue	-0.22050858352170655	-0.7574271371348344	0.5369185536131279
SAN__HCAHeartST13233999	SAN	HRV_RMSSD	vessel	-0.42156146682497403	-0.6315198730490124	0.20995840622403833
SAN__HCAHeartST13233999	SAN	HRV_RMSSDc	node	0.12301408934400333	0.6740509828010466	-0.5510368934570432
SAN__HCAHeartST13233999	SAN	HRV_RMSSDc	myocardium_atrial	0.1659501387344233	0.09933646366155932	0.06661367507286398
SAN__HCAHeartST13233999	SAN	HRV_RMSSDc	fibrosis	-0.17295465547307423	-0.03006736786789877	-0.14288728760517547
SAN__HCAHeartST13233999	SAN	HRV_RMSSDc	adipose_tissue	-0.027877352163420754	-0.7574271371348344	0.7295497849714137
SAN__HCAHeartST13233999	SAN	HRV_RMSSDc	vessel	-0.10639588543913936	-0.6315198730490124	0.525123987609873
SAN__HCAHeartST13233999	SAN	HRV_SDNN	node	0.1748435291006143	0.6740509828010466	-0.4992074537004323
SAN__HCAHeartST13233999	SAN	HRV_SDNN	myocardium_atrial	-0.29505175096999997	0.09933646366155932	-0.39438821463155926
SAN__HCAHeartST13233999	SAN	HRV_SDNN	fibrosis	0.04118180267952725	-0.03006736786789877	0.07124917054742602
SAN__HCAHeartST13233999	SAN	HRV_SDNN	adipose_tissue	-0.01010674981397237	-0.7574271371348344	0.747320387320862
SAN__HCAHeartST13233999	SAN	HRV_SDNN	vessel	0.26965558568893155	-0.6315198730490124	0.9011754587379439
SAN__HCAHeartST13233999	SAN	HRV_SDNNc	node	0.161528987192042	0.6740509828010466	-0.5125219956090046
SAN__HCAHeartST13233999	SAN	HRV_SDNNc	myocardium_atrial	-0.4903785512130803	0.09933646366155932	-0.5897150148746396
SAN__HCAHeartST13233999	SAN	HRV_SDNNc	fibrosis	0.04059511232591494	-0.03006736786789877	0.07066248019381371
SAN__HCAHeartST13233999	SAN	HRV_SDNNc	adipose_tissue	0.07782829278671949	-0.7574271371348344	0.835255429921554
SAN__HCAHeartST13233999	SAN	HRV_SDNNc	vessel	0.5551185234755195	-0.6315198730490124	1.1866383965245317
