section	trait	cur_node	cur_myo	cur_delta	n_cur_node	emp_node	emp_myo	emp_delta	n_emp_node	n_emp_myo
SAN__HCAHeartST10659160	AtrialFibrillation	22.3731884057971	12.655279503105588	9.717908902691514	10	10.439311594202898	46.42857142857143	-35.98925983436853	968	148
SAN__HCAHeartST10659160	EducationalAttainment	11.81094720496894	93.20652173913044	-81.3955745341615	10	11.176889233954451	86.72683747412009	-75.54994824016563	968	148
SAN__HCAHeartST10659160	HRV_RMSSD	17.307194616977224	46.81030020703933	-29.50310559006211	10	10.005822981366464	75.22644927536233	-65.22062629399586	968	148
SAN__HCAHeartST10659160	HRV_RMSSDc	16.184653209109733	72.70315734989647	-56.51850414078674	10	10.277562111801242	88.53843167701864	-78.26086956521739	968	148
SAN__HCAHeartST10659160	HRV_SDNN	15.45678053830228	88.574016563147	-73.11723602484471	10	10.387551759834368	86.75918737060042	-76.37163561076605	968	148
SAN__HCAHeartST10659160	HRV_SDNNc	16.155538302277435	95.79451345755695	-79.63897515527951	10	11.34187370600414	90.72851966873705	-79.38664596273291	968	148
SAN__HCAHeartST10659160	PRinterval	21.25388198757764	6.010610766045543	15.243271221532096	10	12.17650103519669	33.84122670807453	-21.66472567287784	968	148
SAN__HCAHeartST10659160	RestingHeartRate	13.988095238095237	37.09886128364389	-23.110766045548655	10	9.384704968944096	64.2663043478261	-54.881599378882	968	148
SAN__HCAHeartST12992072	AtrialFibrillation	53.65612648221344	4.351013642738749	49.30511283947469	10	23.148030090526582	7.427004972587026	15.721025117939556	1779	1709
SAN__HCAHeartST12992072	EducationalAttainment	51.051893408134646	24.18079816396787	26.871095244166774	10	22.032385566747415	18.46232309065409	3.5700624760933266	1779	1709
SAN__HCAHeartST12992072	HRV_RMSSD	60.72931276297335	8.18564324875685	52.543669514216504	10	28.324620680861912	7.452505418844835	20.872115262017076	1779	1709
SAN__HCAHeartST12992072	HRV_RMSSDc	63.9487441030218	10.589060308555398	53.359683794466406	10	29.064133622338396	8.396021930383778	20.668111691954618	1779	1709
SAN__HCAHeartST12992072	HRV_SDNN	51.4599005482596	23.412597220451353	28.047303327808244	10	21.554252199413494	24.416677291852608	-2.862425092439114	1779	1709
SAN__HCAHeartST12992072	HRV_SDNNc	46.302435292617616	54.10238429172511	-7.799948999107492	10	21.739130434782606	46.85069488716053	-25.111564452377923	1779	1709
SAN__HCAHeartST12992072	PRinterval	55.91610353181181	4.1215096264184625	51.79459390539334	10	24.576055080963922	6.566364911385946	18.009690169577976	1779	1709
SAN__HCAHeartST12992072	RestingHeartRate	54.03225806451613	5.52722172638021	48.505036338135916	10	23.23090654086446	7.631008542649498	15.599897998214962	1779	1709
SAN__HCAHeartST13228105	AtrialFibrillation	29.300660019660157	1.3621682347984887	27.938491784861668	10	10.932453307119783	13.765622805785704	-2.833169498665921	2043	1092
SAN__HCAHeartST13228105	EducationalAttainment	23.616767307962363	3.3773346440106766	20.239432663951685	10	9.612413986799606	17.736272995365823	-8.123859008566217	2043	1092
SAN__HCAHeartST13228105	HRV_RMSSD	28.128071900014046	2.6471001263867477	25.4809717736273	10	10.553293076815052	14.945232411178205	-4.391939334363153	2043	1092
SAN__HCAHeartST13228105	HRV_RMSSDc	30.645274540092682	3.7775593315545586	26.867715208538122	10	10.799045077938496	15.412161213312736	-4.61311613537424	2043	1092
SAN__HCAHeartST13228105	HRV_SDNN	44.59345597528437	78.99171464681926	-34.39825867153489	10	41.679539390535034	81.57211065861536	-39.892571268080324	2043	1092
SAN__HCAHeartST13228105	HRV_SDNNc	60.426906333380145	96.41202078359781	-35.985114450217665	10	82.34798483359079	91.39867996067969	-9.0506951270889	2043	1092
SAN__HCAHeartST13228105	PRinterval	31.238590085662125	0.7442774891166959	30.494312596545427	10	11.676730796236479	11.420446566493471	0.2562842297430077	2043	1092
SAN__HCAHeartST13228105	RestingHeartRate	29.97472265131302	1.1304592051678108	28.84426344614521	10	11.002668164583628	13.572531947760147	-2.569863783176519	2043	1092
SAN__HCAHeartST13228106	AtrialFibrillation	71.98712681457135	1.1366748835935359	70.85045193097781	10	44.43987948507259	4.1906327033689355	40.249246781703654	831	1003
SAN__HCAHeartST13228106	EducationalAttainment	32.50821692686935	9.846617365105448	22.661599561763904	10	23.89071487263763	19.186524239934265	4.704190632703366	831	1003
SAN__HCAHeartST13228106	HRV_RMSSD	65.58819501506437	2.62256915913448	62.96562585592989	10	40.66009312517118	5.251985757326761	35.40810736784442	831	1003
SAN__HCAHeartST13228106	HRV_RMSSDc	79.86168173103259	3.4648041632429516	76.39687756778964	10	46.19967132292523	5.039715146535196	41.15995617639003	831	1003
SAN__HCAHeartST13228106	HRV_SDNN	10.613530539578198	75.91070939468638	-65.29717885510819	10	15.865516296904957	81.662558203232	-65.79704190632704	831	1003
SAN__HCAHeartST13228106	HRV_SDNNc	19.635031498219668	90.14653519583675	-70.51150369761709	10	21.51465351958367	91.33114215283484	-69.81648863325117	831	1003
SAN__HCAHeartST13228106	PRinterval	70.98055327307587	0.9997261024376924	69.98082717063818	10	51.93782525335524	3.923582580115037	48.014242673240204	831	1003
SAN__HCAHeartST13228106	RestingHeartRate	60.35675157491099	3.0813475760065767	57.27540399890441	10	38.003286770747735	4.902766365379351	33.100520405368385	831	1003
SAN__HCAHeartST13233996	AtrialFibrillation	36.4657168924135	8.028633588321988	28.43708330409151	10	20.654080988139523	12.113130746017264	8.540950242122259	687	1615
SAN__HCAHeartST13233996	EducationalAttainment	23.384097129623132	14.120289143097764	9.263807986525368	10	11.088497438416734	17.594217138044776	-6.505719699628042	687	1615
SAN__HCAHeartST13233996	HRV_RMSSD	36.802582637378066	10.681451329917891	26.121131307460175	10	17.790722155940763	12.492104709102392	5.298617446838371	687	1615
SAN__HCAHeartST13233996	HRV_RMSSDc	41.86609586637658	13.214962453505507	28.651133412871076	10	17.334549792967923	14.015018597796336	3.319531195171587	687	1615
SAN__HCAHeartST13233996	HRV_SDNN	49.652607200505294	36.11481507474209	13.537792125763204	10	13.236016562565789	34.68313565864272	-21.447119096076932	687	1615
SAN__HCAHeartST13233996	HRV_SDNNc	54.03186188504456	97.69106603972209	-43.659204154677525	10	73.1068846936627	92.53982735630571	-19.432942662643	687	1615
SAN__HCAHeartST13233996	PRinterval	37.27980910941119	5.909186609586636	31.370622499824552	10	20.808477787914935	11.04638922029616	9.762088567618775	687	1615
SAN__HCAHeartST13233996	RestingHeartRate	35.381430275808825	9.642781949610502	25.738648326198323	10	19.77682644396098	12.197347182258401	7.579479261702581	687	1615
SAN__HCAHeartST13233997	AtrialFibrillation	43.39976390528436	2.291507534199011	41.108256371085346	10	24.60940212485244	9.818762585931529	14.790639538920912	553	1837
SAN__HCAHeartST13233997	EducationalAttainment	33.619193111589475	8.416082216512743	25.203110895076733	10	15.721130477050204	16.387750850635374	-0.6666203735851699	553	1837
SAN__HCAHeartST13233997	HRV_RMSSD	44.81633219915284	1.860981876258594	42.95535032289425	10	25.081591556141937	9.228525796819664	15.853065759322273	553	1837
SAN__HCAHeartST13233997	HRV_RMSSDc	45.50725644052497	2.909520172210267	42.597736268314705	10	25.171863065064926	10.395111450593708	14.776751614471218	553	1837
SAN__HCAHeartST13233997	HRV_SDNN	59.16603013679605	83.70946462051246	-24.54343448371641	10	25.019095896118326	74.99479202833137	-49.975696132213045	553	1837
SAN__HCAHeartST13233997	HRV_SDNNc	61.228386917575165	97.89597944587182	-36.66759252829665	10	63.34976737726548	92.91021456843275	-29.56044719116727	553	1837
SAN__HCAHeartST13233997	PRinterval	42.674119852787996	1.9790292340809645	40.695090618707034	10	25.116311367266164	9.464620512464418	15.651690854801746	553	1837
SAN__HCAHeartST13233997	RestingHeartRate	41.68460523574752	3.4580931879730548	38.22651204777446	10	23.442816471078398	10.165960697173803	13.276855773904595	553	1837
SAN__HCAHeartST13233998	AtrialFibrillation	43.04830723939516	1.1441188277800052	41.90418841161515	10	38.18412953298541	6.7208617690351975	31.463267763950213	1392	552
SAN__HCAHeartST13233998	EducationalAttainment	24.949819349658767	5.573397564565774	19.376421785092994	10	27.445470359962535	15.204737053392215	12.24073330657032	1392	552
SAN__HCAHeartST13233998	HRV_RMSSD	36.571657968687276	1.7998126589053975	34.77184530978188	10	36.01967081493376	8.41027699718988	27.60939381774388	1392	552
SAN__HCAHeartST13233998	HRV_RMSSDc	30.81091930951425	3.35206744279406	27.45885186672019	10	35.159909005754045	12.006556938311252	23.153352067442793	1392	552
SAN__HCAHeartST13233998	HRV_SDNN	13.652482269503546	58.58423658503947	-44.931754315535926	10	15.445604175030109	90.54262009902314	-75.09701592399303	1392	552
SAN__HCAHeartST13233998	HRV_SDNNc	23.82911815870467	95.6510103037602	-71.82189214505553	10	24.488157366519467	97.65489094071992	-73.16673357420046	1392	552
SAN__HCAHeartST13233998	PRinterval	44.04522949284089	1.0303760203398848	43.014853472501	10	38.44841429144921	5.185333868593606	33.26308042285561	1392	552
SAN__HCAHeartST13233998	RestingHeartRate	40.458985681787766	1.9871537535126493	38.471831928275115	10	36.23377492305634	7.911815870467009	28.321959052589328	1392	552
SAN__HCAHeartST13233999	AtrialFibrillation	48.64947611919989	0.8776704313512074	47.77180568784868	10	22.819431215131313	10.440195945026538	12.379235270104775	1041	2366
SAN__HCAHeartST13233999	EducationalAttainment	34.97414614233229	2.6398149408082716	32.334331201524016	10	17.111171587971153	13.273914818342636	3.8372567696285174	1041	2366
SAN__HCAHeartST13233999	HRV_RMSSD	50.197305755885154	0.9457068988978135	49.25159885698734	10	23.057558851544425	10.161246428085452	12.896312423458973	1041	2366
SAN__HCAHeartST13233999	HRV_RMSSDc	47.51326711117159	1.1362090080282994	46.377058103143284	10	22.56769628520887	11.27704449584978	11.29065178935909	1041	2366
SAN__HCAHeartST13233999	HRV_SDNN	34.4468635188461	53.993740644985714	-19.546877126139613	10	13.859028439243437	63.222887467682675	-49.36385902843924	1041	2366
SAN__HCAHeartST13233999	HRV_SDNNc	42.471764865968154	95.22383997822833	-52.75207511226017	10	52.06150496666213	91.2947339774119	-39.23322901074977	1041	2366
SAN__HCAHeartST13233999	PRinterval	51.65668798475983	0.6531500884474073	51.00353789631242	10	23.4589740100694	9.807456796843113	13.651517213226288	1041	2366
SAN__HCAHeartST13233999	RestingHeartRate	46.329432575860665	0.7688120832766376	45.56062049258403	10	22.254728534494493	10.59667982038373	11.658048714110762	1041	2366
