gene	group	trait	mean_rank	pct	n_sections
HCN1	pacemaker	AtrialFibrillation	6195.875	41.90578448115521	8
HCN1	pacemaker	EducationalAttainment	4097.125	27.710894303444313	8
HCN1	pacemaker	HRV_RMSSD	6322.75	42.76390321435214	8
HCN1	pacemaker	HRV_RMSSDc	6598.625	44.62978306082075	8
HCN1	pacemaker	HRV_SDNN	5314.5	35.94460695625708	8
HCN1	pacemaker	HRV_SDNNc	6818.375	46.116061615461355	8
HCN1	pacemaker	PRinterval	6292.125	42.556771106339085	8
HCN1	pacemaker	RestingHeartRate	6006.75	40.62663803452766	8
HCN4	pacemaker	AtrialFibrillation	2937.375	19.86692818856631	8
HCN4	pacemaker	EducationalAttainment	1925.25	13.021423378028778	8
HCN4	pacemaker	HRV_RMSSD	1882.75	12.733974738337196	8
HCN4	pacemaker	HRV_RMSSDc	2136.25	14.44852133037994	8
HCN4	pacemaker	HRV_SDNN	2782.0	18.816049779340897	8
HCN4	pacemaker	HRV_SDNNc	6991.75	47.2886829779679	8
HCN4	pacemaker	PRinterval	3569.875	24.144840296917536	8
HCN4	pacemaker	RestingHeartRate	2561.125	17.32216229012022	8
CACNA1D	pacemaker	AtrialFibrillation	7993.25	54.06232562858254	8
CACNA1D	pacemaker	EducationalAttainment	5535.0	37.43595813395106	8
CACNA1D	pacemaker	HRV_RMSSD	7514.875	50.82683755770109	8
CACNA1D	pacemaker	HRV_RMSSDc	7892.125	53.378366953551684	8
CACNA1D	pacemaker	HRV_SDNN	5257.75	35.560778478551256	8
CACNA1D	pacemaker	HRV_SDNNc	5906.625	39.9494428569013	8
CACNA1D	pacemaker	PRinterval	8234.0	55.69063762871781	8
CACNA1D	pacemaker	RestingHeartRate	7266.875	49.14949020138313	8
CACNA1G	pacemaker	AtrialFibrillation	8432.125	57.03065555198593	8
CACNA1G	pacemaker	EducationalAttainment	6536.0	44.20621903586345	8
CACNA1G	pacemaker	HRV_RMSSD	7872.75	53.24732419133934	8
CACNA1G	pacemaker	HRV_RMSSDc	7977.625	53.95664598163711	8
CACNA1G	pacemaker	HRV_SDNN	4934.0	33.37109619384184	8
CACNA1G	pacemaker	HRV_SDNNc	6634.25	44.870732655856344	8
CACNA1G	pacemaker	PRinterval	8274.25	55.96286839924925	8
CACNA1G	pacemaker	RestingHeartRate	8154.125	55.150403273532746	8
CACNA2D2	pacemaker	AtrialFibrillation	2393.0	16.185049288987337	8
CACNA2D2	pacemaker	EducationalAttainment	1788.75	12.098205982313456	8
CACNA2D2	pacemaker	HRV_RMSSD	2158.0	14.595627398927984	8
CACNA2D2	pacemaker	HRV_RMSSDc	2424.125	16.395563145702642	8
CACNA2D2	pacemaker	HRV_SDNN	4385.5	29.66131786746927	8
CACNA2D2	pacemaker	HRV_SDNNc	8805.875	59.55851270692075	8
CACNA2D2	pacemaker	PRinterval	2513.625	17.000896163406097	8
CACNA2D2	pacemaker	RestingHeartRate	2136.375	14.449366767555501	8
KCNJ3	pacemaker	AtrialFibrillation	1465.25	9.910214571955157	8
KCNJ3	pacemaker	EducationalAttainment	2628.875	17.780389239275628	8
KCNJ3	pacemaker	HRV_RMSSD	1583.625	10.710843577213778	8
KCNJ3	pacemaker	HRV_RMSSDc	1570.0	10.618690925077358	8
KCNJ3	pacemaker	HRV_SDNN	9089.875	61.47934596980098	8
KCNJ3	pacemaker	HRV_SDNNc	12369.0	83.65769939635786	8
KCNJ3	pacemaker	PRinterval	1241.0	8.393500278994267	8
KCNJ3	pacemaker	RestingHeartRate	1561.875	10.563737508665731	8
KCNJ5	pacemaker	AtrialFibrillation	4466.375	30.20831572005884	8
KCNJ5	pacemaker	EducationalAttainment	5551.5	37.547555841125444	8
KCNJ5	pacemaker	HRV_RMSSD	4672.0	31.599059873860774	8
KCNJ5	pacemaker	HRV_RMSSDc	5757.375	38.9399908692785	8
KCNJ5	pacemaker	HRV_SDNN	8030.375	54.313420469724896	8
KCNJ5	pacemaker	HRV_SDNNc	9485.5	64.1551546304594	8
KCNJ5	pacemaker	PRinterval	4654.25	31.47900779493076	8
KCNJ5	pacemaker	RestingHeartRate	4645.25	31.418136318290184	8
SLC8A1	pacemaker	AtrialFibrillation	575.375	3.8915473191187164	8
SLC8A1	pacemaker	EducationalAttainment	1056.75	7.147325882213693	8
SLC8A1	pacemaker	HRV_RMSSD	1161.75	7.857493109687019	8
SLC8A1	pacemaker	HRV_RMSSDc	1336.75	9.041105155475897	8
SLC8A1	pacemaker	HRV_SDNN	9738.125	65.86378316227322	8
SLC8A1	pacemaker	HRV_SDNNc	12565.0	84.9833448876414	8
SLC8A1	pacemaker	PRinterval	374.5	2.5329297779881976	8
SLC8A1	pacemaker	RestingHeartRate	644.25	4.357383202854196	8
SHOX2	pacemaker	AtrialFibrillation	4686.75	31.698821460577264	8
SHOX2	pacemaker	EducationalAttainment	4121.25	27.874063678328064	8
SHOX2	pacemaker	HRV_RMSSD	5083.0	34.378857307113506	8
SHOX2	pacemaker	HRV_RMSSDc	5356.375	36.22782841007085	8
SHOX2	pacemaker	HRV_SDNN	7307.0	49.42087553473901	8
SHOX2	pacemaker	HRV_SDNNc	7912.25	53.5144823388174	8
SHOX2	pacemaker	PRinterval	4862.875	32.89004244094622	8
SHOX2	pacemaker	RestingHeartRate	4486.875	30.346967416851257	8
TBX3	pacemaker	AtrialFibrillation	4319.75	29.216617913122878	8
TBX3	pacemaker	EducationalAttainment	1971.625	13.33508057016283	8
TBX3	pacemaker	HRV_RMSSD	4014.5	27.15206033039685	8
TBX3	pacemaker	HRV_RMSSDc	4098.625	27.721039549551072	8
TBX3	pacemaker	HRV_SDNN	1808.0	12.22840330735023	8
TBX3	pacemaker	HRV_SDNNc	3972.25	26.866302565056387	8
TBX3	pacemaker	PRinterval	5044.75	34.12015353139108	8
TBX3	pacemaker	RestingHeartRate	3842.375	25.98789333964593	8
TBX18	pacemaker	AtrialFibrillation	11275.625	76.26266042170407	8
TBX18	pacemaker	EducationalAttainment	7637.875	51.65874773845556	8
TBX18	pacemaker	HRV_RMSSD	10248.625	69.31654858727448	8
TBX18	pacemaker	HRV_RMSSDc	9318.25	63.02395968955546	8
TBX18	pacemaker	HRV_SDNN	4326.5	29.262271520603306	8
TBX18	pacemaker	HRV_SDNNc	2235.375	15.118953010601782	8
TBX18	pacemaker	PRinterval	11390.375	77.03877174887134	8
TBX18	pacemaker	RestingHeartRate	11042.375	74.6850746521026	8
TBX5	pacemaker	AtrialFibrillation	943.0	6.377978052450922	8
TBX5	pacemaker	EducationalAttainment	2452.75	16.589168258906682	8
TBX5	pacemaker	HRV_RMSSD	1417.0	9.583875822187652	8
TBX5	pacemaker	HRV_RMSSDc	1879.875	12.714529683299233	8
TBX5	pacemaker	HRV_SDNN	9972.5	67.44897786645474	8
TBX5	pacemaker	HRV_SDNNc	12222.125	82.66431071507077	8
TBX5	pacemaker	PRinterval	1001.125	6.771106339087943	8
TBX5	pacemaker	RestingHeartRate	1219.625	8.248930521972913	8
ISL1	pacemaker	AtrialFibrillation	9479.5	64.11457364603235	8
ISL1	pacemaker	EducationalAttainment	6968.375	47.13058622613753	8
ISL1	pacemaker	HRV_RMSSD	8565.375	57.93189158113661	8
ISL1	pacemaker	HRV_RMSSDc	8610.875	58.23963071304171	8
ISL1	pacemaker	HRV_SDNN	6258.5	42.32934850611251	8
ISL1	pacemaker	HRV_SDNNc	5643.125	38.16726129081348	8
ISL1	pacemaker	PRinterval	9969.5	67.42868737424122	8
ISL1	pacemaker	RestingHeartRate	8357.25	56.524238683823405	8
PITX2	pacemaker	AtrialFibrillation	9502.5	66.35129001850365	2
PITX2	pacemaker	EducationalAttainment	11915.5	83.20008379010578	2
PITX2	pacemaker	HRV_RMSSD	9901.5	69.13731103585519	2
PITX2	pacemaker	HRV_RMSSDc	10418.5	72.74726809342596	2
PITX2	pacemaker	HRV_SDNN	13165.5	91.92821980937751	2
PITX2	pacemaker	HRV_SDNNc	10252.0	71.58468037565898	2
PITX2	pacemaker	PRinterval	8968.0	62.619139056663066	2
PITX2	pacemaker	RestingHeartRate	9574.0	66.85053939880599	2
BMP4	pacemaker	AtrialFibrillation	10446.875	70.65741194771816	8
BMP4	pacemaker	EducationalAttainment	9789.75	66.21294871578093	8
BMP4	pacemaker	HRV_RMSSD	10613.75	71.78607057709542	8
BMP4	pacemaker	HRV_RMSSDc	10627.5	71.87906866640739	8
BMP4	pacemaker	HRV_SDNN	8328.0	56.326406384741546	8
BMP4	pacemaker	HRV_SDNNc	5677.375	38.39891107691788	8
BMP4	pacemaker	PRinterval	10548.875	71.34728868297798	8
BMP4	pacemaker	RestingHeartRate	10182.375	68.86846688422582	8
VSNL1	pacemaker	AtrialFibrillation	1866.0	12.620686156811686	8
VSNL1	pacemaker	EducationalAttainment	2005.875	13.566730356267225	8
VSNL1	pacemaker	HRV_RMSSD	1882.625	12.73312930116163	8
VSNL1	pacemaker	HRV_RMSSDc	2205.25	14.915202651290983	8
VSNL1	pacemaker	HRV_SDNN	5939.125	40.169256522547805	8
VSNL1	pacemaker	HRV_SDNNc	10018.75	67.76178962141324	8
VSNL1	pacemaker	PRinterval	1974.75	13.356216499551918	8
VSNL1	pacemaker	RestingHeartRate	1828.125	12.36451869261595	8
RGS6	pacemaker	AtrialFibrillation	5102.125	34.50820919497472	8
RGS6	pacemaker	EducationalAttainment	2713.5	18.352750207132107	8
RGS6	pacemaker	HRV_RMSSD	2312.875	15.643124059451141	8
RGS6	pacemaker	HRV_RMSSDc	1863.875	12.606313724827109	8
RGS6	pacemaker	HRV_SDNN	266.5	1.8024720583013476	8
RGS6	pacemaker	HRV_SDNNc	2066.875	13.979303697942205	8
RGS6	pacemaker	PRinterval	4882.5	33.02277607750968	8
RGS6	pacemaker	RestingHeartRate	4434.5	29.992729240290156	8
GNG11	pacemaker	AtrialFibrillation	1834.375	12.406790551394126	8
GNG11	pacemaker	EducationalAttainment	3597.375	24.330836475541503	8
GNG11	pacemaker	HRV_RMSSD	1613.125	10.910366750646759	8
GNG11	pacemaker	HRV_RMSSDc	1198.125	8.103515327775993	8
GNG11	pacemaker	HRV_SDNN	3614.875	24.449197680120392	8
GNG11	pacemaker	HRV_SDNNc	7738.625	52.34017010195973	8
GNG11	pacemaker	PRinterval	1967.625	13.3080265805448	8
GNG11	pacemaker	RestingHeartRate	1725.875	11.672951083005021	8
SMOC2	pacemaker	AtrialFibrillation	3317.125	22.435366327928172	8
SMOC2	pacemaker	EducationalAttainment	4557.5	30.82463942104462	8
SMOC2	pacemaker	HRV_RMSSD	3644.25	24.64787541637781	8
SMOC2	pacemaker	HRV_RMSSDc	3482.75	23.555570585549788	8
SMOC2	pacemaker	HRV_SDNN	6278.875	42.46715476572936	8
SMOC2	pacemaker	HRV_SDNNc	6792.625	45.94190155729528	8
SMOC2	pacemaker	PRinterval	3554.0	24.037469775620973	8
SMOC2	pacemaker	RestingHeartRate	3383.875	22.886829779679072	8
NTM	pacemaker	AtrialFibrillation	6691.25	45.2562520079133	8
NTM	pacemaker	EducationalAttainment	8758.25	59.23640114303106	8
NTM	pacemaker	HRV_RMSSD	7099.0	48.014068074601376	8
NTM	pacemaker	HRV_RMSSDc	7411.25	50.12597013915896	8
NTM	pacemaker	HRV_SDNN	10691.875	72.3144688118226	8
NTM	pacemaker	HRV_SDNNc	10113.5	68.40263100049036	8
NTM	pacemaker	PRinterval	5981.75	40.45755059941496	8
NTM	pacemaker	RestingHeartRate	7245.875	49.00745675588847	8
CPNE5	pacemaker	AtrialFibrillation	1710.875	11.571498621937405	8
CPNE5	pacemaker	EducationalAttainment	1124.125	7.603016519842411	8
CPNE5	pacemaker	HRV_RMSSD	1279.375	8.653049491892258	8
CPNE5	pacemaker	HRV_RMSSDc	1462.125	9.889078642566071	8
CPNE5	pacemaker	HRV_SDNN	5350.75	36.18978373717049	8
CPNE5	pacemaker	HRV_SDNNc	9399.625	63.57433929084729	8
CPNE5	pacemaker	PRinterval	2014.75	13.626756395732235	8
CPNE5	pacemaker	RestingHeartRate	1373.0	9.286281936389306	8
NKX2-5	node-negative	AtrialFibrillation	886.75	5.997531323447355	8
NKX2-5	node-negative	EducationalAttainment	4158.375	28.125158519470418	8
NKX2-5	node-negative	HRV_RMSSD	1959.0	13.24969141543092	8
NKX2-5	node-negative	HRV_RMSSDc	2593.75	17.54282139294229	8
NKX2-5	node-negative	HRV_SDNN	12437.625	84.12184440574221	8
NKX2-5	node-negative	HRV_SDNNc	14215.25	96.14480647943051	8
NKX2-5	node-negative	PRinterval	502.375	3.3978120085896415	8
NKX2-5	node-negative	RestingHeartRate	1792.75	12.125259971931486	8
MYH6	myocardium	AtrialFibrillation	1752.2857142857142	11.928889580456305	7
MYH6	myocardium	EducationalAttainment	1428.857142857143	9.727111819967712	7
MYH6	myocardium	HRV_RMSSD	1978.857142857143	13.471301032812713	7
MYH6	myocardium	HRV_RMSSDc	2741.714285714286	18.664540096862662	7
MYH6	myocardium	HRV_SDNN	3950.8571428571427	26.895921265049694	7
MYH6	myocardium	HRV_SDNNc	9828.42857142857	66.90817497520082	7
MYH6	myocardium	PRinterval	1804.857142857143	12.286775718203568	7
MYH6	myocardium	RestingHeartRate	1663.0	11.321066656293157	7
MYH7	myocardium	AtrialFibrillation	2660.0	17.990903095990937	8
MYH7	myocardium	EducationalAttainment	3918.5	26.502764579564094	8
MYH7	myocardium	HRV_RMSSD	3445.25	23.30193943288074	8
MYH7	myocardium	HRV_RMSSDc	3939.375	26.643952587883195	8
MYH7	myocardium	HRV_SDNN	7441.875	50.333102247172015	8
MYH7	myocardium	HRV_SDNNc	11897.5	80.46871037013238	8
MYH7	myocardium	PRinterval	2553.25	17.26889974805972	8
MYH7	myocardium	RestingHeartRate	3248.625	21.972066755719382	8
TNNT2	myocardium	AtrialFibrillation	1306.5714285714287	8.894637543033864	7
TNNT2	myocardium	EducationalAttainment	1208.142857142857	8.224573551436407	7
TNNT2	myocardium	HRV_RMSSD	1541.5714285714287	10.494427479431273	7
TNNT2	myocardium	HRV_RMSSDc	2141.714285714286	14.579970046486299	7
TNNT2	myocardium	HRV_SDNN	4389.0	29.8786299185031	7
TNNT2	myocardium	HRV_SDNNc	10744.42857142857	73.1439519187754	7
TNNT2	myocardium	PRinterval	1411.857142857143	9.61138233520705	7
TNNT2	myocardium	RestingHeartRate	1257.4285714285713	8.560091805574466	7
TTN	myocardium	AtrialFibrillation	1257.7142857142858	8.562036838931789	7
TTN	myocardium	EducationalAttainment	2571.0	17.50238266586272	7
TTN	myocardium	HRV_RMSSD	1342.0	9.135821679341802	7
TTN	myocardium	HRV_RMSSDc	1834.5714285714287	12.489059187365065	7
TTN	myocardium	HRV_SDNN	8354.57142857143	56.874720401454894	7
TTN	myocardium	HRV_SDNNc	12909.285714285714	87.8814696672048	7
TTN	myocardium	PRinterval	1187.2857142857142	8.082586116351896	7
TTN	myocardium	RestingHeartRate	1280.2857142857142	8.715694474160232	7
NPPA	myocardium	AtrialFibrillation	5049.5	34.76818912095479	6
NPPA	myocardium	EducationalAttainment	10606.5	73.03075510672481	6
NPPA	myocardium	HRV_RMSSD	4972.0	34.23456506770714	6
NPPA	myocardium	HRV_RMSSDc	6630.5	45.6541198072068	6
NPPA	myocardium	HRV_SDNN	13113.666666666666	90.29378012393849	6
NPPA	myocardium	HRV_SDNNc	13998.833333333334	96.38857011705302	6
NPPA	myocardium	PRinterval	4429.666666666667	30.50034427358274	6
NPPA	myocardium	RestingHeartRate	5390.166666666667	37.11383979802616	6
MYL7	myocardium	AtrialFibrillation	3465.0	23.5883920409235	7
MYL7	myocardium	EducationalAttainment	4350.428571428572	29.61605041526462	7
MYL7	myocardium	HRV_RMSSD	3687.714285714286	25.104545542956064	7
MYL7	myocardium	HRV_RMSSDc	4936.428571428572	33.60531383113221	7
MYL7	myocardium	HRV_SDNN	6595.714285714285	44.90109505378017	7
MYL7	myocardium	HRV_SDNNc	10533.0	71.70462723435708	7
MYL7	myocardium	PRinterval	3341.4285714285716	22.747165113881703	7
MYL7	myocardium	RestingHeartRate	3359.8571428571427	22.87261976542898	7
ACTC1	myocardium	AtrialFibrillation	1875.142857142857	12.7652539241048	7
ACTC1	myocardium	EducationalAttainment	2861.0	19.476591523544627	7
ACTC1	myocardium	HRV_RMSSD	2077.8571428571427	14.145255091124811	7
ACTC1	myocardium	HRV_RMSSDc	2903.714285714286	19.76737401046428	7
ACTC1	myocardium	HRV_SDNN	6410.0	43.63682337152082	7
ACTC1	myocardium	HRV_SDNNc	12016.285714285714	81.80226790889465	7
ACTC1	myocardium	PRinterval	1819.857142857143	12.388889969462976	7
ACTC1	myocardium	RestingHeartRate	1795.4285714285713	12.222589617411938	7
RYR2	myocardium	AtrialFibrillation	1020.5	6.9021491013002825	8
RYR2	myocardium	EducationalAttainment	3620.0	24.483860604318494	8
RYR2	myocardium	HRV_RMSSD	2333.875	15.785157504945808	8
RYR2	myocardium	HRV_RMSSDc	2557.125	17.29510830050219	8
RYR2	myocardium	HRV_SDNN	12836.375	86.81878899578972	8
RYR2	myocardium	HRV_SDNNc	14642.375	99.03366530833094	8
RYR2	myocardium	PRinterval	441.375	2.9852386669146616	8
RYR2	myocardium	RestingHeartRate	1850.25	12.514161072690689	8
PLN	myocardium	AtrialFibrillation	264.375	1.7880996263167686	8
PLN	myocardium	EducationalAttainment	969.625	6.558056170845944	8
PLN	myocardium	HRV_RMSSD	532.875	3.604098679427132	8
PLN	myocardium	HRV_RMSSDc	835.25	5.649211207115199	8
PLN	myocardium	HRV_SDNN	8665.125	58.60655044723626	8
PLN	myocardium	HRV_SDNNc	12451.0	84.2123061835275	8
PLN	myocardium	PRinterval	159.0	1.0753960873167516	8
PLN	myocardium	RestingHeartRate	325.125	2.1989820936406215	8
