section	trait	overlap
SAN__HCAHeartST10659160	AtrialFibrillation	18
SAN__HCAHeartST12992072	AtrialFibrillation	6
SAN__HCAHeartST13228105	AtrialFibrillation	36
SAN__HCAHeartST13228106	AtrialFibrillation	7
SAN__HCAHeartST13233996	AtrialFibrillation	10
SAN__HCAHeartST13233997	AtrialFibrillation	10
SAN__HCAHeartST13233998	AtrialFibrillation	8
SAN__HCAHeartST13233999	AtrialFibrillation	11
SAN__HCAHeartST10659160	HRV_RMSSD	49
SAN__HCAHeartST12992072	HRV_RMSSD	10
SAN__HCAHeartST13228105	HRV_RMSSD	34
SAN__HCAHeartST13228106	HRV_RMSSD	8
SAN__HCAHeartST13233996	HRV_RMSSD	8
SAN__HCAHeartST13233997	HRV_RMSSD	2
SAN__HCAHeartST13233998	HRV_RMSSD	16
SAN__HCAHeartST13233999	HRV_RMSSD	3
SAN__HCAHeartST10659160	HRV_RMSSDc	65
SAN__HCAHeartST12992072	HRV_RMSSDc	13
SAN__HCAHeartST13228105	HRV_RMSSDc	33
SAN__HCAHeartST13228106	HRV_RMSSDc	3
SAN__HCAHeartST13233996	HRV_RMSSDc	10
SAN__HCAHeartST13233997	HRV_RMSSDc	8
SAN__HCAHeartST13233998	HRV_RMSSDc	28
SAN__HCAHeartST13233999	HRV_RMSSDc	6
SAN__HCAHeartST10659160	HRV_SDNN	66
SAN__HCAHeartST12992072	HRV_SDNN	21
SAN__HCAHeartST13228105	HRV_SDNN	0
SAN__HCAHeartST13228106	HRV_SDNN	0
SAN__HCAHeartST13233996	HRV_SDNN	9
SAN__HCAHeartST13233997	HRV_SDNN	0
SAN__HCAHeartST13233998	HRV_SDNN	0
SAN__HCAHeartST13233999	HRV_SDNN	0
SAN__HCAHeartST10659160	HRV_SDNNc	69
SAN__HCAHeartST12992072	HRV_SDNNc	6
SAN__HCAHeartST13228105	HRV_SDNNc	0
SAN__HCAHeartST13228106	HRV_SDNNc	0
SAN__HCAHeartST13233996	HRV_SDNNc	0
SAN__HCAHeartST13233997	HRV_SDNNc	0
SAN__HCAHeartST13233998	HRV_SDNNc	0
SAN__HCAHeartST13233999	HRV_SDNNc	0
SAN__HCAHeartST10659160	PRinterval	2
SAN__HCAHeartST12992072	PRinterval	0
SAN__HCAHeartST13228105	PRinterval	9
SAN__HCAHeartST13228106	PRinterval	0
SAN__HCAHeartST13233996	PRinterval	3
SAN__HCAHeartST13233997	PRinterval	5
SAN__HCAHeartST13233998	PRinterval	4
SAN__HCAHeartST13233999	PRinterval	5
SAN__HCAHeartST10659160	RestingHeartRate	65
SAN__HCAHeartST12992072	RestingHeartRate	7
SAN__HCAHeartST13228105	RestingHeartRate	34
SAN__HCAHeartST13228106	RestingHeartRate	17
SAN__HCAHeartST13233996	RestingHeartRate	10
SAN__HCAHeartST13233997	RestingHeartRate	13
SAN__HCAHeartST13233998	RestingHeartRate	20
SAN__HCAHeartST13233999	RestingHeartRate	15
