section	t1	t2	n	pearson	spearman
SAN__HCAHeartST10659160	AtrialFibrillation	EducationalAttainment	15456	0.8290186654429386	0.7979961774045832
SAN__HCAHeartST10659160	AtrialFibrillation	HRV_RMSSD	15456	0.8940130071337594	0.855390482713836
SAN__HCAHeartST10659160	AtrialFibrillation	HRV_RMSSDc	15456	0.8721513425637727	0.8340752501366447
SAN__HCAHeartST10659160	AtrialFibrillation	HRV_SDNN	15456	0.8247113757288118	0.7819775323002759
SAN__HCAHeartST10659160	AtrialFibrillation	HRV_SDNNc	15456	0.794020067044038	0.7520675570265674
SAN__HCAHeartST10659160	AtrialFibrillation	PRinterval	15456	0.9275957604803577	0.9132786364727203
SAN__HCAHeartST10659160	AtrialFibrillation	RestingHeartRate	15456	0.9415261536328956	0.9215015946267704
SAN__HCAHeartST10659160	EducationalAttainment	HRV_RMSSD	15456	0.893090243382515	0.857784790149921
SAN__HCAHeartST10659160	EducationalAttainment	HRV_RMSSDc	15456	0.9265602193480263	0.8979606399118217
SAN__HCAHeartST10659160	EducationalAttainment	HRV_SDNN	15456	0.9246819182983258	0.8930128436381115
SAN__HCAHeartST10659160	EducationalAttainment	HRV_SDNNc	15456	0.9398327582620079	0.912870399538923
SAN__HCAHeartST10659160	EducationalAttainment	PRinterval	15456	0.7307461753628927	0.7182383735470355
SAN__HCAHeartST10659160	EducationalAttainment	RestingHeartRate	15456	0.9334490550673968	0.9168765805988923
SAN__HCAHeartST10659160	HRV_RMSSD	HRV_RMSSDc	15456	0.9879711125260033	0.9826656925853108
SAN__HCAHeartST10659160	HRV_RMSSD	HRV_SDNN	15456	0.9604776690508777	0.9460170934613211
SAN__HCAHeartST10659160	HRV_RMSSD	HRV_SDNNc	15456	0.9286513463377513	0.9047662176983812
SAN__HCAHeartST10659160	HRV_RMSSD	PRinterval	15456	0.8098366060831785	0.7793677591677776
SAN__HCAHeartST10659160	HRV_RMSSD	RestingHeartRate	15456	0.9452756453642156	0.9163542527263552
SAN__HCAHeartST10659160	HRV_RMSSDc	HRV_SDNN	15456	0.9813424480053355	0.9725389866648831
SAN__HCAHeartST10659160	HRV_RMSSDc	HRV_SDNNc	15456	0.9682496578604237	0.9559314547237261
SAN__HCAHeartST10659160	HRV_RMSSDc	PRinterval	15456	0.767121727090159	0.7390845381158813
SAN__HCAHeartST10659160	HRV_RMSSDc	RestingHeartRate	15456	0.9423895520157283	0.9142559659233923
SAN__HCAHeartST10659160	HRV_SDNN	HRV_SDNNc	15456	0.9893885428411889	0.9851101364194104
SAN__HCAHeartST10659160	HRV_SDNN	PRinterval	15456	0.7114807698391423	0.6836071346071857
SAN__HCAHeartST10659160	HRV_SDNN	RestingHeartRate	15456	0.914015095878513	0.8804669823692938
SAN__HCAHeartST10659160	HRV_SDNNc	PRinterval	15456	0.6671996091152604	0.6423906135433921
SAN__HCAHeartST10659160	HRV_SDNNc	RestingHeartRate	15456	0.8972697586485617	0.8638568429787535
SAN__HCAHeartST10659160	PRinterval	RestingHeartRate	15456	0.882790896037668	0.8732141561494539
SAN__HCAHeartST12992072	AtrialFibrillation	EducationalAttainment	15686	0.8273843423565616	0.8408130111462312
SAN__HCAHeartST12992072	AtrialFibrillation	HRV_RMSSD	15686	0.9485953846582386	0.945976255818028
SAN__HCAHeartST12992072	AtrialFibrillation	HRV_RMSSDc	15686	0.9316007887284298	0.9250158738675681
SAN__HCAHeartST12992072	AtrialFibrillation	HRV_SDNN	15686	0.6434426330109655	0.6631018604634362
SAN__HCAHeartST12992072	AtrialFibrillation	HRV_SDNNc	15686	0.36889004039885537	0.38761376450579915
SAN__HCAHeartST12992072	AtrialFibrillation	PRinterval	15686	0.9952453678389706	0.9943022379836743
SAN__HCAHeartST12992072	AtrialFibrillation	RestingHeartRate	15686	0.9976504357491257	0.9967991066528004
SAN__HCAHeartST12992072	EducationalAttainment	HRV_RMSSD	15686	0.8344991407474334	0.8415660139585343
SAN__HCAHeartST12992072	EducationalAttainment	HRV_RMSSDc	15686	0.8559379992754945	0.8596268541594015
SAN__HCAHeartST12992072	EducationalAttainment	HRV_SDNN	15686	0.8051840181508507	0.7914777188013555
SAN__HCAHeartST12992072	EducationalAttainment	HRV_SDNNc	15686	0.6913707363175192	0.6605896387947033
SAN__HCAHeartST12992072	EducationalAttainment	PRinterval	15686	0.7985268106371592	0.8135656953391727
SAN__HCAHeartST12992072	EducationalAttainment	RestingHeartRate	15686	0.8367940285799087	0.8485173376169799
SAN__HCAHeartST12992072	HRV_RMSSD	HRV_RMSSDc	15686	0.9917238866510756	0.9896596303669708
SAN__HCAHeartST12992072	HRV_RMSSD	HRV_SDNN	15686	0.7684767464173611	0.7804107461595455
SAN__HCAHeartST12992072	HRV_RMSSD	HRV_SDNNc	15686	0.49365285652767926	0.5032366523393405
SAN__HCAHeartST12992072	HRV_RMSSD	PRinterval	15686	0.9531507674065232	0.9495872757091113
SAN__HCAHeartST12992072	HRV_RMSSD	RestingHeartRate	15686	0.9583206005805065	0.9554236605894629
SAN__HCAHeartST12992072	HRV_RMSSDc	HRV_SDNN	15686	0.7929487237525102	0.7997389400490305
SAN__HCAHeartST12992072	HRV_RMSSDc	HRV_SDNNc	15686	0.5497319039895876	0.5543857564118426
SAN__HCAHeartST12992072	HRV_RMSSDc	PRinterval	15686	0.9328571810307291	0.9251900892999133
SAN__HCAHeartST12992072	HRV_RMSSDc	RestingHeartRate	15686	0.942172880148662	0.9348567723800727
SAN__HCAHeartST12992072	HRV_SDNN	HRV_SDNNc	15686	0.919152984699727	0.9068904835757111
SAN__HCAHeartST12992072	HRV_SDNN	PRinterval	15686	0.6161827447898485	0.6390755074011396
SAN__HCAHeartST12992072	HRV_SDNN	RestingHeartRate	15686	0.6684232125768796	0.686212712102035
SAN__HCAHeartST12992072	HRV_SDNNc	PRinterval	15686	0.32398639164775506	0.3476392740756085
SAN__HCAHeartST12992072	HRV_SDNNc	RestingHeartRate	15686	0.39436732817629805	0.41060168572372846
SAN__HCAHeartST12992072	PRinterval	RestingHeartRate	15686	0.9948220813253732	0.9941250997657526
SAN__HCAHeartST13228105	AtrialFibrillation	EducationalAttainment	14242	0.9768629859976967	0.9718931013803285
SAN__HCAHeartST13228105	AtrialFibrillation	HRV_RMSSD	14242	0.9887751746969246	0.9793234568334962
SAN__HCAHeartST13228105	AtrialFibrillation	HRV_RMSSDc	14242	0.9777705178487142	0.9612751642733419
SAN__HCAHeartST13228105	AtrialFibrillation	HRV_SDNN	14242	-0.027990889184361954	0.010739105237585679
SAN__HCAHeartST13228105	AtrialFibrillation	HRV_SDNNc	14242	-0.6940035943021339	-0.6296300628385579
SAN__HCAHeartST13228105	AtrialFibrillation	PRinterval	14242	0.9948669388871917	0.9938925678323155
SAN__HCAHeartST13228105	AtrialFibrillation	RestingHeartRate	14242	0.9975702212408164	0.9957239606678765
SAN__HCAHeartST13228105	EducationalAttainment	HRV_RMSSD	14242	0.9739532805565074	0.9640751063312081
SAN__HCAHeartST13228105	EducationalAttainment	HRV_RMSSDc	14242	0.9601656161430497	0.9411790801967785
SAN__HCAHeartST13228105	EducationalAttainment	HRV_SDNN	14242	0.062196163616711084	0.08467161308813066
SAN__HCAHeartST13228105	EducationalAttainment	HRV_SDNNc	14242	-0.627988036507888	-0.5765006615996714
SAN__HCAHeartST13228105	EducationalAttainment	PRinterval	14242	0.961235958060088	0.9579263862595545
SAN__HCAHeartST13228105	EducationalAttainment	RestingHeartRate	14242	0.9773553693985825	0.9740554269806588
SAN__HCAHeartST13228105	HRV_RMSSD	HRV_RMSSDc	14242	0.994639933330306	0.9907047086402904
SAN__HCAHeartST13228105	HRV_RMSSD	HRV_SDNN	14242	0.05615604945372804	0.10496730490871306
SAN__HCAHeartST13228105	HRV_RMSSD	HRV_SDNNc	14242	-0.6384399066496761	-0.5619695949442403
SAN__HCAHeartST13228105	HRV_RMSSD	PRinterval	14242	0.9816214473360789	0.9722852075418742
SAN__HCAHeartST13228105	HRV_RMSSD	RestingHeartRate	14242	0.9899987559554853	0.9815544193452292
SAN__HCAHeartST13228105	HRV_RMSSDc	HRV_SDNN	14242	0.10574296736409458	0.15425659283763268
SAN__HCAHeartST13228105	HRV_RMSSDc	HRV_SDNNc	14242	-0.5880015957604666	-0.5041125870676194
SAN__HCAHeartST13228105	HRV_RMSSDc	PRinterval	14242	0.9682684302527287	0.9515463313763487
SAN__HCAHeartST13228105	HRV_RMSSDc	RestingHeartRate	14242	0.9779351589175117	0.9612869450955642
SAN__HCAHeartST13228105	HRV_SDNN	HRV_SDNNc	14242	0.7158161568664516	0.6964583422263648
SAN__HCAHeartST13228105	HRV_SDNN	PRinterval	14242	-0.09133237108021756	-0.045329019217008625
SAN__HCAHeartST13228105	HRV_SDNN	RestingHeartRate	14242	-0.023725355962008487	0.015214708210526364
SAN__HCAHeartST13228105	HRV_SDNNc	PRinterval	14242	-0.7341768636738573	-0.6683232586323503
SAN__HCAHeartST13228105	HRV_SDNNc	RestingHeartRate	14242	-0.6926093683457486	-0.6288309034638503
SAN__HCAHeartST13228105	PRinterval	RestingHeartRate	14242	0.9948239140279028	0.9935488260554166
SAN__HCAHeartST13228106	AtrialFibrillation	EducationalAttainment	14604	0.6036518211183207	0.6117980005019257
SAN__HCAHeartST13228106	AtrialFibrillation	HRV_RMSSD	14604	0.9311511115296071	0.9107089383540085
SAN__HCAHeartST13228106	AtrialFibrillation	HRV_RMSSDc	14604	0.9452529829097409	0.9237245083179216
SAN__HCAHeartST13228106	AtrialFibrillation	HRV_SDNN	14604	-0.1272338667050084	-0.07654596112788148
SAN__HCAHeartST13228106	AtrialFibrillation	HRV_SDNNc	14604	-0.3131788056939143	-0.2474831935094874
SAN__HCAHeartST13228106	AtrialFibrillation	PRinterval	14604	0.9834062166406126	0.9751732387462376
SAN__HCAHeartST13228106	AtrialFibrillation	RestingHeartRate	14604	0.9747104352178195	0.964313523822014
SAN__HCAHeartST13228106	EducationalAttainment	HRV_RMSSD	14604	0.6319039020818703	0.6337180302945032
SAN__HCAHeartST13228106	EducationalAttainment	HRV_RMSSDc	14604	0.5918285955711582	0.5958486718030037
SAN__HCAHeartST13228106	EducationalAttainment	HRV_SDNN	14604	0.24574122620385613	0.21821650961540975
SAN__HCAHeartST13228106	EducationalAttainment	HRV_SDNNc	14604	0.09876614082360859	0.08036581254705039
SAN__HCAHeartST13228106	EducationalAttainment	PRinterval	14604	0.5588381592516526	0.5665433065564243
SAN__HCAHeartST13228106	EducationalAttainment	RestingHeartRate	14604	0.6709075608978088	0.685498435414111
SAN__HCAHeartST13228106	HRV_RMSSD	HRV_RMSSDc	14604	0.9885843446647374	0.9869281106641502
SAN__HCAHeartST13228106	HRV_RMSSD	HRV_SDNN	14604	0.10692663382651839	0.14717076537863813
SAN__HCAHeartST13228106	HRV_RMSSD	HRV_SDNNc	14604	-0.12058111975980232	-0.06740915662871691
SAN__HCAHeartST13228106	HRV_RMSSD	PRinterval	14604	0.9094175581897413	0.8858312954787596
SAN__HCAHeartST13228106	HRV_RMSSD	RestingHeartRate	14604	0.9521642625456643	0.9366900742064153
SAN__HCAHeartST13228106	HRV_RMSSDc	HRV_SDNN	14604	0.028438050866534552	0.0830187893619819
SAN__HCAHeartST13228106	HRV_RMSSDc	HRV_SDNNc	14604	-0.17253903306066323	-0.10551497732698299
SAN__HCAHeartST13228106	HRV_RMSSDc	PRinterval	14604	0.9335538249411064	0.9084782321261695
SAN__HCAHeartST13228106	HRV_RMSSDc	RestingHeartRate	14604	0.9507257274767167	0.9315544592283526
SAN__HCAHeartST13228106	HRV_SDNN	HRV_SDNNc	14604	0.9477517392752638	0.9423859614398999
SAN__HCAHeartST13228106	HRV_SDNN	PRinterval	14604	-0.24170382935606882	-0.1895391510915661
SAN__HCAHeartST13228106	HRV_SDNN	RestingHeartRate	14604	-0.01974104472472258	0.022468544662885063
SAN__HCAHeartST13228106	HRV_SDNNc	PRinterval	14604	-0.42187773398565637	-0.3580196389061057
SAN__HCAHeartST13228106	HRV_SDNNc	RestingHeartRate	14604	-0.2173749480745117	-0.16094998000267932
SAN__HCAHeartST13228106	PRinterval	RestingHeartRate	14604	0.9559495438937001	0.9410324635157289
SAN__HCAHeartST13233996	AtrialFibrillation	EducationalAttainment	14249	0.9317111655752102	0.9240741620678937
SAN__HCAHeartST13233996	AtrialFibrillation	HRV_RMSSD	14249	0.9838382645497074	0.9673862379262487
SAN__HCAHeartST13233996	AtrialFibrillation	HRV_RMSSDc	14249	0.9571889655286951	0.9245324457193443
SAN__HCAHeartST13233996	AtrialFibrillation	HRV_SDNN	14249	0.5884742214792994	0.5795530078939002
SAN__HCAHeartST13233996	AtrialFibrillation	HRV_SDNNc	14249	-0.6791857527628832	-0.6551981676385957
SAN__HCAHeartST13233996	AtrialFibrillation	PRinterval	14249	0.9971213702394707	0.9947778901164568
SAN__HCAHeartST13233996	AtrialFibrillation	RestingHeartRate	14249	0.9977343168065601	0.994733774157989
SAN__HCAHeartST13233996	EducationalAttainment	HRV_RMSSD	14249	0.9237303745537232	0.9017198953258809
SAN__HCAHeartST13233996	EducationalAttainment	HRV_RMSSDc	14249	0.91028112108036	0.8775770997245005
SAN__HCAHeartST13233996	EducationalAttainment	HRV_SDNN	14249	0.67964009755525	0.6580208456937675
SAN__HCAHeartST13233996	EducationalAttainment	HRV_SDNNc	14249	-0.5329321572563465	-0.5213017423737899
SAN__HCAHeartST13233996	EducationalAttainment	PRinterval	14249	0.9190183296953064	0.9115461723775112
SAN__HCAHeartST13233996	EducationalAttainment	RestingHeartRate	14249	0.9348192477354748	0.9256825673074099
SAN__HCAHeartST13233996	HRV_RMSSD	HRV_RMSSDc	14249	0.9883180633056935	0.980582145947527
SAN__HCAHeartST13233996	HRV_RMSSD	HRV_SDNN	14249	0.6470922673459916	0.6517337247420039
SAN__HCAHeartST13233996	HRV_RMSSD	HRV_SDNNc	14249	-0.6525578128615989	-0.6185153407909737
SAN__HCAHeartST13233996	HRV_RMSSD	PRinterval	14249	0.9841236697695832	0.9721596628551844
SAN__HCAHeartST13233996	HRV_RMSSD	RestingHeartRate	14249	0.9894923261891039	0.9782672468533739
SAN__HCAHeartST13233996	HRV_RMSSDc	HRV_SDNN	14249	0.7181988600424921	0.7284612222174842
SAN__HCAHeartST13233996	HRV_RMSSDc	HRV_SDNNc	14249	-0.5601986118756388	-0.5157864486842744
SAN__HCAHeartST13233996	HRV_RMSSDc	PRinterval	14249	0.9548485124499398	0.9271065715812715
SAN__HCAHeartST13233996	HRV_RMSSDc	RestingHeartRate	14249	0.9638436564496728	0.9358471721261258
SAN__HCAHeartST13233996	HRV_SDNN	HRV_SDNNc	14249	0.12861208684768521	0.10119998425208972
SAN__HCAHeartST13233996	HRV_SDNN	PRinterval	14249	0.5698444394408442	0.5689667890297326
SAN__HCAHeartST13233996	HRV_SDNN	RestingHeartRate	14249	0.6009062865982333	0.5938442823642625
SAN__HCAHeartST13233996	HRV_SDNNc	PRinterval	14249	-0.6976510913681989	-0.668427083696296
SAN__HCAHeartST13233996	HRV_SDNNc	RestingHeartRate	14249	-0.6804987101437032	-0.6564540575944084
SAN__HCAHeartST13233996	PRinterval	RestingHeartRate	14249	0.9971134361381029	0.9959907966849607
SAN__HCAHeartST13233997	AtrialFibrillation	EducationalAttainment	14401	0.9010889103233762	0.9120887222488494
SAN__HCAHeartST13233997	AtrialFibrillation	HRV_RMSSD	14401	0.9838557857097507	0.9713268366954465
SAN__HCAHeartST13233997	AtrialFibrillation	HRV_RMSSDc	14401	0.9418317586506993	0.9119827610191219
SAN__HCAHeartST13233997	AtrialFibrillation	HRV_SDNN	14401	-0.03579597662427507	-0.021548366596577426
SAN__HCAHeartST13233997	AtrialFibrillation	HRV_SDNNc	14401	-0.7533790597087068	-0.698277693180616
SAN__HCAHeartST13233997	AtrialFibrillation	PRinterval	14401	0.9975239594437036	0.9955951172827119
SAN__HCAHeartST13233997	AtrialFibrillation	RestingHeartRate	14401	0.9974535417890177	0.9955552209885039
SAN__HCAHeartST13233997	EducationalAttainment	HRV_RMSSD	14401	0.8788358983555672	0.8870631537268489
SAN__HCAHeartST13233997	EducationalAttainment	HRV_RMSSDc	14401	0.8520926941540725	0.8463051072575374
SAN__HCAHeartST13233997	EducationalAttainment	HRV_SDNN	14401	0.18290784269248203	0.16126599244435325
SAN__HCAHeartST13233997	EducationalAttainment	HRV_SDNNc	14401	-0.5451360206143533	-0.5315114128999803
SAN__HCAHeartST13233997	EducationalAttainment	PRinterval	14401	0.891452437479833	0.9016404332722565
SAN__HCAHeartST13233997	EducationalAttainment	RestingHeartRate	14401	0.9107380058281215	0.9193652975200131
SAN__HCAHeartST13233997	HRV_RMSSD	HRV_RMSSDc	14401	0.977514661039025	0.9692914100437403
SAN__HCAHeartST13233997	HRV_RMSSD	HRV_SDNN	14401	0.007283452385896203	0.044672156291010394
SAN__HCAHeartST13233997	HRV_RMSSD	HRV_SDNNc	14401	-0.7374272140737097	-0.6643482223255808
SAN__HCAHeartST13233997	HRV_RMSSD	PRinterval	14401	0.9859683188262116	0.973727751275669
SAN__HCAHeartST13233997	HRV_RMSSD	RestingHeartRate	14401	0.9851647673904258	0.9745887645175636
SAN__HCAHeartST13233997	HRV_RMSSDc	HRV_SDNN	14401	0.14465995968961576	0.17665206896130756
SAN__HCAHeartST13233997	HRV_RMSSDc	HRV_SDNNc	14401	-0.6181473743831901	-0.5377810666828567
SAN__HCAHeartST13233997	HRV_RMSSDc	PRinterval	14401	0.9416740685099663	0.910814189270167
SAN__HCAHeartST13233997	HRV_RMSSDc	RestingHeartRate	14401	0.9421937787578177	0.9119519992793234
SAN__HCAHeartST13233997	HRV_SDNN	HRV_SDNNc	14401	0.6531632767840518	0.6557717437948073
SAN__HCAHeartST13233997	HRV_SDNN	PRinterval	14401	-0.06376515148338513	-0.0520307807575057
SAN__HCAHeartST13233997	HRV_SDNN	RestingHeartRate	14401	-0.025332722338812442	-0.016442799454304793
SAN__HCAHeartST13233997	HRV_SDNNc	PRinterval	14401	-0.7742860821845637	-0.7234396623370358
SAN__HCAHeartST13233997	HRV_SDNNc	RestingHeartRate	14401	-0.7501083307605473	-0.7006545869447731
SAN__HCAHeartST13233997	PRinterval	RestingHeartRate	14401	0.9969739208360316	0.9956023430591332
SAN__HCAHeartST13233998	AtrialFibrillation	EducationalAttainment	14946	0.9482415920648207	0.9515744141978744
SAN__HCAHeartST13233998	AtrialFibrillation	HRV_RMSSD	14946	0.9885001810186635	0.9835355695843784
SAN__HCAHeartST13233998	AtrialFibrillation	HRV_RMSSDc	14946	0.9641461459505176	0.9560132545305552
SAN__HCAHeartST13233998	AtrialFibrillation	HRV_SDNN	14946	0.15795164030254077	0.1966217542762458
SAN__HCAHeartST13233998	AtrialFibrillation	HRV_SDNNc	14946	-0.5686883991663089	-0.508020393937998
SAN__HCAHeartST13233998	AtrialFibrillation	PRinterval	14946	0.9960995261265218	0.9952331594731134
SAN__HCAHeartST13233998	AtrialFibrillation	RestingHeartRate	14946	0.9965756503687407	0.9954248238048896
SAN__HCAHeartST13233998	EducationalAttainment	HRV_RMSSD	14946	0.9600516349165416	0.9618791307400055
SAN__HCAHeartST13233998	EducationalAttainment	HRV_RMSSDc	14946	0.9553597776325088	0.9503043768832704
SAN__HCAHeartST13233998	EducationalAttainment	HRV_SDNN	14946	0.3657750018112518	0.3654634652264153
SAN__HCAHeartST13233998	EducationalAttainment	HRV_SDNNc	14946	-0.3787422963487633	-0.35296196264588925
SAN__HCAHeartST13233998	EducationalAttainment	PRinterval	14946	0.938620922624285	0.9467267705921208
SAN__HCAHeartST13233998	EducationalAttainment	RestingHeartRate	14946	0.9591669998226349	0.9632224280948809
SAN__HCAHeartST13233998	HRV_RMSSD	HRV_RMSSDc	14946	0.988106297265176	0.9868052586203766
SAN__HCAHeartST13233998	HRV_RMSSD	HRV_SDNN	14946	0.24567099547488339	0.2874686150313158
SAN__HCAHeartST13233998	HRV_RMSSD	HRV_SDNNc	14946	-0.5021784931437203	-0.4368819666768964
SAN__HCAHeartST13233998	HRV_RMSSD	PRinterval	14946	0.9856963791112995	0.9816483777268189
SAN__HCAHeartST13233998	HRV_RMSSD	RestingHeartRate	14946	0.9922496419064807	0.9886575502780252
SAN__HCAHeartST13233998	HRV_RMSSDc	HRV_SDNN	14946	0.3614542716931348	0.3905103373019504
SAN__HCAHeartST13233998	HRV_RMSSDc	HRV_SDNNc	14946	-0.38297046203664437	-0.3253113047626997
SAN__HCAHeartST13233998	HRV_RMSSDc	PRinterval	14946	0.9560667038044334	0.9491786420537297
SAN__HCAHeartST13233998	HRV_RMSSDc	RestingHeartRate	14946	0.9724879526652761	0.9657100563054267
SAN__HCAHeartST13233998	HRV_SDNN	HRV_SDNNc	14946	0.7016431330543291	0.6773825615581014
SAN__HCAHeartST13233998	HRV_SDNN	PRinterval	14946	0.11542689964373565	0.16111423262856608
SAN__HCAHeartST13233998	HRV_SDNN	RestingHeartRate	14946	0.19733063475894455	0.23270423520174743
SAN__HCAHeartST13233998	HRV_SDNNc	PRinterval	14946	-0.6035655368852723	-0.5388237430648145
SAN__HCAHeartST13233998	HRV_SDNNc	RestingHeartRate	14946	-0.5367593408339981	-0.4777267675213604
SAN__HCAHeartST13233998	PRinterval	RestingHeartRate	14946	0.9946678281130377	0.994380561940308
SAN__HCAHeartST13233999	AtrialFibrillation	EducationalAttainment	14698	0.9632941102945634	0.9663241062551455
SAN__HCAHeartST13233999	AtrialFibrillation	HRV_RMSSD	14698	0.9900663423046543	0.9849717805053732
SAN__HCAHeartST13233999	AtrialFibrillation	HRV_RMSSDc	14698	0.9728008963606855	0.9583316957334485
SAN__HCAHeartST13233999	AtrialFibrillation	HRV_SDNN	14698	0.11790231833036863	0.12069569640655803
SAN__HCAHeartST13233999	AtrialFibrillation	HRV_SDNNc	14698	-0.7038331490371965	-0.6694365762226995
SAN__HCAHeartST13233999	AtrialFibrillation	PRinterval	14698	0.9977486783404819	0.997515472210361
SAN__HCAHeartST13233999	AtrialFibrillation	RestingHeartRate	14698	0.9990420511310084	0.9987268974918572
SAN__HCAHeartST13233999	EducationalAttainment	HRV_RMSSD	14698	0.9456944841920873	0.948984325453413
SAN__HCAHeartST13233999	EducationalAttainment	HRV_RMSSDc	14698	0.9281967467395433	0.9223098489252421
SAN__HCAHeartST13233999	EducationalAttainment	HRV_SDNN	14698	0.2224691673181213	0.2091452758315902
SAN__HCAHeartST13233999	EducationalAttainment	HRV_SDNNc	14698	-0.5995470123676492	-0.5840571924055634
SAN__HCAHeartST13233999	EducationalAttainment	PRinterval	14698	0.955009746395252	0.9600322107464901
SAN__HCAHeartST13233999	EducationalAttainment	RestingHeartRate	14698	0.9646807698162128	0.9676972627959137
SAN__HCAHeartST13233999	HRV_RMSSD	HRV_RMSSDc	14698	0.9917332740015619	0.987466739322446
SAN__HCAHeartST13233999	HRV_RMSSD	HRV_SDNN	14698	0.1698078351877204	0.18965666024956718
SAN__HCAHeartST13233999	HRV_RMSSD	HRV_SDNNc	14698	-0.676928484774645	-0.6282366911769489
SAN__HCAHeartST13233999	HRV_RMSSD	PRinterval	14698	0.9895333168390832	0.9836279833594158
SAN__HCAHeartST13233999	HRV_RMSSD	RestingHeartRate	14698	0.9907938148955302	0.9858737572022275
SAN__HCAHeartST13233999	HRV_RMSSDc	HRV_SDNN	14698	0.25085717721142864	0.2726779868947066
SAN__HCAHeartST13233999	HRV_RMSSDc	HRV_SDNNc	14698	-0.604202860451057	-0.5482475854845499
SAN__HCAHeartST13233999	HRV_RMSSDc	PRinterval	14698	0.9680439345902538	0.9520726725871266
SAN__HCAHeartST13233999	HRV_RMSSDc	RestingHeartRate	14698	0.9736840566835858	0.9588518130166421
SAN__HCAHeartST13233999	HRV_SDNN	HRV_SDNNc	14698	0.5957289053649848	0.579315438000655
SAN__HCAHeartST13233999	HRV_SDNN	PRinterval	14698	0.07961293826643777	0.08803614801417442
SAN__HCAHeartST13233999	HRV_SDNN	RestingHeartRate	14698	0.1312396878811161	0.1325948826157751
SAN__HCAHeartST13233999	HRV_SDNNc	PRinterval	14698	-0.7334065785540472	-0.6957702882761058
SAN__HCAHeartST13233999	HRV_SDNNc	RestingHeartRate	14698	-0.6957731246899037	-0.6620065982643345
SAN__HCAHeartST13233999	PRinterval	RestingHeartRate	14698	0.9971984041562538	0.9970464921136883
