region	section	trait	cell_type	delta_rho
AVN	AVN__HCAHeartST11290657	AtrialFibrillation	Adip1	-0.04723283345768811
AVN	AVN__HCAHeartST11290657	AtrialFibrillation	EC2_cap	0.45427589683461767
AVN	AVN__HCAHeartST11290657	AtrialFibrillation	FB1	0.3672539741183553
AVN	AVN__HCAHeartST11290657	AtrialFibrillation	FB2	-0.08560987449683237
AVN	AVN__HCAHeartST11290657	AtrialFibrillation	FB4_activated	0.10727545382791896
AVN	AVN__HCAHeartST11290657	AtrialFibrillation	NC1_glial	0.34637751075082696
AVN	AVN__HCAHeartST11290657	AtrialFibrillation	NC2_glial_NGF+	0.14010407216323612
AVN	AVN__HCAHeartST11290657	AtrialFibrillation	PC1_vent	0.4398461670821291
AVN	AVN__HCAHeartST11290657	AtrialFibrillation	aCM1	-0.07653770542655973
AVN	AVN__HCAHeartST11290657	AtrialFibrillation	aCM2	-0.0784663879576535
AVN	AVN__HCAHeartST11290657	AtrialFibrillation	aCM3	-0.2243235982416354
AVN	AVN__HCAHeartST11290657	AtrialFibrillation	aCM4	0.13022116018641552
AVN	AVN__HCAHeartST11290657	AtrialFibrillation	vCM1	0.4143710178512502
AVN	AVN__HCAHeartST11290657	AtrialFibrillation	vCM2	0.40965522800915866
AVN	AVN__HCAHeartST11290657	AtrialFibrillation	vCM3_stressed	0.1122721508810962
AVN	AVN__HCAHeartST11290658	AtrialFibrillation	AVN_bundle_cell	-0.22263349708058172
AVN	AVN__HCAHeartST11290658	AtrialFibrillation	Adip1	0.2554538613464664
AVN	AVN__HCAHeartST11290658	AtrialFibrillation	EC2_cap	0.7062445190731754
AVN	AVN__HCAHeartST11290658	AtrialFibrillation	FB1	0.3997158112317072
AVN	AVN__HCAHeartST11290658	AtrialFibrillation	FB2	-0.24021995834290794
AVN	AVN__HCAHeartST11290658	AtrialFibrillation	FB4_activated	-0.018193006071269516
AVN	AVN__HCAHeartST11290658	AtrialFibrillation	NC1_glial	0.3555544340710016
AVN	AVN__HCAHeartST11290658	AtrialFibrillation	NC2_glial_NGF+	-0.018831177424607777
AVN	AVN__HCAHeartST11290658	AtrialFibrillation	PC1_vent	0.623275454304492
AVN	AVN__HCAHeartST11290658	AtrialFibrillation	aCM1	-0.011910647063206103
AVN	AVN__HCAHeartST11290658	AtrialFibrillation	aCM2	-0.14323585029867658
AVN	AVN__HCAHeartST11290658	AtrialFibrillation	aCM3	-0.28592924695942834
AVN	AVN__HCAHeartST11290658	AtrialFibrillation	aCM4	0.5888796300088897
AVN	AVN__HCAHeartST11290658	AtrialFibrillation	vCM1	0.6020487562468568
AVN	AVN__HCAHeartST11290658	AtrialFibrillation	vCM2	0.628012152513048
AVN	AVN__HCAHeartST11290658	AtrialFibrillation	vCM3_stressed	-0.031462808073332266
AVN	AVN__HCAHeartST11290659	AtrialFibrillation	AVN_bundle_cell	-0.1292411321112868
AVN	AVN__HCAHeartST11290659	AtrialFibrillation	Adip1	0.18597524448175687
AVN	AVN__HCAHeartST11290659	AtrialFibrillation	EC2_cap	0.2934382864437929
AVN	AVN__HCAHeartST11290659	AtrialFibrillation	FB1	0.25070396947359397
AVN	AVN__HCAHeartST11290659	AtrialFibrillation	FB2	-0.080730374301622
AVN	AVN__HCAHeartST11290659	AtrialFibrillation	FB4_activated	0.04238565495312942
AVN	AVN__HCAHeartST11290659	AtrialFibrillation	NC1_glial	0.23499148141768367
AVN	AVN__HCAHeartST11290659	AtrialFibrillation	NC2_glial_NGF+	0.10364045224909141
AVN	AVN__HCAHeartST11290659	AtrialFibrillation	PC1_vent	0.27777957710604884
AVN	AVN__HCAHeartST11290659	AtrialFibrillation	aCM1	0.03792145339338926
AVN	AVN__HCAHeartST11290659	AtrialFibrillation	aCM2	-0.05060356908235243
AVN	AVN__HCAHeartST11290659	AtrialFibrillation	aCM3	-0.1534225785088027
AVN	AVN__HCAHeartST11290659	AtrialFibrillation	aCM4	0.32050153143494864
AVN	AVN__HCAHeartST11290659	AtrialFibrillation	vCM1	0.15412710258605894
AVN	AVN__HCAHeartST11290659	AtrialFibrillation	vCM2	0.20777804573843217
AVN	AVN__HCAHeartST11290659	AtrialFibrillation	vCM3_stressed	-0.05391659157348827
AVN	AVN__HCAHeartST11290662	AtrialFibrillation	Adip1	0.11767316718496121
AVN	AVN__HCAHeartST11290662	AtrialFibrillation	EC2_cap	0.36690594167843155
AVN	AVN__HCAHeartST11290662	AtrialFibrillation	FB1	0.11661386462313184
AVN	AVN__HCAHeartST11290662	AtrialFibrillation	FB2	-0.25100959105567616
AVN	AVN__HCAHeartST11290662	AtrialFibrillation	FB4_activated	0.07004331241605465
AVN	AVN__HCAHeartST11290662	AtrialFibrillation	NC1_glial	0.24050113047315475
AVN	AVN__HCAHeartST11290662	AtrialFibrillation	NC2_glial_NGF+	-0.11112509207961549
AVN	AVN__HCAHeartST11290662	AtrialFibrillation	PC1_vent	0.3251847276330611
AVN	AVN__HCAHeartST11290662	AtrialFibrillation	aCM1	-0.23292480731899434
AVN	AVN__HCAHeartST11290662	AtrialFibrillation	aCM2	-0.2073955770566788
AVN	AVN__HCAHeartST11290662	AtrialFibrillation	aCM3	0.0023747557800341546
AVN	AVN__HCAHeartST11290662	AtrialFibrillation	aCM4	-0.06701750223096295
AVN	AVN__HCAHeartST11290662	AtrialFibrillation	vCM1	0.40138891856582953
AVN	AVN__HCAHeartST11290662	AtrialFibrillation	vCM2	0.35040226876002434
AVN	AVN__HCAHeartST11290662	AtrialFibrillation	vCM3_stressed	0.26733377255060764
AVN	AVN__HCAHeartST11350377	AtrialFibrillation	AVN_bundle_cell	0.16311234367821964
AVN	AVN__HCAHeartST11350377	AtrialFibrillation	Adip1	0.32162805003110323
AVN	AVN__HCAHeartST11350377	AtrialFibrillation	EC2_cap	0.525786072045381
AVN	AVN__HCAHeartST11350377	AtrialFibrillation	FB1	0.33220407845435634
AVN	AVN__HCAHeartST11350377	AtrialFibrillation	FB2	-0.280108552312671
AVN	AVN__HCAHeartST11350377	AtrialFibrillation	FB4_activated	-0.018256675138592398
AVN	AVN__HCAHeartST11350377	AtrialFibrillation	NC1_glial	0.29131818150283495
AVN	AVN__HCAHeartST11350377	AtrialFibrillation	NC2_glial_NGF+	-0.1635409227732646
AVN	AVN__HCAHeartST11350377	AtrialFibrillation	PC1_vent	0.5235752729941727
AVN	AVN__HCAHeartST11350377	AtrialFibrillation	aCM1	-0.11558348347574232
AVN	AVN__HCAHeartST11350377	AtrialFibrillation	aCM2	-0.1004947839615185
AVN	AVN__HCAHeartST11350377	AtrialFibrillation	aCM3	0.32603045856967106
AVN	AVN__HCAHeartST11350377	AtrialFibrillation	aCM4	-0.014766073450886881
AVN	AVN__HCAHeartST11350377	AtrialFibrillation	vCM1	0.47256563212053904
AVN	AVN__HCAHeartST11350377	AtrialFibrillation	vCM2	0.4627651321201409
AVN	AVN__HCAHeartST11350377	AtrialFibrillation	vCM3_stressed	0.41189880230782416
AVN	AVN__HCAHeartST12992074	AtrialFibrillation	AVN_bundle_cell	0.29670072956602206
AVN	AVN__HCAHeartST12992074	AtrialFibrillation	Adip1	0.31542611453040337
AVN	AVN__HCAHeartST12992074	AtrialFibrillation	EC2_cap	0.44798544065217183
AVN	AVN__HCAHeartST12992074	AtrialFibrillation	FB1	0.388054394489046
AVN	AVN__HCAHeartST12992074	AtrialFibrillation	FB2	0.14066831825215154
AVN	AVN__HCAHeartST12992074	AtrialFibrillation	FB4_activated	0.25738760755147383
AVN	AVN__HCAHeartST12992074	AtrialFibrillation	NC1_glial	0.3783609006365862
AVN	AVN__HCAHeartST12992074	AtrialFibrillation	NC2_glial_NGF+	0.21769580486861587
AVN	AVN__HCAHeartST12992074	AtrialFibrillation	PC1_vent	0.43049341864815394
AVN	AVN__HCAHeartST12992074	AtrialFibrillation	aCM1	0.29129590816628964
AVN	AVN__HCAHeartST12992074	AtrialFibrillation	aCM2	0.22964838802226095
AVN	AVN__HCAHeartST12992074	AtrialFibrillation	aCM3	0.18526303296579105
AVN	AVN__HCAHeartST12992074	AtrialFibrillation	aCM4	0.32687302554776676
AVN	AVN__HCAHeartST12992074	AtrialFibrillation	vCM1	0.38467966518632535
AVN	AVN__HCAHeartST12992074	AtrialFibrillation	vCM2	0.3646856964877652
AVN	AVN__HCAHeartST12992074	AtrialFibrillation	vCM3_stressed	0.29210194210370877
AVN	AVN__HCAHeartST12992075	AtrialFibrillation	AVN_bundle_cell	0.06488961069234873
AVN	AVN__HCAHeartST12992075	AtrialFibrillation	Adip1	0.3445977519673975
AVN	AVN__HCAHeartST12992075	AtrialFibrillation	EC2_cap	0.4619892942526408
AVN	AVN__HCAHeartST12992075	AtrialFibrillation	FB1	0.21230361337414813
AVN	AVN__HCAHeartST12992075	AtrialFibrillation	FB2	-0.43628715526753786
AVN	AVN__HCAHeartST12992075	AtrialFibrillation	FB4_activated	-0.011246315387158604
AVN	AVN__HCAHeartST12992075	AtrialFibrillation	NC1_glial	0.28019682285823594
AVN	AVN__HCAHeartST12992075	AtrialFibrillation	NC2_glial_NGF+	-0.1679807996039042
AVN	AVN__HCAHeartST12992075	AtrialFibrillation	PC1_vent	0.4407665216698713
AVN	AVN__HCAHeartST12992075	AtrialFibrillation	aCM1	0.09104907668813145
AVN	AVN__HCAHeartST12992075	AtrialFibrillation	aCM2	-0.06767830995381248
AVN	AVN__HCAHeartST12992075	AtrialFibrillation	aCM3	0.5421736128179133
AVN	AVN__HCAHeartST12992075	AtrialFibrillation	aCM4	0.29740828091727295
AVN	AVN__HCAHeartST12992075	AtrialFibrillation	vCM1	0.43963701746272565
AVN	AVN__HCAHeartST12992075	AtrialFibrillation	vCM2	0.3678607434911306
AVN	AVN__HCAHeartST12992075	AtrialFibrillation	vCM3_stressed	0.5492470749389532
AVN	AVN__HCAHeartST13228103	AtrialFibrillation	AVN_bundle_cell	0.08138175453740532
AVN	AVN__HCAHeartST13228103	AtrialFibrillation	Adip1	0.07386401536947829
AVN	AVN__HCAHeartST13228103	AtrialFibrillation	EC2_cap	0.20898969751222718
AVN	AVN__HCAHeartST13228103	AtrialFibrillation	FB1	0.19900049271739978
AVN	AVN__HCAHeartST13228103	AtrialFibrillation	FB2	-0.0062453240908493315
AVN	AVN__HCAHeartST13228103	AtrialFibrillation	FB4_activated	0.04161699509481157
AVN	AVN__HCAHeartST13228103	AtrialFibrillation	NC1_glial	0.19168760212573527
AVN	AVN__HCAHeartST13228103	AtrialFibrillation	NC2_glial_NGF+	0.09073776003148765
AVN	AVN__HCAHeartST13228103	AtrialFibrillation	PC1_vent	0.21128203340685486
AVN	AVN__HCAHeartST13228103	AtrialFibrillation	aCM1	0.21262762424982917
AVN	AVN__HCAHeartST13228103	AtrialFibrillation	aCM2	0.1573379011541972
AVN	AVN__HCAHeartST13228103	AtrialFibrillation	aCM3	0.22958268770332504
AVN	AVN__HCAHeartST13228103	AtrialFibrillation	aCM4	0.21939181507414557
AVN	AVN__HCAHeartST13228103	AtrialFibrillation	vCM1	0.12503501912659948
AVN	AVN__HCAHeartST13228103	AtrialFibrillation	vCM2	0.1392921454454798
AVN	AVN__HCAHeartST13228103	AtrialFibrillation	vCM3_stressed	0.06814480560795297
SAN	SAN__HCAHeartST10659160	AtrialFibrillation	Adip1	-0.14598656132044124
SAN	SAN__HCAHeartST10659160	AtrialFibrillation	EC2_cap	0.017131104295513344
SAN	SAN__HCAHeartST10659160	AtrialFibrillation	FB1	-0.13787677519028918
SAN	SAN__HCAHeartST10659160	AtrialFibrillation	FB2	-0.21848706111377653
SAN	SAN__HCAHeartST10659160	AtrialFibrillation	FB4_activated	-0.22297930002252708
SAN	SAN__HCAHeartST10659160	AtrialFibrillation	NC1_glial	-0.13067912371850376
SAN	SAN__HCAHeartST10659160	AtrialFibrillation	NC2_glial_NGF+	-0.20304423280984302
SAN	SAN__HCAHeartST10659160	AtrialFibrillation	PC1_vent	-0.11920793611515007
SAN	SAN__HCAHeartST10659160	AtrialFibrillation	SAN_P_cell	-0.2636064559175009
SAN	SAN__HCAHeartST10659160	AtrialFibrillation	aCM1	-0.10126350883647489
SAN	SAN__HCAHeartST10659160	AtrialFibrillation	aCM2	-0.04642417726132039
SAN	SAN__HCAHeartST10659160	AtrialFibrillation	aCM3	-0.19281561040526055
SAN	SAN__HCAHeartST10659160	AtrialFibrillation	aCM4	0.35571200825463045
SAN	SAN__HCAHeartST12992072	AtrialFibrillation	Adip1	0.23527808202069556
SAN	SAN__HCAHeartST12992072	AtrialFibrillation	EC2_cap	0.35112525999032346
SAN	SAN__HCAHeartST12992072	AtrialFibrillation	FB1	0.2717803372456996
SAN	SAN__HCAHeartST12992072	AtrialFibrillation	FB2	0.2974335011593692
SAN	SAN__HCAHeartST12992072	AtrialFibrillation	FB4_activated	0.31331283588393405
SAN	SAN__HCAHeartST12992072	AtrialFibrillation	NC1_glial	0.04333344054284344
SAN	SAN__HCAHeartST12992072	AtrialFibrillation	NC2_glial_NGF+	0.2561932803871693
SAN	SAN__HCAHeartST12992072	AtrialFibrillation	PC1_vent	0.3208499663924802
SAN	SAN__HCAHeartST12992072	AtrialFibrillation	SAN_P_cell	0.17677200039803007
SAN	SAN__HCAHeartST12992072	AtrialFibrillation	aCM1	0.3872485821290219
SAN	SAN__HCAHeartST12992072	AtrialFibrillation	aCM2	0.312225025812204
SAN	SAN__HCAHeartST12992072	AtrialFibrillation	aCM3	0.1328710126534937
SAN	SAN__HCAHeartST12992072	AtrialFibrillation	aCM4	0.4160419028796071
SAN	SAN__HCAHeartST13228105	AtrialFibrillation	Adip1	-0.08353071159881809
SAN	SAN__HCAHeartST13228105	AtrialFibrillation	EC2_cap	0.17328438594634676
SAN	SAN__HCAHeartST13228105	AtrialFibrillation	FB1	0.14778408246300834
SAN	SAN__HCAHeartST13228105	AtrialFibrillation	FB2	0.08648143278398057
SAN	SAN__HCAHeartST13228105	AtrialFibrillation	FB4_activated	0.13761197537611225
SAN	SAN__HCAHeartST13228105	AtrialFibrillation	NC1_glial	-0.015860737020975207
SAN	SAN__HCAHeartST13228105	AtrialFibrillation	NC2_glial_NGF+	0.10745980734150506
SAN	SAN__HCAHeartST13228105	AtrialFibrillation	PC1_vent	0.1567111461877243
SAN	SAN__HCAHeartST13228105	AtrialFibrillation	SAN_P_cell	0.15559164144978377
SAN	SAN__HCAHeartST13228105	AtrialFibrillation	aCM1	0.16981199050700502
SAN	SAN__HCAHeartST13228105	AtrialFibrillation	aCM2	0.11011945905381432
SAN	SAN__HCAHeartST13228105	AtrialFibrillation	aCM3	0.053815996996686516
SAN	SAN__HCAHeartST13228105	AtrialFibrillation	aCM4	0.18103345991910913
SAN	SAN__HCAHeartST13228106	AtrialFibrillation	Adip1	0.024637736335023683
SAN	SAN__HCAHeartST13228106	AtrialFibrillation	EC2_cap	0.3351114092373796
SAN	SAN__HCAHeartST13228106	AtrialFibrillation	FB1	0.3315935311907915
SAN	SAN__HCAHeartST13228106	AtrialFibrillation	FB2	-0.04219328663420356
SAN	SAN__HCAHeartST13228106	AtrialFibrillation	FB4_activated	-0.09447912179182519
SAN	SAN__HCAHeartST13228106	AtrialFibrillation	NC1_glial	-0.09117850321766023
SAN	SAN__HCAHeartST13228106	AtrialFibrillation	NC2_glial_NGF+	-0.06005325922292504
SAN	SAN__HCAHeartST13228106	AtrialFibrillation	PC1_vent	0.1622202201547076
SAN	SAN__HCAHeartST13228106	AtrialFibrillation	SAN_P_cell	0.05236998549287497
SAN	SAN__HCAHeartST13228106	AtrialFibrillation	aCM1	0.30298514429025136
SAN	SAN__HCAHeartST13228106	AtrialFibrillation	aCM2	0.24255647541550066
SAN	SAN__HCAHeartST13228106	AtrialFibrillation	aCM3	-0.20402074535321885
SAN	SAN__HCAHeartST13228106	AtrialFibrillation	aCM4	0.43656597482197956
SAN	SAN__HCAHeartST13233996	AtrialFibrillation	Adip1	0.023670216149350803
SAN	SAN__HCAHeartST13233996	AtrialFibrillation	EC2_cap	0.28189126700187517
SAN	SAN__HCAHeartST13233996	AtrialFibrillation	FB1	0.1850848433492851
SAN	SAN__HCAHeartST13233996	AtrialFibrillation	FB2	0.08224960780651741
SAN	SAN__HCAHeartST13233996	AtrialFibrillation	FB4_activated	0.19282224166050288
SAN	SAN__HCAHeartST13233996	AtrialFibrillation	NC1_glial	0.08106114451914781
SAN	SAN__HCAHeartST13233996	AtrialFibrillation	NC2_glial_NGF+	0.15143460502931383
SAN	SAN__HCAHeartST13233996	AtrialFibrillation	PC1_vent	0.27015359564864594
SAN	SAN__HCAHeartST13233996	AtrialFibrillation	SAN_P_cell	0.2016114848256541
SAN	SAN__HCAHeartST13233996	AtrialFibrillation	aCM1	0.31327281974214
SAN	SAN__HCAHeartST13233996	AtrialFibrillation	aCM2	0.3082604647213163
SAN	SAN__HCAHeartST13233996	AtrialFibrillation	aCM3	0.09767926389073683
SAN	SAN__HCAHeartST13233996	AtrialFibrillation	aCM4	0.3628286599372062
SAN	SAN__HCAHeartST13233997	AtrialFibrillation	Adip1	0.1940816030252741
SAN	SAN__HCAHeartST13233997	AtrialFibrillation	EC2_cap	0.3050059480934064
SAN	SAN__HCAHeartST13233997	AtrialFibrillation	FB1	0.06643364175047067
SAN	SAN__HCAHeartST13233997	AtrialFibrillation	FB2	-0.20469649856743038
SAN	SAN__HCAHeartST13233997	AtrialFibrillation	FB4_activated	0.19216211541302575
SAN	SAN__HCAHeartST13233997	AtrialFibrillation	NC1_glial	-0.026333509795572196
SAN	SAN__HCAHeartST13233997	AtrialFibrillation	NC2_glial_NGF+	0.0976861056892176
SAN	SAN__HCAHeartST13233997	AtrialFibrillation	PC1_vent	0.3002376062799696
SAN	SAN__HCAHeartST13233997	AtrialFibrillation	SAN_P_cell	0.10336696801045692
SAN	SAN__HCAHeartST13233997	AtrialFibrillation	aCM1	0.21953271948861253
SAN	SAN__HCAHeartST13233997	AtrialFibrillation	aCM2	0.22779404542383314
SAN	SAN__HCAHeartST13233997	AtrialFibrillation	aCM3	0.04847525366659963
SAN	SAN__HCAHeartST13233997	AtrialFibrillation	aCM4	0.3499139402870316
SAN	SAN__HCAHeartST13233998	AtrialFibrillation	Adip1	-0.055045430549402946
SAN	SAN__HCAHeartST13233998	AtrialFibrillation	EC2_cap	0.09295389119280906
SAN	SAN__HCAHeartST13233998	AtrialFibrillation	FB1	-0.12620544679211923
SAN	SAN__HCAHeartST13233998	AtrialFibrillation	FB2	-0.17875174355163934
SAN	SAN__HCAHeartST13233998	AtrialFibrillation	FB4_activated	0.1793932547359002
SAN	SAN__HCAHeartST13233998	AtrialFibrillation	NC1_glial	-0.13478894109325687
SAN	SAN__HCAHeartST13233998	AtrialFibrillation	NC2_glial_NGF+	-0.01718351952574887
SAN	SAN__HCAHeartST13233998	AtrialFibrillation	PC1_vent	0.16447836901285445
SAN	SAN__HCAHeartST13233998	AtrialFibrillation	SAN_P_cell	0.03126316612510627
SAN	SAN__HCAHeartST13233998	AtrialFibrillation	aCM1	0.1684657984237305
SAN	SAN__HCAHeartST13233998	AtrialFibrillation	aCM2	0.1839684851811017
SAN	SAN__HCAHeartST13233998	AtrialFibrillation	aCM3	0.0801950287233624
SAN	SAN__HCAHeartST13233998	AtrialFibrillation	aCM4	0.25692472624881063
SAN	SAN__HCAHeartST13233999	AtrialFibrillation	Adip1	-0.06674068755529039
SAN	SAN__HCAHeartST13233999	AtrialFibrillation	EC2_cap	0.11792281594845266
SAN	SAN__HCAHeartST13233999	AtrialFibrillation	FB1	0.02697708078040817
SAN	SAN__HCAHeartST13233999	AtrialFibrillation	FB2	-0.07416983757786795
SAN	SAN__HCAHeartST13233999	AtrialFibrillation	FB4_activated	0.13295963212805506
SAN	SAN__HCAHeartST13233999	AtrialFibrillation	NC1_glial	-0.10338714998225446
SAN	SAN__HCAHeartST13233999	AtrialFibrillation	NC2_glial_NGF+	0.05972965593635865
SAN	SAN__HCAHeartST13233999	AtrialFibrillation	PC1_vent	0.1764865532838853
SAN	SAN__HCAHeartST13233999	AtrialFibrillation	SAN_P_cell	0.05167342237279582
SAN	SAN__HCAHeartST13233999	AtrialFibrillation	aCM1	0.21071104767936566
SAN	SAN__HCAHeartST13233999	AtrialFibrillation	aCM2	0.2026625162475486
SAN	SAN__HCAHeartST13233999	AtrialFibrillation	aCM3	0.020848980998183386
SAN	SAN__HCAHeartST13233999	AtrialFibrillation	aCM4	0.20794078982037179
SAN	SAN__HCAHeartST10659160	HRV_RMSSD	Adip1	-0.08910990160426173
SAN	SAN__HCAHeartST10659160	HRV_RMSSD	EC2_cap	0.006537867575877987
SAN	SAN__HCAHeartST10659160	HRV_RMSSD	FB1	-0.10674159269333611
SAN	SAN__HCAHeartST10659160	HRV_RMSSD	FB2	-0.15365774358457845
SAN	SAN__HCAHeartST10659160	HRV_RMSSD	FB4_activated	-0.17610114066329147
SAN	SAN__HCAHeartST10659160	HRV_RMSSD	NC1_glial	-0.1388365181958283
SAN	SAN__HCAHeartST10659160	HRV_RMSSD	NC2_glial_NGF+	-0.1476343222505197
SAN	SAN__HCAHeartST10659160	HRV_RMSSD	PC1_vent	-0.11423886635507591
SAN	SAN__HCAHeartST10659160	HRV_RMSSD	SAN_P_cell	-0.23507373505779183
SAN	SAN__HCAHeartST10659160	HRV_RMSSD	aCM1	-0.20320245172738235
SAN	SAN__HCAHeartST10659160	HRV_RMSSD	aCM2	-0.15859608459366914
SAN	SAN__HCAHeartST10659160	HRV_RMSSD	aCM3	-0.21778831963396272
SAN	SAN__HCAHeartST10659160	HRV_RMSSD	aCM4	0.1596804992105709
SAN	SAN__HCAHeartST12992072	HRV_RMSSD	Adip1	0.01798333338657232
SAN	SAN__HCAHeartST12992072	HRV_RMSSD	EC2_cap	0.2137147016026376
SAN	SAN__HCAHeartST12992072	HRV_RMSSD	FB1	0.17618236784907737
SAN	SAN__HCAHeartST12992072	HRV_RMSSD	FB2	0.1874530593985695
SAN	SAN__HCAHeartST12992072	HRV_RMSSD	FB4_activated	0.12408638548513523
SAN	SAN__HCAHeartST12992072	HRV_RMSSD	NC1_glial	-0.0732462243192359
SAN	SAN__HCAHeartST12992072	HRV_RMSSD	NC2_glial_NGF+	0.16990077660549235
SAN	SAN__HCAHeartST12992072	HRV_RMSSD	PC1_vent	0.17358568352061976
SAN	SAN__HCAHeartST12992072	HRV_RMSSD	SAN_P_cell	-0.10495992216045033
SAN	SAN__HCAHeartST12992072	HRV_RMSSD	aCM1	0.13164060277346093
SAN	SAN__HCAHeartST12992072	HRV_RMSSD	aCM2	0.09297073797229549
SAN	SAN__HCAHeartST12992072	HRV_RMSSD	aCM3	-0.11314536839574876
SAN	SAN__HCAHeartST12992072	HRV_RMSSD	aCM4	0.20614943412835854
SAN	SAN__HCAHeartST13228105	HRV_RMSSD	Adip1	0.08239147539033648
SAN	SAN__HCAHeartST13228105	HRV_RMSSD	EC2_cap	-0.0066670440719878155
SAN	SAN__HCAHeartST13228105	HRV_RMSSD	FB1	-0.03978004023274806
SAN	SAN__HCAHeartST13228105	HRV_RMSSD	FB2	-0.08787473339998841
SAN	SAN__HCAHeartST13228105	HRV_RMSSD	FB4_activated	-0.06157917465762164
SAN	SAN__HCAHeartST13228105	HRV_RMSSD	NC1_glial	-0.06414807192778432
SAN	SAN__HCAHeartST13228105	HRV_RMSSD	NC2_glial_NGF+	-0.07084856617730373
SAN	SAN__HCAHeartST13228105	HRV_RMSSD	PC1_vent	-0.03610967967519496
SAN	SAN__HCAHeartST13228105	HRV_RMSSD	SAN_P_cell	-0.01790249446280434
SAN	SAN__HCAHeartST13228105	HRV_RMSSD	aCM1	-0.00933800770058757
SAN	SAN__HCAHeartST13228105	HRV_RMSSD	aCM2	0.0022898259386069375
SAN	SAN__HCAHeartST13228105	HRV_RMSSD	aCM3	-0.04415494637243669
SAN	SAN__HCAHeartST13228105	HRV_RMSSD	aCM4	0.018143068729459033
SAN	SAN__HCAHeartST13228106	HRV_RMSSD	Adip1	-0.07799589498408838
SAN	SAN__HCAHeartST13228106	HRV_RMSSD	EC2_cap	0.14163330158100887
SAN	SAN__HCAHeartST13228106	HRV_RMSSD	FB1	0.12637671575814866
SAN	SAN__HCAHeartST13228106	HRV_RMSSD	FB2	-0.04517019447300112
SAN	SAN__HCAHeartST13228106	HRV_RMSSD	FB4_activated	-0.07909853407539513
SAN	SAN__HCAHeartST13228106	HRV_RMSSD	NC1_glial	-0.09870135011251446
SAN	SAN__HCAHeartST13228106	HRV_RMSSD	NC2_glial_NGF+	-0.08709276535968195
SAN	SAN__HCAHeartST13228106	HRV_RMSSD	PC1_vent	0.052048248024642196
SAN	SAN__HCAHeartST13228106	HRV_RMSSD	SAN_P_cell	0.023402606051545122
SAN	SAN__HCAHeartST13228106	HRV_RMSSD	aCM1	0.13045863364890545
SAN	SAN__HCAHeartST13228106	HRV_RMSSD	aCM2	0.12106518007518555
SAN	SAN__HCAHeartST13228106	HRV_RMSSD	aCM3	-0.16846442872298195
SAN	SAN__HCAHeartST13228106	HRV_RMSSD	aCM4	0.2031374900753724
SAN	SAN__HCAHeartST13233996	HRV_RMSSD	Adip1	-0.06206957875481492
SAN	SAN__HCAHeartST13233996	HRV_RMSSD	EC2_cap	0.14360237161637757
SAN	SAN__HCAHeartST13233996	HRV_RMSSD	FB1	0.01606749537390806
SAN	SAN__HCAHeartST13233996	HRV_RMSSD	FB2	-0.020330082734423827
SAN	SAN__HCAHeartST13233996	HRV_RMSSD	FB4_activated	0.0762156590469053
SAN	SAN__HCAHeartST13233996	HRV_RMSSD	NC1_glial	-0.07267152035493463
SAN	SAN__HCAHeartST13233996	HRV_RMSSD	NC2_glial_NGF+	0.0068586575333372535
SAN	SAN__HCAHeartST13233996	HRV_RMSSD	PC1_vent	0.08130829286243868
SAN	SAN__HCAHeartST13233996	HRV_RMSSD	SAN_P_cell	0.07813917499515216
SAN	SAN__HCAHeartST13233996	HRV_RMSSD	aCM1	0.0852531524678733
SAN	SAN__HCAHeartST13233996	HRV_RMSSD	aCM2	0.08062530620657365
SAN	SAN__HCAHeartST13233996	HRV_RMSSD	aCM3	-0.05921825820979543
SAN	SAN__HCAHeartST13233996	HRV_RMSSD	aCM4	0.19846673369044643
SAN	SAN__HCAHeartST13233997	HRV_RMSSD	Adip1	0.06776799983957604
SAN	SAN__HCAHeartST13233997	HRV_RMSSD	EC2_cap	0.15830247759672972
SAN	SAN__HCAHeartST13233997	HRV_RMSSD	FB1	-0.06993375005026242
SAN	SAN__HCAHeartST13233997	HRV_RMSSD	FB2	-0.2431811440662756
SAN	SAN__HCAHeartST13233997	HRV_RMSSD	FB4_activated	0.03424466859758396
SAN	SAN__HCAHeartST13233997	HRV_RMSSD	NC1_glial	-0.1539603419206632
SAN	SAN__HCAHeartST13233997	HRV_RMSSD	NC2_glial_NGF+	-0.0442580394928172
SAN	SAN__HCAHeartST13233997	HRV_RMSSD	PC1_vent	0.10624205557528604
SAN	SAN__HCAHeartST13233997	HRV_RMSSD	SAN_P_cell	-0.03619513687711984
SAN	SAN__HCAHeartST13233997	HRV_RMSSD	aCM1	0.029342399790769413
SAN	SAN__HCAHeartST13233997	HRV_RMSSD	aCM2	0.042046498361355766
SAN	SAN__HCAHeartST13233997	HRV_RMSSD	aCM3	-0.07930445787854323
SAN	SAN__HCAHeartST13233997	HRV_RMSSD	aCM4	0.18298319175201555
SAN	SAN__HCAHeartST13233998	HRV_RMSSD	Adip1	0.04530984997207063
SAN	SAN__HCAHeartST13233998	HRV_RMSSD	EC2_cap	0.036517248499678356
SAN	SAN__HCAHeartST13233998	HRV_RMSSD	FB1	-0.06316580793538848
SAN	SAN__HCAHeartST13233998	HRV_RMSSD	FB2	-0.07570586368772023
SAN	SAN__HCAHeartST13233998	HRV_RMSSD	FB4_activated	0.0732578885191332
SAN	SAN__HCAHeartST13233998	HRV_RMSSD	NC1_glial	-0.08376606079265606
SAN	SAN__HCAHeartST13233998	HRV_RMSSD	NC2_glial_NGF+	-0.0270557166411671
SAN	SAN__HCAHeartST13233998	HRV_RMSSD	PC1_vent	0.05022632642481717
SAN	SAN__HCAHeartST13233998	HRV_RMSSD	SAN_P_cell	-0.03771450330147946
SAN	SAN__HCAHeartST13233998	HRV_RMSSD	aCM1	0.0565105753556126
SAN	SAN__HCAHeartST13233998	HRV_RMSSD	aCM2	0.0639268299713397
SAN	SAN__HCAHeartST13233998	HRV_RMSSD	aCM3	-0.02118890080527537
SAN	SAN__HCAHeartST13233998	HRV_RMSSD	aCM4	0.10361528853095164
SAN	SAN__HCAHeartST13233999	HRV_RMSSD	Adip1	0.024423096184549936
SAN	SAN__HCAHeartST13233999	HRV_RMSSD	EC2_cap	0.06640464408981167
SAN	SAN__HCAHeartST13233999	HRV_RMSSD	FB1	-0.03767263089242756
SAN	SAN__HCAHeartST13233999	HRV_RMSSD	FB2	-0.10617735407551077
SAN	SAN__HCAHeartST13233999	HRV_RMSSD	FB4_activated	0.01653349265574955
SAN	SAN__HCAHeartST13233999	HRV_RMSSD	NC1_glial	-0.12482965200948361
SAN	SAN__HCAHeartST13233999	HRV_RMSSD	NC2_glial_NGF+	-0.05949061095485436
SAN	SAN__HCAHeartST13233999	HRV_RMSSD	PC1_vent	0.01665614539150362
SAN	SAN__HCAHeartST13233999	HRV_RMSSD	SAN_P_cell	-0.07208320640966681
SAN	SAN__HCAHeartST13233999	HRV_RMSSD	aCM1	0.06626579933432186
SAN	SAN__HCAHeartST13233999	HRV_RMSSD	aCM2	0.071834288967635
SAN	SAN__HCAHeartST13233999	HRV_RMSSD	aCM3	-0.04870660878906918
SAN	SAN__HCAHeartST13233999	HRV_RMSSD	aCM4	0.0569431383595147
SAN	SAN__HCAHeartST10659160	HRV_RMSSDc	Adip1	-0.052984350754271776
SAN	SAN__HCAHeartST10659160	HRV_RMSSDc	EC2_cap	0.0075305910258814945
SAN	SAN__HCAHeartST10659160	HRV_RMSSDc	FB1	-0.08468099871594809
SAN	SAN__HCAHeartST10659160	HRV_RMSSDc	FB2	-0.10086048344675463
SAN	SAN__HCAHeartST10659160	HRV_RMSSDc	FB4_activated	-0.11391542426329443
SAN	SAN__HCAHeartST10659160	HRV_RMSSDc	NC1_glial	-0.10776500186141452
SAN	SAN__HCAHeartST10659160	HRV_RMSSDc	NC2_glial_NGF+	-0.09261431781593665
SAN	SAN__HCAHeartST10659160	HRV_RMSSDc	PC1_vent	-0.07780597162709701
SAN	SAN__HCAHeartST10659160	HRV_RMSSDc	SAN_P_cell	-0.18349982396294157
SAN	SAN__HCAHeartST10659160	HRV_RMSSDc	aCM1	-0.20010501356807517
SAN	SAN__HCAHeartST10659160	HRV_RMSSDc	aCM2	-0.1668353309125553
SAN	SAN__HCAHeartST10659160	HRV_RMSSDc	aCM3	-0.18113674343703554
SAN	SAN__HCAHeartST10659160	HRV_RMSSDc	aCM4	0.06737201600021109
SAN	SAN__HCAHeartST12992072	HRV_RMSSDc	Adip1	-0.00318903191950011
SAN	SAN__HCAHeartST12992072	HRV_RMSSDc	EC2_cap	0.13788719542760702
SAN	SAN__HCAHeartST12992072	HRV_RMSSDc	FB1	0.11781551079196034
SAN	SAN__HCAHeartST12992072	HRV_RMSSDc	FB2	0.1087643057372335
SAN	SAN__HCAHeartST12992072	HRV_RMSSDc	FB4_activated	0.06977729803016947
SAN	SAN__HCAHeartST12992072	HRV_RMSSDc	NC1_glial	-0.08871741308880225
SAN	SAN__HCAHeartST12992072	HRV_RMSSDc	NC2_glial_NGF+	0.08546976493956204
SAN	SAN__HCAHeartST12992072	HRV_RMSSDc	PC1_vent	0.11073805493879485
SAN	SAN__HCAHeartST12992072	HRV_RMSSDc	SAN_P_cell	-0.14561991701150712
SAN	SAN__HCAHeartST12992072	HRV_RMSSDc	aCM1	0.09300902762227539
SAN	SAN__HCAHeartST12992072	HRV_RMSSDc	aCM2	0.06288175618364031
SAN	SAN__HCAHeartST12992072	HRV_RMSSDc	aCM3	-0.11429945373196834
SAN	SAN__HCAHeartST12992072	HRV_RMSSDc	aCM4	0.12161424730497752
SAN	SAN__HCAHeartST13228105	HRV_RMSSDc	Adip1	0.16520639900853418
SAN	SAN__HCAHeartST13228105	HRV_RMSSDc	EC2_cap	-0.11383292117760158
SAN	SAN__HCAHeartST13228105	HRV_RMSSDc	FB1	-0.14415335653445077
SAN	SAN__HCAHeartST13228105	HRV_RMSSDc	FB2	-0.18807840752317095
SAN	SAN__HCAHeartST13228105	HRV_RMSSDc	FB4_activated	-0.18127571788595376
SAN	SAN__HCAHeartST13228105	HRV_RMSSDc	NC1_glial	-0.058106341572093524
SAN	SAN__HCAHeartST13228105	HRV_RMSSDc	NC2_glial_NGF+	-0.18640247805456162
SAN	SAN__HCAHeartST13228105	HRV_RMSSDc	PC1_vent	-0.14876573128548576
SAN	SAN__HCAHeartST13228105	HRV_RMSSDc	SAN_P_cell	-0.13613433754874155
SAN	SAN__HCAHeartST13228105	HRV_RMSSDc	aCM1	-0.10139463579236502
SAN	SAN__HCAHeartST13228105	HRV_RMSSDc	aCM2	-0.04155526535391424
SAN	SAN__HCAHeartST13228105	HRV_RMSSDc	aCM3	-0.0554581497647372
SAN	SAN__HCAHeartST13228105	HRV_RMSSDc	aCM4	-0.09607252005651279
SAN	SAN__HCAHeartST13228106	HRV_RMSSDc	Adip1	-0.08175775428127563
SAN	SAN__HCAHeartST13228106	HRV_RMSSDc	EC2_cap	0.11867389145199006
SAN	SAN__HCAHeartST13228106	HRV_RMSSDc	FB1	0.0974196065502769
SAN	SAN__HCAHeartST13228106	HRV_RMSSDc	FB2	-0.0945647332319683
SAN	SAN__HCAHeartST13228106	HRV_RMSSDc	FB4_activated	-0.13466120592094635
SAN	SAN__HCAHeartST13228106	HRV_RMSSDc	NC1_glial	-0.1515745962780616
SAN	SAN__HCAHeartST13228106	HRV_RMSSDc	NC2_glial_NGF+	-0.14962787751233014
SAN	SAN__HCAHeartST13228106	HRV_RMSSDc	PC1_vent	0.016194323251362552
SAN	SAN__HCAHeartST13228106	HRV_RMSSDc	SAN_P_cell	-0.04890555038221234
SAN	SAN__HCAHeartST13228106	HRV_RMSSDc	aCM1	0.11234160959040793
SAN	SAN__HCAHeartST13228106	HRV_RMSSDc	aCM2	0.1063913163854294
SAN	SAN__HCAHeartST13228106	HRV_RMSSDc	aCM3	-0.21012005419522511
SAN	SAN__HCAHeartST13228106	HRV_RMSSDc	aCM4	0.2064424026227613
SAN	SAN__HCAHeartST13233996	HRV_RMSSDc	Adip1	-0.08975923611873773
SAN	SAN__HCAHeartST13233996	HRV_RMSSDc	EC2_cap	-0.06405102041510713
SAN	SAN__HCAHeartST13233996	HRV_RMSSDc	FB1	-0.18192999503648183
SAN	SAN__HCAHeartST13233996	HRV_RMSSDc	FB2	-0.19057282763742844
SAN	SAN__HCAHeartST13233996	HRV_RMSSDc	FB4_activated	-0.1189278575004033
SAN	SAN__HCAHeartST13233996	HRV_RMSSDc	NC1_glial	-0.2295103745312118
SAN	SAN__HCAHeartST13233996	HRV_RMSSDc	NC2_glial_NGF+	-0.19661494501499155
SAN	SAN__HCAHeartST13233996	HRV_RMSSDc	PC1_vent	-0.1333532747450003
SAN	SAN__HCAHeartST13233996	HRV_RMSSDc	SAN_P_cell	-0.12834368386536538
SAN	SAN__HCAHeartST13233996	HRV_RMSSDc	aCM1	-0.12703445351787324
SAN	SAN__HCAHeartST13233996	HRV_RMSSDc	aCM2	-0.10863539164943875
SAN	SAN__HCAHeartST13233996	HRV_RMSSDc	aCM3	-0.14685623316696667
SAN	SAN__HCAHeartST13233996	HRV_RMSSDc	aCM4	-0.010752605376494195
SAN	SAN__HCAHeartST13233997	HRV_RMSSDc	Adip1	-0.044186994040190886
SAN	SAN__HCAHeartST13233997	HRV_RMSSDc	EC2_cap	-0.03187973436121255
SAN	SAN__HCAHeartST13233997	HRV_RMSSDc	FB1	-0.1924840048270297
SAN	SAN__HCAHeartST13233997	HRV_RMSSDc	FB2	-0.2669394964166954
SAN	SAN__HCAHeartST13233997	HRV_RMSSDc	FB4_activated	-0.12027059309292976
SAN	SAN__HCAHeartST13233997	HRV_RMSSDc	NC1_glial	-0.23670530805109158
SAN	SAN__HCAHeartST13233997	HRV_RMSSDc	NC2_glial_NGF+	-0.21563074853058367
SAN	SAN__HCAHeartST13233997	HRV_RMSSDc	PC1_vent	-0.09571906244602052
SAN	SAN__HCAHeartST13233997	HRV_RMSSDc	SAN_P_cell	-0.20512792432684365
SAN	SAN__HCAHeartST13233997	HRV_RMSSDc	aCM1	-0.15249733844805513
SAN	SAN__HCAHeartST13233997	HRV_RMSSDc	aCM2	-0.13747442246567998
SAN	SAN__HCAHeartST13233997	HRV_RMSSDc	aCM3	-0.11285812252537934
SAN	SAN__HCAHeartST13233997	HRV_RMSSDc	aCM4	-0.03494727564356592
SAN	SAN__HCAHeartST13233998	HRV_RMSSDc	Adip1	0.14186630737713057
SAN	SAN__HCAHeartST13233998	HRV_RMSSDc	EC2_cap	-0.0441850837513412
SAN	SAN__HCAHeartST13233998	HRV_RMSSDc	FB1	-0.021379464117484016
SAN	SAN__HCAHeartST13233998	HRV_RMSSDc	FB2	-0.0019546376371609997
SAN	SAN__HCAHeartST13233998	HRV_RMSSDc	FB4_activated	0.012369670700438068
SAN	SAN__HCAHeartST13233998	HRV_RMSSDc	NC1_glial	-0.014171185935823907
SAN	SAN__HCAHeartST13233998	HRV_RMSSDc	NC2_glial_NGF+	-0.06665115622658244
SAN	SAN__HCAHeartST13233998	HRV_RMSSDc	PC1_vent	-0.07821543933122133
SAN	SAN__HCAHeartST13233998	HRV_RMSSDc	SAN_P_cell	-0.12477853596987959
SAN	SAN__HCAHeartST13233998	HRV_RMSSDc	aCM1	-0.04099762672062582
SAN	SAN__HCAHeartST13233998	HRV_RMSSDc	aCM2	-0.03642829358745628
SAN	SAN__HCAHeartST13233998	HRV_RMSSDc	aCM3	-0.07531266598429748
SAN	SAN__HCAHeartST13233998	HRV_RMSSDc	aCM4	-0.05319712863541598
SAN	SAN__HCAHeartST13233999	HRV_RMSSDc	Adip1	0.12578218243637754
SAN	SAN__HCAHeartST13233999	HRV_RMSSDc	EC2_cap	-0.02386772933265885
SAN	SAN__HCAHeartST13233999	HRV_RMSSDc	FB1	-0.08657312711883453
SAN	SAN__HCAHeartST13233999	HRV_RMSSDc	FB2	-0.1293975303200007
SAN	SAN__HCAHeartST13233999	HRV_RMSSDc	FB4_activated	-0.15355546861394304
SAN	SAN__HCAHeartST13233999	HRV_RMSSDc	NC1_glial	-0.11783868528297668
SAN	SAN__HCAHeartST13233999	HRV_RMSSDc	NC2_glial_NGF+	-0.19534156015727533
SAN	SAN__HCAHeartST13233999	HRV_RMSSDc	PC1_vent	-0.16347148608905926
SAN	SAN__HCAHeartST13233999	HRV_RMSSDc	SAN_P_cell	-0.21417197210636751
SAN	SAN__HCAHeartST13233999	HRV_RMSSDc	aCM1	-0.11236713125495401
SAN	SAN__HCAHeartST13233999	HRV_RMSSDc	aCM2	-0.09840918348458544
SAN	SAN__HCAHeartST13233999	HRV_RMSSDc	aCM3	-0.14128289574434288
SAN	SAN__HCAHeartST13233999	HRV_RMSSDc	aCM4	-0.14944089845851155
SAN	SAN__HCAHeartST10659160	HRV_SDNN	Adip1	-0.024843995532946805
SAN	SAN__HCAHeartST10659160	HRV_SDNN	EC2_cap	-0.030898567160842577
SAN	SAN__HCAHeartST10659160	HRV_SDNN	FB1	-0.08972535996420272
SAN	SAN__HCAHeartST10659160	HRV_SDNN	FB2	-0.12657241967744742
SAN	SAN__HCAHeartST10659160	HRV_SDNN	FB4_activated	-0.1422207486118442
SAN	SAN__HCAHeartST10659160	HRV_SDNN	NC1_glial	-0.13300324722809698
SAN	SAN__HCAHeartST10659160	HRV_SDNN	NC2_glial_NGF+	-0.12711470993650992
SAN	SAN__HCAHeartST10659160	HRV_SDNN	PC1_vent	-0.11543285108961526
SAN	SAN__HCAHeartST10659160	HRV_SDNN	SAN_P_cell	-0.20805574502827517
SAN	SAN__HCAHeartST10659160	HRV_SDNN	aCM1	-0.20402526929866252
SAN	SAN__HCAHeartST10659160	HRV_SDNN	aCM2	-0.1606115933515571
SAN	SAN__HCAHeartST10659160	HRV_SDNN	aCM3	-0.19604892843008417
SAN	SAN__HCAHeartST10659160	HRV_SDNN	aCM4	0.062324435173068904
SAN	SAN__HCAHeartST12992072	HRV_SDNN	Adip1	-0.10883037175541087
SAN	SAN__HCAHeartST12992072	HRV_SDNN	EC2_cap	-0.07176743073146913
SAN	SAN__HCAHeartST12992072	HRV_SDNN	FB1	-0.026508101110212734
SAN	SAN__HCAHeartST12992072	HRV_SDNN	FB2	-0.04265055829808426
SAN	SAN__HCAHeartST12992072	HRV_SDNN	FB4_activated	0.09523286495120822
SAN	SAN__HCAHeartST12992072	HRV_SDNN	NC1_glial	0.08944391464798784
SAN	SAN__HCAHeartST12992072	HRV_SDNN	NC2_glial_NGF+	-0.05499586495228603
SAN	SAN__HCAHeartST12992072	HRV_SDNN	PC1_vent	-0.06112847776207267
SAN	SAN__HCAHeartST12992072	HRV_SDNN	SAN_P_cell	-0.12621120000577848
SAN	SAN__HCAHeartST12992072	HRV_SDNN	aCM1	-0.0936497273996629
SAN	SAN__HCAHeartST12992072	HRV_SDNN	aCM2	-0.04153137355731628
SAN	SAN__HCAHeartST12992072	HRV_SDNN	aCM3	0.058457988611480965
SAN	SAN__HCAHeartST12992072	HRV_SDNN	aCM4	-0.1265031852390523
SAN	SAN__HCAHeartST13228105	HRV_SDNN	Adip1	0.545359055925794
SAN	SAN__HCAHeartST13228105	HRV_SDNN	EC2_cap	-0.548754379291127
SAN	SAN__HCAHeartST13228105	HRV_SDNN	FB1	-0.5553014819755413
SAN	SAN__HCAHeartST13228105	HRV_SDNN	FB2	-0.4819881651541852
SAN	SAN__HCAHeartST13228105	HRV_SDNN	FB4_activated	-0.6041093720051864
SAN	SAN__HCAHeartST13228105	HRV_SDNN	NC1_glial	0.044390010826333134
SAN	SAN__HCAHeartST13228105	HRV_SDNN	NC2_glial_NGF+	-0.5730989724259643
SAN	SAN__HCAHeartST13228105	HRV_SDNN	PC1_vent	-0.598200233171121
SAN	SAN__HCAHeartST13228105	HRV_SDNN	SAN_P_cell	-0.5959812248106027
SAN	SAN__HCAHeartST13228105	HRV_SDNN	aCM1	-0.5181076141876924
SAN	SAN__HCAHeartST13228105	HRV_SDNN	aCM2	-0.27303672572184934
SAN	SAN__HCAHeartST13228105	HRV_SDNN	aCM3	-0.07750672197650234
SAN	SAN__HCAHeartST13228105	HRV_SDNN	aCM4	-0.59745545363224
SAN	SAN__HCAHeartST13228106	HRV_SDNN	Adip1	-0.07813129287537221
SAN	SAN__HCAHeartST13228106	HRV_SDNN	EC2_cap	-0.13987492792154954
SAN	SAN__HCAHeartST13228106	HRV_SDNN	FB1	-0.17015135404311546
SAN	SAN__HCAHeartST13228106	HRV_SDNN	FB2	0.042530160962966856
SAN	SAN__HCAHeartST13228106	HRV_SDNN	FB4_activated	0.08359792065450994
SAN	SAN__HCAHeartST13228106	HRV_SDNN	NC1_glial	0.0433549872456746
SAN	SAN__HCAHeartST13228106	HRV_SDNN	NC2_glial_NGF+	-0.011265506777447837
SAN	SAN__HCAHeartST13228106	HRV_SDNN	PC1_vent	-0.11176652739174708
SAN	SAN__HCAHeartST13228106	HRV_SDNN	SAN_P_cell	-0.058603863336087386
SAN	SAN__HCAHeartST13228106	HRV_SDNN	aCM1	-0.24961093830446682
SAN	SAN__HCAHeartST13228106	HRV_SDNN	aCM2	-0.2171953479108052
SAN	SAN__HCAHeartST13228106	HRV_SDNN	aCM3	0.019605340553381173
SAN	SAN__HCAHeartST13228106	HRV_SDNN	aCM4	-0.26334510432754676
SAN	SAN__HCAHeartST13233996	HRV_SDNN	Adip1	-0.09435245552345313
SAN	SAN__HCAHeartST13233996	HRV_SDNN	EC2_cap	-0.2871252613037445
SAN	SAN__HCAHeartST13233996	HRV_SDNN	FB1	-0.3520357449838167
SAN	SAN__HCAHeartST13233996	HRV_SDNN	FB2	-0.2608201438394364
SAN	SAN__HCAHeartST13233996	HRV_SDNN	FB4_activated	-0.2501947289498265
SAN	SAN__HCAHeartST13233996	HRV_SDNN	NC1_glial	-0.30608530173362136
SAN	SAN__HCAHeartST13233996	HRV_SDNN	NC2_glial_NGF+	-0.35874829317073603
SAN	SAN__HCAHeartST13233996	HRV_SDNN	PC1_vent	-0.35609532772298774
SAN	SAN__HCAHeartST13233996	HRV_SDNN	SAN_P_cell	-0.31991507016440884
SAN	SAN__HCAHeartST13233996	HRV_SDNN	aCM1	-0.34636043428995955
SAN	SAN__HCAHeartST13233996	HRV_SDNN	aCM2	-0.3191015711170261
SAN	SAN__HCAHeartST13233996	HRV_SDNN	aCM3	-0.19507190778277023
SAN	SAN__HCAHeartST13233996	HRV_SDNN	aCM4	-0.28323359259008574
SAN	SAN__HCAHeartST13233997	HRV_SDNN	Adip1	-0.12945914783590928
SAN	SAN__HCAHeartST13233997	HRV_SDNN	EC2_cap	-0.2688353708569487
SAN	SAN__HCAHeartST13233997	HRV_SDNN	FB1	-0.24355768319174456
SAN	SAN__HCAHeartST13233997	HRV_SDNN	FB2	-0.11609950628751164
SAN	SAN__HCAHeartST13233997	HRV_SDNN	FB4_activated	-0.2553095752074741
SAN	SAN__HCAHeartST13233997	HRV_SDNN	NC1_glial	-0.2130698641217853
SAN	SAN__HCAHeartST13233997	HRV_SDNN	NC2_glial_NGF+	-0.3690597157804208
SAN	SAN__HCAHeartST13233997	HRV_SDNN	PC1_vent	-0.3621550592089883
SAN	SAN__HCAHeartST13233997	HRV_SDNN	SAN_P_cell	-0.4034856282145911
SAN	SAN__HCAHeartST13233997	HRV_SDNN	aCM1	-0.37444023276488686
SAN	SAN__HCAHeartST13233997	HRV_SDNN	aCM2	-0.3853513016808121
SAN	SAN__HCAHeartST13233997	HRV_SDNN	aCM3	-0.11913556557949656
SAN	SAN__HCAHeartST13233997	HRV_SDNN	aCM4	-0.37544841528225203
SAN	SAN__HCAHeartST13233998	HRV_SDNN	Adip1	0.2896699460730897
SAN	SAN__HCAHeartST13233998	HRV_SDNN	EC2_cap	-0.21364632149166352
SAN	SAN__HCAHeartST13233998	HRV_SDNN	FB1	0.1315992842180303
SAN	SAN__HCAHeartST13233998	HRV_SDNN	FB2	0.2071501549326738
SAN	SAN__HCAHeartST13233998	HRV_SDNN	FB4_activated	-0.2037799399457108
SAN	SAN__HCAHeartST13233998	HRV_SDNN	NC1_glial	0.1797552010949477
SAN	SAN__HCAHeartST13233998	HRV_SDNN	NC2_glial_NGF+	-0.1612551970753788
SAN	SAN__HCAHeartST13233998	HRV_SDNN	PC1_vent	-0.38961857848785303
SAN	SAN__HCAHeartST13233998	HRV_SDNN	SAN_P_cell	-0.3287787264169451
SAN	SAN__HCAHeartST13233998	HRV_SDNN	aCM1	-0.3394921425800195
SAN	SAN__HCAHeartST13233998	HRV_SDNN	aCM2	-0.35138846783744865
SAN	SAN__HCAHeartST13233998	HRV_SDNN	aCM3	-0.19226646731206767
SAN	SAN__HCAHeartST13233998	HRV_SDNN	aCM4	-0.4889394711280215
SAN	SAN__HCAHeartST13233999	HRV_SDNN	Adip1	0.30383316471704336
SAN	SAN__HCAHeartST13233999	HRV_SDNN	EC2_cap	-0.1948584180948148
SAN	SAN__HCAHeartST13233999	HRV_SDNN	FB1	-0.1545028394391179
SAN	SAN__HCAHeartST13233999	HRV_SDNN	FB2	-0.07204121713985341
SAN	SAN__HCAHeartST13233999	HRV_SDNN	FB4_activated	-0.4557083024162918
SAN	SAN__HCAHeartST13233999	HRV_SDNN	NC1_glial	0.020313571029364305
SAN	SAN__HCAHeartST13233999	HRV_SDNN	NC2_glial_NGF+	-0.4158264745872975
SAN	SAN__HCAHeartST13233999	HRV_SDNN	PC1_vent	-0.5271631048994316
SAN	SAN__HCAHeartST13233999	HRV_SDNN	SAN_P_cell	-0.4318653422144017
SAN	SAN__HCAHeartST13233999	HRV_SDNN	aCM1	-0.5349481071345707
SAN	SAN__HCAHeartST13233999	HRV_SDNN	aCM2	-0.5135378101496197
SAN	SAN__HCAHeartST13233999	HRV_SDNN	aCM3	-0.19945266235043124
SAN	SAN__HCAHeartST13233999	HRV_SDNN	aCM4	-0.5782300678728771
SAN	SAN__HCAHeartST10659160	HRV_SDNNc	Adip1	-0.006934824742849607
SAN	SAN__HCAHeartST10659160	HRV_SDNNc	EC2_cap	-0.04422361536892469
SAN	SAN__HCAHeartST10659160	HRV_SDNNc	FB1	-0.08129736661179501
SAN	SAN__HCAHeartST10659160	HRV_SDNNc	FB2	-0.09771148779443456
SAN	SAN__HCAHeartST10659160	HRV_SDNNc	FB4_activated	-0.10923114360478625
SAN	SAN__HCAHeartST10659160	HRV_SDNNc	NC1_glial	-0.11451058041832307
SAN	SAN__HCAHeartST10659160	HRV_SDNNc	NC2_glial_NGF+	-0.09721353040755365
SAN	SAN__HCAHeartST10659160	HRV_SDNNc	PC1_vent	-0.09646067923709994
SAN	SAN__HCAHeartST10659160	HRV_SDNNc	SAN_P_cell	-0.17866534962199337
SAN	SAN__HCAHeartST10659160	HRV_SDNNc	aCM1	-0.19043481588820926
SAN	SAN__HCAHeartST10659160	HRV_SDNNc	aCM2	-0.14967580113431608
SAN	SAN__HCAHeartST10659160	HRV_SDNNc	aCM3	-0.16912433317381417
SAN	SAN__HCAHeartST10659160	HRV_SDNNc	aCM4	0.0036991757448275875
SAN	SAN__HCAHeartST12992072	HRV_SDNNc	Adip1	-0.13932508618157258
SAN	SAN__HCAHeartST12992072	HRV_SDNNc	EC2_cap	-0.17924454998837425
SAN	SAN__HCAHeartST12992072	HRV_SDNNc	FB1	-0.12075350008311214
SAN	SAN__HCAHeartST12992072	HRV_SDNNc	FB2	-0.14500941225307296
SAN	SAN__HCAHeartST12992072	HRV_SDNNc	FB4_activated	0.05201830493904852
SAN	SAN__HCAHeartST12992072	HRV_SDNNc	NC1_glial	0.10224792167785468
SAN	SAN__HCAHeartST12992072	HRV_SDNNc	NC2_glial_NGF+	-0.16521871745471756
SAN	SAN__HCAHeartST12992072	HRV_SDNNc	PC1_vent	-0.15722068292114658
SAN	SAN__HCAHeartST12992072	HRV_SDNNc	SAN_P_cell	-0.14920084320579186
SAN	SAN__HCAHeartST12992072	HRV_SDNNc	aCM1	-0.16336305379724614
SAN	SAN__HCAHeartST12992072	HRV_SDNNc	aCM2	-0.09120382888165539
SAN	SAN__HCAHeartST12992072	HRV_SDNNc	aCM3	0.09435594170831121
SAN	SAN__HCAHeartST12992072	HRV_SDNNc	aCM4	-0.2437282477321091
SAN	SAN__HCAHeartST13228105	HRV_SDNNc	Adip1	0.6971541962327856
SAN	SAN__HCAHeartST13228105	HRV_SDNNc	EC2_cap	-0.7369480025710285
SAN	SAN__HCAHeartST13228105	HRV_SDNNc	FB1	-0.7426179833004071
SAN	SAN__HCAHeartST13228105	HRV_SDNNc	FB2	-0.6455769095747558
SAN	SAN__HCAHeartST13228105	HRV_SDNNc	FB4_activated	-0.796554749051886
SAN	SAN__HCAHeartST13228105	HRV_SDNNc	NC1_glial	0.033596697366831726
SAN	SAN__HCAHeartST13228105	HRV_SDNNc	NC2_glial_NGF+	-0.7598089235222933
SAN	SAN__HCAHeartST13228105	HRV_SDNNc	PC1_vent	-0.7952097080126411
SAN	SAN__HCAHeartST13228105	HRV_SDNNc	SAN_P_cell	-0.7854439346071331
SAN	SAN__HCAHeartST13228105	HRV_SDNNc	aCM1	-0.6810813066680692
SAN	SAN__HCAHeartST13228105	HRV_SDNNc	aCM2	-0.35354927912404693
SAN	SAN__HCAHeartST13228105	HRV_SDNNc	aCM3	-0.1069782517077121
SAN	SAN__HCAHeartST13228105	HRV_SDNNc	aCM4	-0.781821220605692
SAN	SAN__HCAHeartST13228106	HRV_SDNNc	Adip1	-0.08912878803509021
SAN	SAN__HCAHeartST13228106	HRV_SDNNc	EC2_cap	-0.19337308802804773
SAN	SAN__HCAHeartST13228106	HRV_SDNNc	FB1	-0.21506340168299323
SAN	SAN__HCAHeartST13228106	HRV_SDNNc	FB2	0.010837109582897991
SAN	SAN__HCAHeartST13228106	HRV_SDNNc	FB4_activated	0.0635719897358055
SAN	SAN__HCAHeartST13228106	HRV_SDNNc	NC1_glial	0.024303081272583488
SAN	SAN__HCAHeartST13228106	HRV_SDNNc	NC2_glial_NGF+	-0.048054034583517174
SAN	SAN__HCAHeartST13228106	HRV_SDNNc	PC1_vent	-0.15842623764445227
SAN	SAN__HCAHeartST13228106	HRV_SDNNc	SAN_P_cell	-0.11413930930676483
SAN	SAN__HCAHeartST13228106	HRV_SDNNc	aCM1	-0.30759367199228915
SAN	SAN__HCAHeartST13228106	HRV_SDNNc	aCM2	-0.2747993923712402
SAN	SAN__HCAHeartST13228106	HRV_SDNNc	aCM3	0.007401025180725024
SAN	SAN__HCAHeartST13228106	HRV_SDNNc	aCM4	-0.3206543040254823
SAN	SAN__HCAHeartST13233996	HRV_SDNNc	Adip1	-0.1486217967462175
SAN	SAN__HCAHeartST13233996	HRV_SDNNc	EC2_cap	-0.6095084534296857
SAN	SAN__HCAHeartST13233996	HRV_SDNNc	FB1	-0.6576692072735546
SAN	SAN__HCAHeartST13233996	HRV_SDNNc	FB2	-0.5390485081024118
SAN	SAN__HCAHeartST13233996	HRV_SDNNc	FB4_activated	-0.5623110732019546
SAN	SAN__HCAHeartST13233996	HRV_SDNNc	NC1_glial	-0.5557900825095784
SAN	SAN__HCAHeartST13233996	HRV_SDNNc	NC2_glial_NGF+	-0.6678164236102303
SAN	SAN__HCAHeartST13233996	HRV_SDNNc	PC1_vent	-0.6790982324752349
SAN	SAN__HCAHeartST13233996	HRV_SDNNc	SAN_P_cell	-0.6419292007277305
SAN	SAN__HCAHeartST13233996	HRV_SDNNc	aCM1	-0.6623072226133057
SAN	SAN__HCAHeartST13233996	HRV_SDNNc	aCM2	-0.5924392557525981
SAN	SAN__HCAHeartST13233996	HRV_SDNNc	aCM3	-0.3242677104033166
SAN	SAN__HCAHeartST13233996	HRV_SDNNc	aCM4	-0.5903153359518365
SAN	SAN__HCAHeartST13233997	HRV_SDNNc	Adip1	-0.2971308952391708
SAN	SAN__HCAHeartST13233997	HRV_SDNNc	EC2_cap	-0.5247318885330319
SAN	SAN__HCAHeartST13233997	HRV_SDNNc	FB1	-0.41738759997300395
SAN	SAN__HCAHeartST13233997	HRV_SDNNc	FB2	-0.13767176759433858
SAN	SAN__HCAHeartST13233997	HRV_SDNNc	FB4_activated	-0.45216568670950863
SAN	SAN__HCAHeartST13233997	HRV_SDNNc	NC1_glial	-0.32469243347534577
SAN	SAN__HCAHeartST13233997	HRV_SDNNc	NC2_glial_NGF+	-0.5951523173970467
SAN	SAN__HCAHeartST13233997	HRV_SDNNc	PC1_vent	-0.6346561331343548
SAN	SAN__HCAHeartST13233997	HRV_SDNNc	SAN_P_cell	-0.6045909401077043
SAN	SAN__HCAHeartST13233997	HRV_SDNNc	aCM1	-0.6191036246372439
SAN	SAN__HCAHeartST13233997	HRV_SDNNc	aCM2	-0.6208066601610327
SAN	SAN__HCAHeartST13233997	HRV_SDNNc	aCM3	-0.16791395972642914
SAN	SAN__HCAHeartST13233997	HRV_SDNNc	aCM4	-0.6434758270552556
SAN	SAN__HCAHeartST13233998	HRV_SDNNc	Adip1	0.3826017558262609
SAN	SAN__HCAHeartST13233998	HRV_SDNNc	EC2_cap	-0.3308317938394446
SAN	SAN__HCAHeartST13233998	HRV_SDNNc	FB1	0.17854154780797604
SAN	SAN__HCAHeartST13233998	HRV_SDNNc	FB2	0.31097952727902956
SAN	SAN__HCAHeartST13233998	HRV_SDNNc	FB4_activated	-0.26502687531120417
SAN	SAN__HCAHeartST13233998	HRV_SDNNc	NC1_glial	0.2665227253708038
SAN	SAN__HCAHeartST13233998	HRV_SDNNc	NC2_glial_NGF+	-0.2222445617025638
SAN	SAN__HCAHeartST13233998	HRV_SDNNc	PC1_vent	-0.5679891496834679
SAN	SAN__HCAHeartST13233998	HRV_SDNNc	SAN_P_cell	-0.45487968091222497
SAN	SAN__HCAHeartST13233998	HRV_SDNNc	aCM1	-0.4606670261313599
SAN	SAN__HCAHeartST13233998	HRV_SDNNc	aCM2	-0.47178119279406994
SAN	SAN__HCAHeartST13233998	HRV_SDNNc	aCM3	-0.24442803733703378
SAN	SAN__HCAHeartST13233998	HRV_SDNNc	aCM4	-0.6889521764011541
SAN	SAN__HCAHeartST13233999	HRV_SDNNc	Adip1	0.418273049206061
SAN	SAN__HCAHeartST13233999	HRV_SDNNc	EC2_cap	-0.3226812846220698
SAN	SAN__HCAHeartST13233999	HRV_SDNNc	FB1	-0.20683835914543977
SAN	SAN__HCAHeartST13233999	HRV_SDNNc	FB2	-0.07414257966820612
SAN	SAN__HCAHeartST13233999	HRV_SDNNc	FB4_activated	-0.6629828586012977
SAN	SAN__HCAHeartST13233999	HRV_SDNNc	NC1_glial	0.06641371281876936
SAN	SAN__HCAHeartST13233999	HRV_SDNNc	NC2_glial_NGF+	-0.580548568246275
SAN	SAN__HCAHeartST13233999	HRV_SDNNc	PC1_vent	-0.7587041406940593
SAN	SAN__HCAHeartST13233999	HRV_SDNNc	SAN_P_cell	-0.6046420234352533
SAN	SAN__HCAHeartST13233999	HRV_SDNNc	aCM1	-0.7833284546573525
SAN	SAN__HCAHeartST13233999	HRV_SDNNc	aCM2	-0.7488750207246146
SAN	SAN__HCAHeartST13233999	HRV_SDNNc	aCM3	-0.28884573365895694
SAN	SAN__HCAHeartST13233999	HRV_SDNNc	aCM4	-0.8509542423497874
AVN	AVN__HCAHeartST11290657	PRinterval	Adip1	-0.05687101607615133
AVN	AVN__HCAHeartST11290657	PRinterval	EC2_cap	0.5574416438279349
AVN	AVN__HCAHeartST11290657	PRinterval	FB1	0.4052104309558937
AVN	AVN__HCAHeartST11290657	PRinterval	FB2	-0.264835646085389
AVN	AVN__HCAHeartST11290657	PRinterval	FB4_activated	0.004587161133016063
AVN	AVN__HCAHeartST11290657	PRinterval	NC1_glial	0.38727182352334066
AVN	AVN__HCAHeartST11290657	PRinterval	NC2_glial_NGF+	0.058450776228023846
AVN	AVN__HCAHeartST11290657	PRinterval	PC1_vent	0.5225992539770339
AVN	AVN__HCAHeartST11290657	PRinterval	aCM1	-0.19009084401660598
AVN	AVN__HCAHeartST11290657	PRinterval	aCM2	-0.19567096130503853
AVN	AVN__HCAHeartST11290657	PRinterval	aCM3	-0.3535245929931672
AVN	AVN__HCAHeartST11290657	PRinterval	aCM4	0.1296449432613703
AVN	AVN__HCAHeartST11290657	PRinterval	vCM1	0.5968107652330962
AVN	AVN__HCAHeartST11290657	PRinterval	vCM2	0.5491918891541624
AVN	AVN__HCAHeartST11290657	PRinterval	vCM3_stressed	0.18784426795816977
AVN	AVN__HCAHeartST11290658	PRinterval	AVN_bundle_cell	-0.30999547000273053
AVN	AVN__HCAHeartST11290658	PRinterval	Adip1	0.3253340239163669
AVN	AVN__HCAHeartST11290658	PRinterval	EC2_cap	0.8327329218137207
AVN	AVN__HCAHeartST11290658	PRinterval	FB1	0.47384312016241736
AVN	AVN__HCAHeartST11290658	PRinterval	FB2	-0.31121502649411886
AVN	AVN__HCAHeartST11290658	PRinterval	FB4_activated	-0.05928205857309572
AVN	AVN__HCAHeartST11290658	PRinterval	NC1_glial	0.3955485075639198
AVN	AVN__HCAHeartST11290658	PRinterval	NC2_glial_NGF+	-0.050304574580878725
AVN	AVN__HCAHeartST11290658	PRinterval	PC1_vent	0.7240520663045307
AVN	AVN__HCAHeartST11290658	PRinterval	aCM1	-0.040277742822269896
AVN	AVN__HCAHeartST11290658	PRinterval	aCM2	-0.2043265075252088
AVN	AVN__HCAHeartST11290658	PRinterval	aCM3	-0.3867306978980117
AVN	AVN__HCAHeartST11290658	PRinterval	aCM4	0.6806719255574865
AVN	AVN__HCAHeartST11290658	PRinterval	vCM1	0.7160479673125595
AVN	AVN__HCAHeartST11290658	PRinterval	vCM2	0.7533888975481337
AVN	AVN__HCAHeartST11290658	PRinterval	vCM3_stressed	-0.07275895413466192
AVN	AVN__HCAHeartST11290659	PRinterval	AVN_bundle_cell	-0.16483742990846273
AVN	AVN__HCAHeartST11290659	PRinterval	Adip1	0.19479522925936874
AVN	AVN__HCAHeartST11290659	PRinterval	EC2_cap	0.36343375650722864
AVN	AVN__HCAHeartST11290659	PRinterval	FB1	0.28200024068027063
AVN	AVN__HCAHeartST11290659	PRinterval	FB2	-0.09073995853804284
AVN	AVN__HCAHeartST11290659	PRinterval	FB4_activated	0.023318773689771425
AVN	AVN__HCAHeartST11290659	PRinterval	NC1_glial	0.28578149277679354
AVN	AVN__HCAHeartST11290659	PRinterval	NC2_glial_NGF+	0.12929565269407828
AVN	AVN__HCAHeartST11290659	PRinterval	PC1_vent	0.3348793739869168
AVN	AVN__HCAHeartST11290659	PRinterval	aCM1	0.03630048072525707
AVN	AVN__HCAHeartST11290659	PRinterval	aCM2	-0.04862277664559751
AVN	AVN__HCAHeartST11290659	PRinterval	aCM3	-0.19637688566633235
AVN	AVN__HCAHeartST11290659	PRinterval	aCM4	0.3687467910803375
AVN	AVN__HCAHeartST11290659	PRinterval	vCM1	0.19742915509943976
AVN	AVN__HCAHeartST11290659	PRinterval	vCM2	0.2684716025312164
AVN	AVN__HCAHeartST11290659	PRinterval	vCM3_stressed	-0.07607716003366635
AVN	AVN__HCAHeartST11290662	PRinterval	Adip1	0.14923887521317306
AVN	AVN__HCAHeartST11290662	PRinterval	EC2_cap	0.4011512997830972
AVN	AVN__HCAHeartST11290662	PRinterval	FB1	0.11025772117183186
AVN	AVN__HCAHeartST11290662	PRinterval	FB2	-0.3476264036865389
AVN	AVN__HCAHeartST11290662	PRinterval	FB4_activated	-0.014087503217031186
AVN	AVN__HCAHeartST11290662	PRinterval	NC1_glial	0.23188932517678512
AVN	AVN__HCAHeartST11290662	PRinterval	NC2_glial_NGF+	-0.16910000243889237
AVN	AVN__HCAHeartST11290662	PRinterval	PC1_vent	0.3262698875113074
AVN	AVN__HCAHeartST11290662	PRinterval	aCM1	-0.305366625964966
AVN	AVN__HCAHeartST11290662	PRinterval	aCM2	-0.29824358076294155
AVN	AVN__HCAHeartST11290662	PRinterval	aCM3	-0.13353664382886382
AVN	AVN__HCAHeartST11290662	PRinterval	aCM4	-0.05052012814219209
AVN	AVN__HCAHeartST11290662	PRinterval	vCM1	0.43798140178999273
AVN	AVN__HCAHeartST11290662	PRinterval	vCM2	0.373840610855227
AVN	AVN__HCAHeartST11290662	PRinterval	vCM3_stressed	0.1905786507905701
AVN	AVN__HCAHeartST11350377	PRinterval	AVN_bundle_cell	0.19180490069779543
AVN	AVN__HCAHeartST11350377	PRinterval	Adip1	0.3927148976440001
AVN	AVN__HCAHeartST11350377	PRinterval	EC2_cap	0.6259293045468624
AVN	AVN__HCAHeartST11350377	PRinterval	FB1	0.39180826376676586
AVN	AVN__HCAHeartST11350377	PRinterval	FB2	-0.31303362230505566
AVN	AVN__HCAHeartST11350377	PRinterval	FB4_activated	-0.020640381607720103
AVN	AVN__HCAHeartST11350377	PRinterval	NC1_glial	0.3506072551709344
AVN	AVN__HCAHeartST11350377	PRinterval	NC2_glial_NGF+	-0.18968220205598463
AVN	AVN__HCAHeartST11350377	PRinterval	PC1_vent	0.6129259069249781
AVN	AVN__HCAHeartST11350377	PRinterval	aCM1	-0.10287961330665829
AVN	AVN__HCAHeartST11350377	PRinterval	aCM2	-0.0830254208062175
AVN	AVN__HCAHeartST11350377	PRinterval	aCM3	0.4117057998344149
AVN	AVN__HCAHeartST11350377	PRinterval	aCM4	-0.001007474227671279
AVN	AVN__HCAHeartST11350377	PRinterval	vCM1	0.5693379487949652
AVN	AVN__HCAHeartST11350377	PRinterval	vCM2	0.5544360444070532
AVN	AVN__HCAHeartST11350377	PRinterval	vCM3_stressed	0.4988427517436796
AVN	AVN__HCAHeartST12992074	PRinterval	AVN_bundle_cell	0.3508439934634694
AVN	AVN__HCAHeartST12992074	PRinterval	Adip1	0.37864400158234
AVN	AVN__HCAHeartST12992074	PRinterval	EC2_cap	0.5268985738106523
AVN	AVN__HCAHeartST12992074	PRinterval	FB1	0.4513266227208447
AVN	AVN__HCAHeartST12992074	PRinterval	FB2	0.1642951673011278
AVN	AVN__HCAHeartST12992074	PRinterval	FB4_activated	0.2697123874948981
AVN	AVN__HCAHeartST12992074	PRinterval	NC1_glial	0.4397649924048402
AVN	AVN__HCAHeartST12992074	PRinterval	NC2_glial_NGF+	0.25739881512040497
AVN	AVN__HCAHeartST12992074	PRinterval	PC1_vent	0.496490968802759
AVN	AVN__HCAHeartST12992074	PRinterval	aCM1	0.364308304924952
AVN	AVN__HCAHeartST12992074	PRinterval	aCM2	0.3136378648977298
AVN	AVN__HCAHeartST12992074	PRinterval	aCM3	0.12924351346721416
AVN	AVN__HCAHeartST12992074	PRinterval	aCM4	0.4039821401566034
AVN	AVN__HCAHeartST12992074	PRinterval	vCM1	0.4778151817739582
AVN	AVN__HCAHeartST12992074	PRinterval	vCM2	0.4378913801527186
AVN	AVN__HCAHeartST12992074	PRinterval	vCM3_stressed	0.3009744275033755
AVN	AVN__HCAHeartST12992075	PRinterval	AVN_bundle_cell	0.08539993983429246
AVN	AVN__HCAHeartST12992075	PRinterval	Adip1	0.4094306510094202
AVN	AVN__HCAHeartST12992075	PRinterval	EC2_cap	0.5500203581387568
AVN	AVN__HCAHeartST12992075	PRinterval	FB1	0.24501614024309984
AVN	AVN__HCAHeartST12992075	PRinterval	FB2	-0.5102397608186227
AVN	AVN__HCAHeartST12992075	PRinterval	FB4_activated	-0.025834008284600515
AVN	AVN__HCAHeartST12992075	PRinterval	NC1_glial	0.32524348549186244
AVN	AVN__HCAHeartST12992075	PRinterval	NC2_glial_NGF+	-0.1952861787035811
AVN	AVN__HCAHeartST12992075	PRinterval	PC1_vent	0.5260271052498298
AVN	AVN__HCAHeartST12992075	PRinterval	aCM1	0.12835064507546293
AVN	AVN__HCAHeartST12992075	PRinterval	aCM2	-0.06298782557751605
AVN	AVN__HCAHeartST12992075	PRinterval	aCM3	0.6246604727611341
AVN	AVN__HCAHeartST12992075	PRinterval	aCM4	0.33509851502687543
AVN	AVN__HCAHeartST12992075	PRinterval	vCM1	0.5368302686144983
AVN	AVN__HCAHeartST12992075	PRinterval	vCM2	0.44215426042253503
AVN	AVN__HCAHeartST12992075	PRinterval	vCM3_stressed	0.6321744348514721
AVN	AVN__HCAHeartST13228103	PRinterval	AVN_bundle_cell	0.15236543370364536
AVN	AVN__HCAHeartST13228103	PRinterval	Adip1	-0.04667790666863382
AVN	AVN__HCAHeartST13228103	PRinterval	EC2_cap	0.1810290058687215
AVN	AVN__HCAHeartST13228103	PRinterval	FB1	0.14963533172805282
AVN	AVN__HCAHeartST13228103	PRinterval	FB2	-0.03178581432487773
AVN	AVN__HCAHeartST13228103	PRinterval	FB4_activated	0.12210844366710304
AVN	AVN__HCAHeartST13228103	PRinterval	NC1_glial	0.18277965747530595
AVN	AVN__HCAHeartST13228103	PRinterval	NC2_glial_NGF+	0.11416122135589213
AVN	AVN__HCAHeartST13228103	PRinterval	PC1_vent	0.16657019168105142
AVN	AVN__HCAHeartST13228103	PRinterval	aCM1	0.14894905765930855
AVN	AVN__HCAHeartST13228103	PRinterval	aCM2	0.09726220014488224
AVN	AVN__HCAHeartST13228103	PRinterval	aCM3	0.15152265822554942
AVN	AVN__HCAHeartST13228103	PRinterval	aCM4	0.17552459165788287
AVN	AVN__HCAHeartST13228103	PRinterval	vCM1	0.16593648058089944
AVN	AVN__HCAHeartST13228103	PRinterval	vCM2	0.12791134026192802
AVN	AVN__HCAHeartST13228103	PRinterval	vCM3_stressed	0.08080397542637155
SAN	SAN__HCAHeartST10659160	PRinterval	Adip1	-0.21088394700090002
SAN	SAN__HCAHeartST10659160	PRinterval	EC2_cap	0.030801546109932243
SAN	SAN__HCAHeartST10659160	PRinterval	FB1	-0.14906433981738637
SAN	SAN__HCAHeartST10659160	PRinterval	FB2	-0.2549508558485877
SAN	SAN__HCAHeartST10659160	PRinterval	FB4_activated	-0.2717155399453682
SAN	SAN__HCAHeartST10659160	PRinterval	NC1_glial	-0.1392589958307706
SAN	SAN__HCAHeartST10659160	PRinterval	NC2_glial_NGF+	-0.24898332325751749
SAN	SAN__HCAHeartST10659160	PRinterval	PC1_vent	-0.15738180323660128
SAN	SAN__HCAHeartST10659160	PRinterval	SAN_P_cell	-0.28788388700181267
SAN	SAN__HCAHeartST10659160	PRinterval	aCM1	-0.03570701948656607
SAN	SAN__HCAHeartST10659160	PRinterval	aCM2	0.012116086276629235
SAN	SAN__HCAHeartST10659160	PRinterval	aCM3	-0.19374305494924593
SAN	SAN__HCAHeartST10659160	PRinterval	aCM4	0.4867142465662152
SAN	SAN__HCAHeartST12992072	PRinterval	Adip1	0.2728634465914807
SAN	SAN__HCAHeartST12992072	PRinterval	EC2_cap	0.42492018751062793
SAN	SAN__HCAHeartST12992072	PRinterval	FB1	0.3430783805503668
SAN	SAN__HCAHeartST12992072	PRinterval	FB2	0.37691698020856745
SAN	SAN__HCAHeartST12992072	PRinterval	FB4_activated	0.30861776892408443
SAN	SAN__HCAHeartST12992072	PRinterval	NC1_glial	0.014787809935773513
SAN	SAN__HCAHeartST12992072	PRinterval	NC2_glial_NGF+	0.3325695164983022
SAN	SAN__HCAHeartST12992072	PRinterval	PC1_vent	0.37420363278974
SAN	SAN__HCAHeartST12992072	PRinterval	SAN_P_cell	0.15909476900532402
SAN	SAN__HCAHeartST12992072	PRinterval	aCM1	0.4699653458710311
SAN	SAN__HCAHeartST12992072	PRinterval	aCM2	0.39257361176743466
SAN	SAN__HCAHeartST12992072	PRinterval	aCM3	0.05714264086685154
SAN	SAN__HCAHeartST12992072	PRinterval	aCM4	0.49519320631284247
SAN	SAN__HCAHeartST13228105	PRinterval	Adip1	-0.025411235901282248
SAN	SAN__HCAHeartST13228105	PRinterval	EC2_cap	0.16057622032611873
SAN	SAN__HCAHeartST13228105	PRinterval	FB1	0.11704548749803767
SAN	SAN__HCAHeartST13228105	PRinterval	FB2	0.05527050593408389
SAN	SAN__HCAHeartST13228105	PRinterval	FB4_activated	0.12235929164289883
SAN	SAN__HCAHeartST13228105	PRinterval	NC1_glial	-0.08652557343075107
SAN	SAN__HCAHeartST13228105	PRinterval	NC2_glial_NGF+	0.08826522860795938
SAN	SAN__HCAHeartST13228105	PRinterval	PC1_vent	0.13885532977160153
SAN	SAN__HCAHeartST13228105	PRinterval	SAN_P_cell	0.15882840944633236
SAN	SAN__HCAHeartST13228105	PRinterval	aCM1	0.17367558686537643
SAN	SAN__HCAHeartST13228105	PRinterval	aCM2	0.13758202952797216
SAN	SAN__HCAHeartST13228105	PRinterval	aCM3	0.02664009109441584
SAN	SAN__HCAHeartST13228105	PRinterval	aCM4	0.2108442823610821
SAN	SAN__HCAHeartST13228106	PRinterval	Adip1	0.040769683746764956
SAN	SAN__HCAHeartST13228106	PRinterval	EC2_cap	0.37957993305921756
SAN	SAN__HCAHeartST13228106	PRinterval	FB1	0.38414608251518323
SAN	SAN__HCAHeartST13228106	PRinterval	FB2	-0.11591946924996348
SAN	SAN__HCAHeartST13228106	PRinterval	FB4_activated	-0.21230224940228623
SAN	SAN__HCAHeartST13228106	PRinterval	NC1_glial	-0.1522406072839392
SAN	SAN__HCAHeartST13228106	PRinterval	NC2_glial_NGF+	-0.12190224923805926
SAN	SAN__HCAHeartST13228106	PRinterval	PC1_vent	0.16433101882807288
SAN	SAN__HCAHeartST13228106	PRinterval	SAN_P_cell	0.043784891766903755
SAN	SAN__HCAHeartST13228106	PRinterval	aCM1	0.4256906779754006
SAN	SAN__HCAHeartST13228106	PRinterval	aCM2	0.37344715902118064
SAN	SAN__HCAHeartST13228106	PRinterval	aCM3	-0.25022916559660685
SAN	SAN__HCAHeartST13228106	PRinterval	aCM4	0.575492493975704
SAN	SAN__HCAHeartST13233996	PRinterval	Adip1	0.016957541604122578
SAN	SAN__HCAHeartST13233996	PRinterval	EC2_cap	0.30343144752322226
SAN	SAN__HCAHeartST13233996	PRinterval	FB1	0.2029118326520224
SAN	SAN__HCAHeartST13233996	PRinterval	FB2	0.09057786735561751
SAN	SAN__HCAHeartST13233996	PRinterval	FB4_activated	0.20601285828150506
SAN	SAN__HCAHeartST13233996	PRinterval	NC1_glial	0.08859042516472193
SAN	SAN__HCAHeartST13233996	PRinterval	NC2_glial_NGF+	0.17014234025036923
SAN	SAN__HCAHeartST13233996	PRinterval	PC1_vent	0.2848629025739109
SAN	SAN__HCAHeartST13233996	PRinterval	SAN_P_cell	0.2271627592551046
SAN	SAN__HCAHeartST13233996	PRinterval	aCM1	0.3400649085147029
SAN	SAN__HCAHeartST13233996	PRinterval	aCM2	0.3375163188591709
SAN	SAN__HCAHeartST13233996	PRinterval	aCM3	0.08482529643567532
SAN	SAN__HCAHeartST13233996	PRinterval	aCM4	0.40117276737306656
SAN	SAN__HCAHeartST13233997	PRinterval	Adip1	0.20650855954345965
SAN	SAN__HCAHeartST13233997	PRinterval	EC2_cap	0.3163223259103932
SAN	SAN__HCAHeartST13233997	PRinterval	FB1	0.07306075032615983
SAN	SAN__HCAHeartST13233997	PRinterval	FB2	-0.17876557349379657
SAN	SAN__HCAHeartST13233997	PRinterval	FB4_activated	0.20677737893273518
SAN	SAN__HCAHeartST13233997	PRinterval	NC1_glial	-0.023029963192632674
SAN	SAN__HCAHeartST13233997	PRinterval	NC2_glial_NGF+	0.11265513935253196
SAN	SAN__HCAHeartST13233997	PRinterval	PC1_vent	0.31019059537133026
SAN	SAN__HCAHeartST13233997	PRinterval	SAN_P_cell	0.13315777549613167
SAN	SAN__HCAHeartST13233997	PRinterval	aCM1	0.23816064714184515
SAN	SAN__HCAHeartST13233997	PRinterval	aCM2	0.2506635568364521
SAN	SAN__HCAHeartST13233997	PRinterval	aCM3	0.04097224115853934
SAN	SAN__HCAHeartST13233997	PRinterval	aCM4	0.37787817285232284
SAN	SAN__HCAHeartST13233998	PRinterval	Adip1	-0.04365227423382248
SAN	SAN__HCAHeartST13233998	PRinterval	EC2_cap	0.12381158554843563
SAN	SAN__HCAHeartST13233998	PRinterval	FB1	-0.11075799732532209
SAN	SAN__HCAHeartST13233998	PRinterval	FB2	-0.1485430240758893
SAN	SAN__HCAHeartST13233998	PRinterval	FB4_activated	0.24121058214550242
SAN	SAN__HCAHeartST13233998	PRinterval	NC1_glial	-0.133021630593118
SAN	SAN__HCAHeartST13233998	PRinterval	NC2_glial_NGF+	0.03688882119857029
SAN	SAN__HCAHeartST13233998	PRinterval	PC1_vent	0.19512466237340959
SAN	SAN__HCAHeartST13233998	PRinterval	SAN_P_cell	0.050435302462259635
SAN	SAN__HCAHeartST13233998	PRinterval	aCM1	0.25269210697339
SAN	SAN__HCAHeartST13233998	PRinterval	aCM2	0.26713202363384986
SAN	SAN__HCAHeartST13233998	PRinterval	aCM3	0.10858039774506276
SAN	SAN__HCAHeartST13233998	PRinterval	aCM4	0.3250687819415408
SAN	SAN__HCAHeartST13233999	PRinterval	Adip1	-0.09842632857487771
SAN	SAN__HCAHeartST13233999	PRinterval	EC2_cap	0.13651936381537855
SAN	SAN__HCAHeartST13233999	PRinterval	FB1	0.01165393941245274
SAN	SAN__HCAHeartST13233999	PRinterval	FB2	-0.06994599086117173
SAN	SAN__HCAHeartST13233999	PRinterval	FB4_activated	0.16779932271949327
SAN	SAN__HCAHeartST13233999	PRinterval	NC1_glial	-0.13464890094347698
SAN	SAN__HCAHeartST13233999	PRinterval	NC2_glial_NGF+	0.07189466416758422
SAN	SAN__HCAHeartST13233999	PRinterval	PC1_vent	0.19811986752715305
SAN	SAN__HCAHeartST13233999	PRinterval	SAN_P_cell	0.059083780796306384
SAN	SAN__HCAHeartST13233999	PRinterval	aCM1	0.2585967580034332
SAN	SAN__HCAHeartST13233999	PRinterval	aCM2	0.25571659631759014
SAN	SAN__HCAHeartST13233999	PRinterval	aCM3	0.004033289314197552
SAN	SAN__HCAHeartST13233999	PRinterval	aCM4	0.260534981278177
AVN	AVN__HCAHeartST11290657	RestingHeartRate	Adip1	0.007712951088165276
AVN	AVN__HCAHeartST11290657	RestingHeartRate	EC2_cap	0.5222068021582084
AVN	AVN__HCAHeartST11290657	RestingHeartRate	FB1	0.4066720258828515
AVN	AVN__HCAHeartST11290657	RestingHeartRate	FB2	-0.14541391454372557
AVN	AVN__HCAHeartST11290657	RestingHeartRate	FB4_activated	0.05324672468005966
AVN	AVN__HCAHeartST11290657	RestingHeartRate	NC1_glial	0.38896387570748586
AVN	AVN__HCAHeartST11290657	RestingHeartRate	NC2_glial_NGF+	0.1392234094304074
AVN	AVN__HCAHeartST11290657	RestingHeartRate	PC1_vent	0.504746600902959
AVN	AVN__HCAHeartST11290657	RestingHeartRate	aCM1	-0.07342420948858232
AVN	AVN__HCAHeartST11290657	RestingHeartRate	aCM2	-0.06920399928424582
AVN	AVN__HCAHeartST11290657	RestingHeartRate	aCM3	-0.2604784651927431
AVN	AVN__HCAHeartST11290657	RestingHeartRate	aCM4	0.18531838932667485
AVN	AVN__HCAHeartST11290657	RestingHeartRate	vCM1	0.4894835327029229
AVN	AVN__HCAHeartST11290657	RestingHeartRate	vCM2	0.49932741638314304
AVN	AVN__HCAHeartST11290657	RestingHeartRate	vCM3_stressed	0.13796824584815826
AVN	AVN__HCAHeartST11290658	RestingHeartRate	AVN_bundle_cell	-0.2829241673396613
AVN	AVN__HCAHeartST11290658	RestingHeartRate	Adip1	0.2985731520719957
AVN	AVN__HCAHeartST11290658	RestingHeartRate	EC2_cap	0.8083466177174956
AVN	AVN__HCAHeartST11290658	RestingHeartRate	FB1	0.4978878922330169
AVN	AVN__HCAHeartST11290658	RestingHeartRate	FB2	-0.2466221090398455
AVN	AVN__HCAHeartST11290658	RestingHeartRate	FB4_activated	-0.01029928774435888
AVN	AVN__HCAHeartST11290658	RestingHeartRate	NC1_glial	0.4301351731367459
AVN	AVN__HCAHeartST11290658	RestingHeartRate	NC2_glial_NGF+	0.004596250619122881
AVN	AVN__HCAHeartST11290658	RestingHeartRate	PC1_vent	0.7175084474502847
AVN	AVN__HCAHeartST11290658	RestingHeartRate	aCM1	-0.0031434104985861022
AVN	AVN__HCAHeartST11290658	RestingHeartRate	aCM2	-0.15202025526038793
AVN	AVN__HCAHeartST11290658	RestingHeartRate	aCM3	-0.3373263569619546
AVN	AVN__HCAHeartST11290658	RestingHeartRate	aCM4	0.6695325998544788
AVN	AVN__HCAHeartST11290658	RestingHeartRate	vCM1	0.6577905849904789
AVN	AVN__HCAHeartST11290658	RestingHeartRate	vCM2	0.7008877936228735
AVN	AVN__HCAHeartST11290658	RestingHeartRate	vCM3_stressed	-0.06769892515404266
AVN	AVN__HCAHeartST11290659	RestingHeartRate	AVN_bundle_cell	-0.16324708695518964
AVN	AVN__HCAHeartST11290659	RestingHeartRate	Adip1	0.21884177242088318
AVN	AVN__HCAHeartST11290659	RestingHeartRate	EC2_cap	0.3971980142481427
AVN	AVN__HCAHeartST11290659	RestingHeartRate	FB1	0.32425192984887163
AVN	AVN__HCAHeartST11290659	RestingHeartRate	FB2	-0.057683210165920366
AVN	AVN__HCAHeartST11290659	RestingHeartRate	FB4_activated	0.059339709598843715
AVN	AVN__HCAHeartST11290659	RestingHeartRate	NC1_glial	0.3058102417768857
AVN	AVN__HCAHeartST11290659	RestingHeartRate	NC2_glial_NGF+	0.15934771601072545
AVN	AVN__HCAHeartST11290659	RestingHeartRate	PC1_vent	0.36971501212982605
AVN	AVN__HCAHeartST11290659	RestingHeartRate	aCM1	0.030227894051436416
AVN	AVN__HCAHeartST11290659	RestingHeartRate	aCM2	-0.05064440586712986
AVN	AVN__HCAHeartST11290659	RestingHeartRate	aCM3	-0.18591055277003302
AVN	AVN__HCAHeartST11290659	RestingHeartRate	aCM4	0.3892738683041759
AVN	AVN__HCAHeartST11290659	RestingHeartRate	vCM1	0.19685281806098937
AVN	AVN__HCAHeartST11290659	RestingHeartRate	vCM2	0.27887568846071165
AVN	AVN__HCAHeartST11290659	RestingHeartRate	vCM3_stressed	-0.06253404714246424
AVN	AVN__HCAHeartST11290662	RestingHeartRate	Adip1	0.18484124117430137
AVN	AVN__HCAHeartST11290662	RestingHeartRate	EC2_cap	0.461355417984656
AVN	AVN__HCAHeartST11290662	RestingHeartRate	FB1	0.23614810787155183
AVN	AVN__HCAHeartST11290662	RestingHeartRate	FB2	-0.19450882527878613
AVN	AVN__HCAHeartST11290662	RestingHeartRate	FB4_activated	0.0911587906207247
AVN	AVN__HCAHeartST11290662	RestingHeartRate	NC1_glial	0.33215498030847806
AVN	AVN__HCAHeartST11290662	RestingHeartRate	NC2_glial_NGF+	-0.007676807860050122
AVN	AVN__HCAHeartST11290662	RestingHeartRate	PC1_vent	0.412139127311746
AVN	AVN__HCAHeartST11290662	RestingHeartRate	aCM1	-0.2094486940047175
AVN	AVN__HCAHeartST11290662	RestingHeartRate	aCM2	-0.20033390775332535
AVN	AVN__HCAHeartST11290662	RestingHeartRate	aCM3	-0.08657538060873865
AVN	AVN__HCAHeartST11290662	RestingHeartRate	aCM4	0.04741873566825966
AVN	AVN__HCAHeartST11290662	RestingHeartRate	vCM1	0.3212826176177528
AVN	AVN__HCAHeartST11290662	RestingHeartRate	vCM2	0.34198009350206426
AVN	AVN__HCAHeartST11290662	RestingHeartRate	vCM3_stressed	0.09769090174178616
AVN	AVN__HCAHeartST11350377	RestingHeartRate	AVN_bundle_cell	0.26006168203252494
AVN	AVN__HCAHeartST11350377	RestingHeartRate	Adip1	0.3190707380802493
AVN	AVN__HCAHeartST11350377	RestingHeartRate	EC2_cap	0.5368254549784599
AVN	AVN__HCAHeartST11350377	RestingHeartRate	FB1	0.39379800393220715
AVN	AVN__HCAHeartST11350377	RestingHeartRate	FB2	-0.15291314580693913
AVN	AVN__HCAHeartST11350377	RestingHeartRate	FB4_activated	0.09071359189711964
AVN	AVN__HCAHeartST11350377	RestingHeartRate	NC1_glial	0.36446203066058014
AVN	AVN__HCAHeartST11350377	RestingHeartRate	NC2_glial_NGF+	-0.041125841726786475
AVN	AVN__HCAHeartST11350377	RestingHeartRate	PC1_vent	0.5350423621659681
AVN	AVN__HCAHeartST11350377	RestingHeartRate	aCM1	0.021436201451081577
AVN	AVN__HCAHeartST11350377	RestingHeartRate	aCM2	0.040970150819151036
AVN	AVN__HCAHeartST11350377	RestingHeartRate	aCM3	0.36210238471400147
AVN	AVN__HCAHeartST11350377	RestingHeartRate	aCM4	0.06826925798070449
AVN	AVN__HCAHeartST11350377	RestingHeartRate	vCM1	0.45665536737324575
AVN	AVN__HCAHeartST11350377	RestingHeartRate	vCM2	0.4681514123644902
AVN	AVN__HCAHeartST11350377	RestingHeartRate	vCM3_stressed	0.40040454783364915
AVN	AVN__HCAHeartST12992074	RestingHeartRate	AVN_bundle_cell	0.3062448915589551
AVN	AVN__HCAHeartST12992074	RestingHeartRate	Adip1	0.3641199301703488
AVN	AVN__HCAHeartST12992074	RestingHeartRate	EC2_cap	0.5332493821612853
AVN	AVN__HCAHeartST12992074	RestingHeartRate	FB1	0.4850296804223758
AVN	AVN__HCAHeartST12992074	RestingHeartRate	FB2	0.2568988095177914
AVN	AVN__HCAHeartST12992074	RestingHeartRate	FB4_activated	0.3149484683978113
AVN	AVN__HCAHeartST12992074	RestingHeartRate	NC1_glial	0.44359941188368696
AVN	AVN__HCAHeartST12992074	RestingHeartRate	NC2_glial_NGF+	0.3183223435470989
AVN	AVN__HCAHeartST12992074	RestingHeartRate	PC1_vent	0.5090707948401857
AVN	AVN__HCAHeartST12992074	RestingHeartRate	aCM1	0.3526644946912472
AVN	AVN__HCAHeartST12992074	RestingHeartRate	aCM2	0.30299531719131906
AVN	AVN__HCAHeartST12992074	RestingHeartRate	aCM3	0.09130548315535233
AVN	AVN__HCAHeartST12992074	RestingHeartRate	aCM4	0.39266217517800617
AVN	AVN__HCAHeartST12992074	RestingHeartRate	vCM1	0.43965016677771673
AVN	AVN__HCAHeartST12992074	RestingHeartRate	vCM2	0.42003200337613905
AVN	AVN__HCAHeartST12992074	RestingHeartRate	vCM3_stressed	0.2224959863150527
AVN	AVN__HCAHeartST12992075	RestingHeartRate	AVN_bundle_cell	0.09452364296177719
AVN	AVN__HCAHeartST12992075	RestingHeartRate	Adip1	0.37451511829904105
AVN	AVN__HCAHeartST12992075	RestingHeartRate	EC2_cap	0.5328771657565279
AVN	AVN__HCAHeartST12992075	RestingHeartRate	FB1	0.2913162136641063
AVN	AVN__HCAHeartST12992075	RestingHeartRate	FB2	-0.41867418109729204
AVN	AVN__HCAHeartST12992075	RestingHeartRate	FB4_activated	0.01695109956246657
AVN	AVN__HCAHeartST12992075	RestingHeartRate	NC1_glial	0.354375587040054
AVN	AVN__HCAHeartST12992075	RestingHeartRate	NC2_glial_NGF+	-0.11904862807655553
AVN	AVN__HCAHeartST12992075	RestingHeartRate	PC1_vent	0.5197357880854999
AVN	AVN__HCAHeartST12992075	RestingHeartRate	aCM1	0.12557165812158635
AVN	AVN__HCAHeartST12992075	RestingHeartRate	aCM2	-0.031121663093942153
AVN	AVN__HCAHeartST12992075	RestingHeartRate	aCM3	0.5571145007350137
AVN	AVN__HCAHeartST12992075	RestingHeartRate	aCM4	0.3207788069189379
AVN	AVN__HCAHeartST12992075	RestingHeartRate	vCM1	0.4712824914231962
AVN	AVN__HCAHeartST12992075	RestingHeartRate	vCM2	0.42488119106206823
AVN	AVN__HCAHeartST12992075	RestingHeartRate	vCM3_stressed	0.549912061530906
AVN	AVN__HCAHeartST13228103	RestingHeartRate	AVN_bundle_cell	0.10563819824997195
AVN	AVN__HCAHeartST13228103	RestingHeartRate	Adip1	0.03598067763554175
AVN	AVN__HCAHeartST13228103	RestingHeartRate	EC2_cap	0.23264722928449344
AVN	AVN__HCAHeartST13228103	RestingHeartRate	FB1	0.21058774166557975
AVN	AVN__HCAHeartST13228103	RestingHeartRate	FB2	-0.015531811888585878
AVN	AVN__HCAHeartST13228103	RestingHeartRate	FB4_activated	0.09070260273966242
AVN	AVN__HCAHeartST13228103	RestingHeartRate	NC1_glial	0.2160158839799982
AVN	AVN__HCAHeartST13228103	RestingHeartRate	NC2_glial_NGF+	0.11476927747198162
AVN	AVN__HCAHeartST13228103	RestingHeartRate	PC1_vent	0.2271704719231074
AVN	AVN__HCAHeartST13228103	RestingHeartRate	aCM1	0.21541903188263622
AVN	AVN__HCAHeartST13228103	RestingHeartRate	aCM2	0.15315321217641764
AVN	AVN__HCAHeartST13228103	RestingHeartRate	aCM3	0.21677256735406555
AVN	AVN__HCAHeartST13228103	RestingHeartRate	aCM4	0.23790503449149697
AVN	AVN__HCAHeartST13228103	RestingHeartRate	vCM1	0.14681363719389579
AVN	AVN__HCAHeartST13228103	RestingHeartRate	vCM2	0.15096664247909491
AVN	AVN__HCAHeartST13228103	RestingHeartRate	vCM3_stressed	0.08347511999397436
SAN	SAN__HCAHeartST10659160	RestingHeartRate	Adip1	-0.0716203815173693
SAN	SAN__HCAHeartST10659160	RestingHeartRate	EC2_cap	0.15409251518886147
SAN	SAN__HCAHeartST10659160	RestingHeartRate	FB1	0.028553009492027936
SAN	SAN__HCAHeartST10659160	RestingHeartRate	FB2	0.004088633095914451
SAN	SAN__HCAHeartST10659160	RestingHeartRate	FB4_activated	0.00045126382861881975
SAN	SAN__HCAHeartST10659160	RestingHeartRate	NC1_glial	0.03881884714996614
SAN	SAN__HCAHeartST10659160	RestingHeartRate	NC2_glial_NGF+	0.0004993298117130784
SAN	SAN__HCAHeartST10659160	RestingHeartRate	PC1_vent	0.037823068429296836
SAN	SAN__HCAHeartST10659160	RestingHeartRate	SAN_P_cell	-0.036677947267324706
SAN	SAN__HCAHeartST10659160	RestingHeartRate	aCM1	-0.009838963620401597
SAN	SAN__HCAHeartST10659160	RestingHeartRate	aCM2	-0.051387886246301334
SAN	SAN__HCAHeartST10659160	RestingHeartRate	aCM3	-0.026873491886398038
SAN	SAN__HCAHeartST10659160	RestingHeartRate	aCM4	0.1795022180212359
SAN	SAN__HCAHeartST12992072	RestingHeartRate	Adip1	0.25235723546619054
SAN	SAN__HCAHeartST12992072	RestingHeartRate	EC2_cap	0.3964698083045047
SAN	SAN__HCAHeartST12992072	RestingHeartRate	FB1	0.32203332924189926
SAN	SAN__HCAHeartST12992072	RestingHeartRate	FB2	0.33933563649637943
SAN	SAN__HCAHeartST12992072	RestingHeartRate	FB4_activated	0.3125031572162076
SAN	SAN__HCAHeartST12992072	RestingHeartRate	NC1_glial	0.041036571719194614
SAN	SAN__HCAHeartST12992072	RestingHeartRate	NC2_glial_NGF+	0.30635437987482533
SAN	SAN__HCAHeartST12992072	RestingHeartRate	PC1_vent	0.3571380417395541
SAN	SAN__HCAHeartST12992072	RestingHeartRate	SAN_P_cell	0.19039433255901037
SAN	SAN__HCAHeartST12992072	RestingHeartRate	aCM1	0.42430737325708723
SAN	SAN__HCAHeartST12992072	RestingHeartRate	aCM2	0.3413067084256829
SAN	SAN__HCAHeartST12992072	RestingHeartRate	aCM3	0.08212171812207994
SAN	SAN__HCAHeartST12992072	RestingHeartRate	aCM4	0.45215600209456586
SAN	SAN__HCAHeartST13228105	RestingHeartRate	Adip1	-0.0619753561061156
SAN	SAN__HCAHeartST13228105	RestingHeartRate	EC2_cap	0.1831652755717269
SAN	SAN__HCAHeartST13228105	RestingHeartRate	FB1	0.14020148941553945
SAN	SAN__HCAHeartST13228105	RestingHeartRate	FB2	0.1017626340904153
SAN	SAN__HCAHeartST13228105	RestingHeartRate	FB4_activated	0.15255167098829958
SAN	SAN__HCAHeartST13228105	RestingHeartRate	NC1_glial	-0.03518540568843832
SAN	SAN__HCAHeartST13228105	RestingHeartRate	NC2_glial_NGF+	0.11455022169714768
SAN	SAN__HCAHeartST13228105	RestingHeartRate	PC1_vent	0.1639281672138947
SAN	SAN__HCAHeartST13228105	RestingHeartRate	SAN_P_cell	0.16936250312102863
SAN	SAN__HCAHeartST13228105	RestingHeartRate	aCM1	0.17469805527944826
SAN	SAN__HCAHeartST13228105	RestingHeartRate	aCM2	0.121980681346466
SAN	SAN__HCAHeartST13228105	RestingHeartRate	aCM3	0.0343473990854552
SAN	SAN__HCAHeartST13228105	RestingHeartRate	aCM4	0.19745032569342824
SAN	SAN__HCAHeartST13228106	RestingHeartRate	Adip1	-0.05432816726240443
SAN	SAN__HCAHeartST13228106	RestingHeartRate	EC2_cap	0.3803315328596635
SAN	SAN__HCAHeartST13228106	RestingHeartRate	FB1	0.3683945953388582
SAN	SAN__HCAHeartST13228106	RestingHeartRate	FB2	0.021994033621457215
SAN	SAN__HCAHeartST13228106	RestingHeartRate	FB4_activated	-0.02432592445321445
SAN	SAN__HCAHeartST13228106	RestingHeartRate	NC1_glial	-0.02811564121966098
SAN	SAN__HCAHeartST13228106	RestingHeartRate	NC2_glial_NGF+	0.03485698033455059
SAN	SAN__HCAHeartST13228106	RestingHeartRate	PC1_vent	0.2496641529233649
SAN	SAN__HCAHeartST13228106	RestingHeartRate	SAN_P_cell	0.1303872619322778
SAN	SAN__HCAHeartST13228106	RestingHeartRate	aCM1	0.2926345646432903
SAN	SAN__HCAHeartST13228106	RestingHeartRate	aCM2	0.21781415406106078
SAN	SAN__HCAHeartST13228106	RestingHeartRate	aCM3	-0.18514007342809466
SAN	SAN__HCAHeartST13228106	RestingHeartRate	aCM4	0.43705870126963087
SAN	SAN__HCAHeartST13233996	RestingHeartRate	Adip1	0.01690057059930014
SAN	SAN__HCAHeartST13233996	RestingHeartRate	EC2_cap	0.3448447940285144
SAN	SAN__HCAHeartST13233996	RestingHeartRate	FB1	0.23385674127958833
SAN	SAN__HCAHeartST13233996	RestingHeartRate	FB2	0.14254099373002554
SAN	SAN__HCAHeartST13233996	RestingHeartRate	FB4_activated	0.25591473091830175
SAN	SAN__HCAHeartST13233996	RestingHeartRate	NC1_glial	0.1250225952428322
SAN	SAN__HCAHeartST13233996	RestingHeartRate	NC2_glial_NGF+	0.2053130051313663
SAN	SAN__HCAHeartST13233996	RestingHeartRate	PC1_vent	0.31598305826339534
SAN	SAN__HCAHeartST13233996	RestingHeartRate	SAN_P_cell	0.27034662987615304
SAN	SAN__HCAHeartST13233996	RestingHeartRate	aCM1	0.35180529593340076
SAN	SAN__HCAHeartST13233996	RestingHeartRate	aCM2	0.33738500960195417
SAN	SAN__HCAHeartST13233996	RestingHeartRate	aCM3	0.10715374072087075
SAN	SAN__HCAHeartST13233996	RestingHeartRate	aCM4	0.4187483130009069
SAN	SAN__HCAHeartST13233997	RestingHeartRate	Adip1	0.22602181032275442
SAN	SAN__HCAHeartST13233997	RestingHeartRate	EC2_cap	0.3366301545385546
SAN	SAN__HCAHeartST13233997	RestingHeartRate	FB1	0.11697834946306307
SAN	SAN__HCAHeartST13233997	RestingHeartRate	FB2	-0.1357240382730005
SAN	SAN__HCAHeartST13233997	RestingHeartRate	FB4_activated	0.22359855224461456
SAN	SAN__HCAHeartST13233997	RestingHeartRate	NC1_glial	0.02979317793171732
SAN	SAN__HCAHeartST13233997	RestingHeartRate	NC2_glial_NGF+	0.1421501985857278
SAN	SAN__HCAHeartST13233997	RestingHeartRate	PC1_vent	0.31970937608539635
SAN	SAN__HCAHeartST13233997	RestingHeartRate	SAN_P_cell	0.16230744449606765
SAN	SAN__HCAHeartST13233997	RestingHeartRate	aCM1	0.2599986976133173
SAN	SAN__HCAHeartST13233997	RestingHeartRate	aCM2	0.2618486386880596
SAN	SAN__HCAHeartST13233997	RestingHeartRate	aCM3	0.05195860183817133
SAN	SAN__HCAHeartST13233997	RestingHeartRate	aCM4	0.3765355621670651
SAN	SAN__HCAHeartST13233998	RestingHeartRate	Adip1	-0.032595128099324994
SAN	SAN__HCAHeartST13233998	RestingHeartRate	EC2_cap	0.14634183525829642
SAN	SAN__HCAHeartST13233998	RestingHeartRate	FB1	-0.08278934444494163
SAN	SAN__HCAHeartST13233998	RestingHeartRate	FB2	-0.13245039250446397
SAN	SAN__HCAHeartST13233998	RestingHeartRate	FB4_activated	0.20162466801130532
SAN	SAN__HCAHeartST13233998	RestingHeartRate	NC1_glial	-0.12085771834185463
SAN	SAN__HCAHeartST13233998	RestingHeartRate	NC2_glial_NGF+	0.04782334879738537
SAN	SAN__HCAHeartST13233998	RestingHeartRate	PC1_vent	0.19298436650771672
SAN	SAN__HCAHeartST13233998	RestingHeartRate	SAN_P_cell	0.08674962373822287
SAN	SAN__HCAHeartST13233998	RestingHeartRate	aCM1	0.21627079084902373
SAN	SAN__HCAHeartST13233998	RestingHeartRate	aCM2	0.22227599672423326
SAN	SAN__HCAHeartST13233998	RestingHeartRate	aCM3	0.0789589429161417
SAN	SAN__HCAHeartST13233998	RestingHeartRate	aCM4	0.2943549306053435
SAN	SAN__HCAHeartST13233999	RestingHeartRate	Adip1	-0.08226233338010724
SAN	SAN__HCAHeartST13233999	RestingHeartRate	EC2_cap	0.15465685519846345
SAN	SAN__HCAHeartST13233999	RestingHeartRate	FB1	0.042346690003177756
SAN	SAN__HCAHeartST13233999	RestingHeartRate	FB2	-0.06358174510904266
SAN	SAN__HCAHeartST13233999	RestingHeartRate	FB4_activated	0.17276063549336307
SAN	SAN__HCAHeartST13233999	RestingHeartRate	NC1_glial	-0.08899859123350289
SAN	SAN__HCAHeartST13233999	RestingHeartRate	NC2_glial_NGF+	0.09502281644336869
SAN	SAN__HCAHeartST13233999	RestingHeartRate	PC1_vent	0.20989621297732264
SAN	SAN__HCAHeartST13233999	RestingHeartRate	SAN_P_cell	0.097546786102091
SAN	SAN__HCAHeartST13233999	RestingHeartRate	aCM1	0.24748087909917915
SAN	SAN__HCAHeartST13233999	RestingHeartRate	aCM2	0.24243551679361974
SAN	SAN__HCAHeartST13233999	RestingHeartRate	aCM3	0.055436725321931946
SAN	SAN__HCAHeartST13233999	RestingHeartRate	aCM4	0.2532633753204744
