sample	trait	annotation	p_cauchy	p_median
SAN__HCAHeartST13228106	PRinterval	myocardium_atrial	1.14793174965655e-10	8.765595180387106e-07
SAN__HCAHeartST13228106	PRinterval	node	1.2409748921027308e-05	0.0003185511406296
SAN__HCAHeartST13228106	PRinterval	vessel	2.074544889518748e-05	0.0001906982758962
SAN__HCAHeartST13228106	PRinterval	adipose_tissue	3.3679092911742536e-05	0.0076488620067277
SAN__HCAHeartST13228106	PRinterval	haemorrhage	0.01601603959064557	0.0247759973926262
SAN__HCAHeartST13228106	PRinterval	fibrosis	0.8038362513167663	0.3638762503689576
SAN__HCAHeartST13228106	HRV_RMSSD	vessel	0.008417777510045688	0.0299817274247559
SAN__HCAHeartST13228106	HRV_RMSSD	myocardium_atrial	0.010178068704737142	0.0853810640207584
SAN__HCAHeartST13228106	HRV_RMSSD	node	0.031385687747294444	0.1030095662372591
SAN__HCAHeartST13228106	HRV_RMSSD	fibrosis	0.11549226780496824	0.3524666223504147
SAN__HCAHeartST13228106	HRV_RMSSD	adipose_tissue	0.12187018584781217	0.1971263717935615
SAN__HCAHeartST13228106	HRV_RMSSD	haemorrhage	0.2826623273441141	0.4048094604738082
SAN__HCAHeartST13228106	HRV_SDNNc	vessel	0.0011271315486572897	0.065023680946456
SAN__HCAHeartST13228106	HRV_SDNNc	node	0.010731894126678632	0.06837912410947874
SAN__HCAHeartST13228106	HRV_SDNNc	adipose_tissue	0.013444991011050345	0.0318559598764415
SAN__HCAHeartST13228106	HRV_SDNNc	haemorrhage	0.02199089157760148	0.0244309568715831
SAN__HCAHeartST13228106	HRV_SDNNc	myocardium_atrial	0.05654969574208635	0.19656904421646504
SAN__HCAHeartST13228106	HRV_SDNNc	fibrosis	0.21439286528646873	0.3376974248994877
SAN__HCAHeartST13228106	AtrialFibrillation	myocardium_atrial	1.2653242431603928e-07	3.876733691202573e-05
SAN__HCAHeartST13228106	AtrialFibrillation	node	4.896638121310026e-06	0.00047986318112210003
SAN__HCAHeartST13228106	AtrialFibrillation	adipose_tissue	6.45059425370409e-05	0.003404406319339
SAN__HCAHeartST13228106	AtrialFibrillation	vessel	0.00010048170554566305	0.0007875042864556
SAN__HCAHeartST13228106	AtrialFibrillation	haemorrhage	0.0017487702844746211	0.004900814353132
SAN__HCAHeartST13228106	AtrialFibrillation	fibrosis	0.5153414311645957	0.4070829330115445
SAN__HCAHeartST13228106	EducationalAttainment	vessel	2.0457468687173908e-05	0.0005074739719603
SAN__HCAHeartST13228106	EducationalAttainment	node	4.269827382596958e-05	0.00218101107336905
SAN__HCAHeartST13228106	EducationalAttainment	myocardium_atrial	0.0001540400273202236	0.00871505328942965
SAN__HCAHeartST13228106	EducationalAttainment	adipose_tissue	0.002571977459950081	0.0063406554032088
SAN__HCAHeartST13228106	EducationalAttainment	haemorrhage	0.003349410538955322	0.0162862133562082
SAN__HCAHeartST13228106	EducationalAttainment	fibrosis	0.169601487144878	0.2741129661536985
SAN__HCAHeartST13228106	HRV_SDNN	vessel	0.006664820983450004	0.0704946706185673
SAN__HCAHeartST13228106	HRV_SDNN	node	0.009040832417635869	0.0600402268806726
SAN__HCAHeartST13228106	HRV_SDNN	adipose_tissue	0.016303840926682245	0.0476374295439128
SAN__HCAHeartST13228106	HRV_SDNN	myocardium_atrial	0.04361998669064193	0.18447335332347226
SAN__HCAHeartST13228106	HRV_SDNN	haemorrhage	0.04529415546570015	0.0558480010364698
SAN__HCAHeartST13228106	HRV_SDNN	fibrosis	0.1852043426544948	0.33559013595553
SAN__HCAHeartST13228106	HRV_RMSSDc	vessel	0.011238414694570542	0.0427575255774217
SAN__HCAHeartST13228106	HRV_RMSSDc	myocardium_atrial	0.0373907852513885	0.16035605282001386
SAN__HCAHeartST13228106	HRV_RMSSDc	node	0.09595167152409234	0.20896779425559842
SAN__HCAHeartST13228106	HRV_RMSSDc	haemorrhage	0.22296387544618512	0.4702822947631421
SAN__HCAHeartST13228106	HRV_RMSSDc	adipose_tissue	0.24765224037038736	0.2730212481241431
SAN__HCAHeartST13228106	HRV_RMSSDc	fibrosis	0.801680255462792	0.4321937506652616
SAN__HCAHeartST13228106	RestingHeartRate	myocardium_atrial	1.0867973188055657e-12	7.977197354384715e-08
SAN__HCAHeartST13228106	RestingHeartRate	node	2.956002109755218e-11	6.861262049421917e-07
SAN__HCAHeartST13228106	RestingHeartRate	vessel	9.114174970292765e-10	1.1373645533400178e-08
SAN__HCAHeartST13228106	RestingHeartRate	adipose_tissue	2.763558040308478e-05	0.0003422606362777
SAN__HCAHeartST13228106	RestingHeartRate	haemorrhage	3.245692465947414e-05	0.0003013737747766
SAN__HCAHeartST13228106	RestingHeartRate	fibrosis	0.16080265194771004	0.2529383243619258
SAN__HCAHeartST13228105	HRV_RMSSD	node	0.0036391587706650075	0.01231767402153635
SAN__HCAHeartST13228105	HRV_RMSSD	myocardium_atrial	0.004630189556231956	0.0362889533336132
SAN__HCAHeartST13228105	HRV_RMSSD	nerve	0.06836375830202135	0.1436560034115589
SAN__HCAHeartST13228105	HRV_RMSSD	adipose_tissue	0.1131129753410024	0.2543333017866601
SAN__HCAHeartST13228105	HRV_RMSSD	haemorrhage	0.5913225692506155	0.5002860548624096
SAN__HCAHeartST13228105	RestingHeartRate	node	2.717825964282383e-13	1.4862580406610334e-11
SAN__HCAHeartST13228105	RestingHeartRate	myocardium_atrial	7.439937554920562e-12	5.037625218869505e-10
SAN__HCAHeartST13228105	RestingHeartRate	adipose_tissue	2.4456984126786097e-07	0.0189888056532786
SAN__HCAHeartST13228105	RestingHeartRate	nerve	3.133006099109714e-06	0.00035405301399845
SAN__HCAHeartST13228105	RestingHeartRate	haemorrhage	0.8392262412802697	0.40825070184813195
SAN__HCAHeartST13228105	PRinterval	myocardium_atrial	2.0011214907356134e-11	6.816630176125806e-09
SAN__HCAHeartST13228105	PRinterval	node	2.1610491174328672e-11	1.725712997667133e-08
SAN__HCAHeartST13228105	PRinterval	nerve	1.3991201954999255e-05	0.0107400035540956
SAN__HCAHeartST13228105	PRinterval	adipose_tissue	0.00046920642333492246	0.060101343284092
SAN__HCAHeartST13228105	PRinterval	haemorrhage	0.9886071087058659	0.8864025396514326
SAN__HCAHeartST13228105	HRV_SDNNc	nerve	0.005434116210008555	0.05071932658092395
SAN__HCAHeartST13228105	HRV_SDNNc	adipose_tissue	0.013088646407986126	0.0865373569316637
SAN__HCAHeartST13228105	HRV_SDNNc	node	0.08500195833436919	0.15910324860597136
SAN__HCAHeartST13228105	HRV_SDNNc	myocardium_atrial	0.1947036399214741	0.3142256434308916
SAN__HCAHeartST13228105	HRV_SDNNc	haemorrhage	0.5132434788492601	0.5108635278572559
SAN__HCAHeartST13228105	AtrialFibrillation	node	1.0704200859024127e-09	2.3496352674803747e-07
SAN__HCAHeartST13228105	AtrialFibrillation	myocardium_atrial	1.3967187117991386e-07	1.7760621513520445e-06
SAN__HCAHeartST13228105	AtrialFibrillation	nerve	0.00012831930030954286	0.00289510930698345
SAN__HCAHeartST13228105	AtrialFibrillation	adipose_tissue	0.0005684292376805233	0.0556120789337613
SAN__HCAHeartST13228105	AtrialFibrillation	haemorrhage	0.7013302861605509	0.5687033363499296
SAN__HCAHeartST13228105	HRV_SDNN	nerve	0.01092730344276327	0.07117403300195099
SAN__HCAHeartST13228105	HRV_SDNN	adipose_tissue	0.02024340440632444	0.1241683710965649
SAN__HCAHeartST13228105	HRV_SDNN	node	0.04320841760013461	0.10020847681592285
SAN__HCAHeartST13228105	HRV_SDNN	myocardium_atrial	0.13636495043627872	0.2664136029547993
SAN__HCAHeartST13228105	HRV_SDNN	haemorrhage	0.6126425874000182	0.5689752638322938
SAN__HCAHeartST13228105	EducationalAttainment	node	2.472429080024874e-06	0.00042210469130595
SAN__HCAHeartST13228105	EducationalAttainment	myocardium_atrial	0.0004273960117974207	0.0052744873846917
SAN__HCAHeartST13228105	EducationalAttainment	nerve	0.0028411888405458496	0.07069309632018955
SAN__HCAHeartST13228105	EducationalAttainment	adipose_tissue	0.005088267508867483	0.1782208555875485
SAN__HCAHeartST13228105	EducationalAttainment	haemorrhage	0.6532932581670298	0.5686875025178157
SAN__HCAHeartST13228105	HRV_RMSSDc	node	0.022617217697672443	0.056489980048540195
SAN__HCAHeartST13228105	HRV_RMSSDc	myocardium_atrial	0.030607401889424346	0.09957753032125821
SAN__HCAHeartST13228105	HRV_RMSSDc	nerve	0.07823327834190086	0.1590595509015879
SAN__HCAHeartST13228105	HRV_RMSSDc	haemorrhage	0.65280175420081	0.624444305738356
SAN__HCAHeartST13228105	HRV_RMSSDc	adipose_tissue	0.9371003445606787	0.3209403937402054
SAN__HCAHeartST12992072	HRV_SDNNc	vessel	0.012060279751878955	0.0530556408822803
SAN__HCAHeartST12992072	HRV_SDNNc	node	0.02342530783459673	0.165493319214098
SAN__HCAHeartST12992072	HRV_SDNNc	endocardium	0.043190246331919924	0.3121276838251682
SAN__HCAHeartST12992072	HRV_SDNNc	myocardium	0.12166135010724788	0.2379555080124551
SAN__HCAHeartST12992072	HRV_SDNNc	epicardium_subepicardium	0.666896777238797	0.49267774005676035
SAN__HCAHeartST12992072	HRV_SDNNc	adipose_tissue	0.95752598281584	0.4834533438921056
SAN__HCAHeartST12992072	HRV_RMSSD	vessel	0.007034275605386275	0.0531290016518426
SAN__HCAHeartST12992072	HRV_RMSSD	myocardium	0.007744067811610078	0.0460716775520353
SAN__HCAHeartST12992072	HRV_RMSSD	node	0.019070682666151972	0.0796880531847378
SAN__HCAHeartST12992072	HRV_RMSSD	endocardium	0.034811000467100506	0.1864519408894491
SAN__HCAHeartST12992072	HRV_RMSSD	epicardium_subepicardium	0.22192615380140246	0.35594269905461917
SAN__HCAHeartST12992072	HRV_RMSSD	adipose_tissue	0.9439238437836479	0.5076773076355443
SAN__HCAHeartST12992072	HRV_SDNN	node	0.017352451710993866	0.1285631015935727
SAN__HCAHeartST12992072	HRV_SDNN	vessel	0.023915255807285485	0.0757006765103909
SAN__HCAHeartST12992072	HRV_SDNN	endocardium	0.029002338334603528	0.2192726205835479
SAN__HCAHeartST12992072	HRV_SDNN	myocardium	0.06302401398974944	0.1669075549785549
SAN__HCAHeartST12992072	HRV_SDNN	epicardium_subepicardium	0.5739576471940258	0.449208439522636
SAN__HCAHeartST12992072	HRV_SDNN	adipose_tissue	0.958789270777918	0.5315502758044385
SAN__HCAHeartST12992072	EducationalAttainment	vessel	4.371015283721746e-06	8.793058704063764e-05
SAN__HCAHeartST12992072	EducationalAttainment	node	4.669608367702249e-05	0.0066111610830358
SAN__HCAHeartST12992072	EducationalAttainment	myocardium	0.0008850481330296978	0.0194814418525692
SAN__HCAHeartST12992072	EducationalAttainment	endocardium	0.004679070942397945	0.1392396342494733
SAN__HCAHeartST12992072	EducationalAttainment	adipose_tissue	0.11847098182655891	0.3426589609526825
SAN__HCAHeartST12992072	EducationalAttainment	epicardium_subepicardium	0.1577700234509598	0.25163617658399234
SAN__HCAHeartST12992072	AtrialFibrillation	myocardium	2.857475800421838e-08	2.042573637786734e-05
SAN__HCAHeartST12992072	AtrialFibrillation	node	4.2210459161307057e-07	3.461028136709803e-05
SAN__HCAHeartST12992072	AtrialFibrillation	vessel	0.0010996457283473093	0.0030472637638515
SAN__HCAHeartST12992072	AtrialFibrillation	endocardium	0.0012834651907067673	0.0332020193559402
SAN__HCAHeartST12992072	AtrialFibrillation	adipose_tissue	0.16298687124624878	0.2938592250101097
SAN__HCAHeartST12992072	AtrialFibrillation	epicardium_subepicardium	0.9022538199160376	0.7360334321874913
SAN__HCAHeartST12992072	RestingHeartRate	myocardium	1.7696955012524995e-13	1.6699097632306387e-09
SAN__HCAHeartST12992072	RestingHeartRate	node	9.46243083888021e-13	9.871070349524104e-09
SAN__HCAHeartST12992072	RestingHeartRate	endocardium	2.5810667603209936e-08	0.0041447010372036
SAN__HCAHeartST12992072	RestingHeartRate	vessel	2.1079320788874867e-06	1.7633339668093283e-05
SAN__HCAHeartST12992072	RestingHeartRate	adipose_tissue	0.8610061378597835	0.2763041505941225
SAN__HCAHeartST12992072	RestingHeartRate	epicardium_subepicardium	0.9964300089528437	0.5753592208871181
SAN__HCAHeartST12992072	PRinterval	myocardium	1.243394276428944e-11	5.04146326130222e-08
SAN__HCAHeartST12992072	PRinterval	node	6.134688312897651e-10	5.008590754697952e-06
SAN__HCAHeartST12992072	PRinterval	endocardium	6.813934708693736e-07	0.0056676551676039
SAN__HCAHeartST12992072	PRinterval	vessel	6.108823219574955e-05	0.0036377281684624
SAN__HCAHeartST12992072	PRinterval	epicardium_subepicardium	0.9620901342069518	0.7248402255293775
SAN__HCAHeartST12992072	PRinterval	adipose_tissue	0.9906853928263606	0.3550879355941389
SAN__HCAHeartST12992072	HRV_RMSSDc	vessel	0.01210303669980961	0.0615468220701089
SAN__HCAHeartST12992072	HRV_RMSSDc	myocardium	0.04139423726462754	0.114132785259001
SAN__HCAHeartST12992072	HRV_RMSSDc	node	0.07390592729709689	0.1947500339568318
SAN__HCAHeartST12992072	HRV_RMSSDc	endocardium	0.18636721135800294	0.3332302048852769
SAN__HCAHeartST12992072	HRV_RMSSDc	epicardium_subepicardium	0.3428062470980586	0.47842004629062873
SAN__HCAHeartST12992072	HRV_RMSSDc	adipose_tissue	0.9599526881638731	0.6309947055047607
AVN__HCAHeartST11290657	PRinterval	myocardium_ventricular	1.2518947878348285e-08	1.8628202612836168e-06
AVN__HCAHeartST11290657	PRinterval	myocardium_atrial	8.426512680070886e-06	0.0001070973457894
AVN__HCAHeartST11290657	PRinterval	cardiac_skeleton	1.750498500785458e-05	0.001263535325168
AVN__HCAHeartST11290657	EducationalAttainment	myocardium_atrial	4.469225552550249e-05	0.0058907140237038
AVN__HCAHeartST11290657	EducationalAttainment	cardiac_skeleton	9.569458788838414e-05	0.009200456115246
AVN__HCAHeartST11290657	EducationalAttainment	myocardium_ventricular	0.00033831029377007216	0.0218986057972136
AVN__HCAHeartST11290657	AtrialFibrillation	myocardium_ventricular	1.373503592416725e-06	0.0001269817695852
AVN__HCAHeartST11290657	AtrialFibrillation	cardiac_skeleton	4.043718893509407e-06	0.0017812573682973
AVN__HCAHeartST11290657	AtrialFibrillation	myocardium_atrial	4.206418217744812e-06	0.0003809045671309
AVN__HCAHeartST11290657	RestingHeartRate	myocardium_ventricular	2.3450145159031877e-09	5.322435420782213e-07
AVN__HCAHeartST11290657	RestingHeartRate	myocardium_atrial	3.914687907169423e-09	1.375713912322626e-06
AVN__HCAHeartST11290657	RestingHeartRate	cardiac_skeleton	4.734316960686158e-08	7.24534866166531e-05
AVN__HCAHeartST11350377	RestingHeartRate	myocardium_ventricular	6.211176017956177e-11	1.797501464175513e-07
AVN__HCAHeartST11350377	RestingHeartRate	myocardium_atrial	2.369091589571326e-10	1.2144687591279993e-07
AVN__HCAHeartST11350377	RestingHeartRate	AV_bundle	1.1808919397893192e-09	4.882332765710785e-08
AVN__HCAHeartST11350377	RestingHeartRate	fibrosis	2.309687663348825e-09	1.9736056229022188e-07
AVN__HCAHeartST11350377	RestingHeartRate	cardiac_skeleton	4.031709419982654e-06	0.00423364269169245
AVN__HCAHeartST11350377	AtrialFibrillation	myocardium_ventricular	4.828369576381775e-07	3.9539747828484287e-05
AVN__HCAHeartST11350377	AtrialFibrillation	AV_bundle	4.958789191822355e-06	0.0001935223576146
AVN__HCAHeartST11350377	AtrialFibrillation	myocardium_atrial	8.069527969278845e-06	9.334774982581567e-05
AVN__HCAHeartST11350377	AtrialFibrillation	fibrosis	1.1661420132536016e-05	0.0002887714403794
AVN__HCAHeartST11350377	AtrialFibrillation	cardiac_skeleton	0.002213152019775899	0.0170088210320885
AVN__HCAHeartST11350377	PRinterval	myocardium_ventricular	3.0427060870863443e-10	1.220402426540873e-06
AVN__HCAHeartST11350377	PRinterval	myocardium_atrial	2.8738564861185978e-09	1.3861541299710448e-05
AVN__HCAHeartST11350377	PRinterval	fibrosis	2.95958554330511e-08	4.019450464309501e-06
AVN__HCAHeartST11350377	PRinterval	AV_bundle	4.565998671379745e-07	2.4274604148499117e-05
AVN__HCAHeartST11350377	PRinterval	cardiac_skeleton	0.0011856770725211518	0.034561881888392904
AVN__HCAHeartST11350377	EducationalAttainment	myocardium_atrial	6.584035926682219e-06	0.0017934108762463498
AVN__HCAHeartST11350377	EducationalAttainment	fibrosis	3.656093806392313e-05	0.0020048893808277003
AVN__HCAHeartST11350377	EducationalAttainment	myocardium_ventricular	6.571101780350475e-05	0.0065709440765639
AVN__HCAHeartST11350377	EducationalAttainment	cardiac_skeleton	0.002207945338117967	0.040119410737287656
AVN__HCAHeartST11350377	EducationalAttainment	AV_bundle	0.00451244466487799	0.027266586683620052
AVN__HCAHeartST12992074	AtrialFibrillation	myocardium_ventricular	2.0891662444455505e-07	6.716429263563061e-05
AVN__HCAHeartST12992074	AtrialFibrillation	AV_bundle	8.644270559388101e-05	0.0003478485765214
AVN__HCAHeartST12992074	AtrialFibrillation	fibrosis	0.010764478793531929	0.0273728845593086
AVN__HCAHeartST12992074	AtrialFibrillation	membraneous_septum	0.15775103613123442	0.21181826615048766
AVN__HCAHeartST12992074	RestingHeartRate	myocardium_ventricular	9.705569681273118e-13	2.9613332381395e-07
AVN__HCAHeartST12992074	RestingHeartRate	AV_bundle	1.1632137586481406e-08	2.40764531428671e-07
AVN__HCAHeartST12992074	RestingHeartRate	fibrosis	0.0017924250291178057	0.0086356469860326
AVN__HCAHeartST12992074	RestingHeartRate	membraneous_septum	0.09425377322929474	0.2366615638114341
AVN__HCAHeartST12992074	PRinterval	myocardium_ventricular	7.17752524082016e-11	1.384604672059184e-05
AVN__HCAHeartST12992074	PRinterval	AV_bundle	1.4563843639181506e-05	0.0003031668373132
AVN__HCAHeartST12992074	PRinterval	fibrosis	0.0204741555372131	0.0677537596366691
AVN__HCAHeartST12992074	PRinterval	membraneous_septum	0.9979253696149298	0.29992851093113326
AVN__HCAHeartST12992074	EducationalAttainment	AV_bundle	0.0004786547913816497	0.00303243107164045
AVN__HCAHeartST12992074	EducationalAttainment	myocardium_ventricular	0.0012174705526751817	0.019188090512877
AVN__HCAHeartST12992074	EducationalAttainment	fibrosis	0.004571895369227641	0.045666989296627
AVN__HCAHeartST12992074	EducationalAttainment	membraneous_septum	0.05086480881253064	0.1806353718238139
SAN__HCAHeartST13233998	HRV_SDNN	vessel	0.004748075008592645	0.0104208066503782
SAN__HCAHeartST13233998	HRV_SDNN	node	0.012706029985225853	0.06349943279504394
SAN__HCAHeartST13233998	HRV_SDNN	fibrosis	0.01964261025036662	0.0725057160548626
SAN__HCAHeartST13233998	HRV_SDNN	adipose_tissue	0.04413603999146731	0.2114757897352978
SAN__HCAHeartST13233998	HRV_SDNN	myocardium_atrial	0.09815339971436465	0.1941277265215665
SAN__HCAHeartST13233998	HRV_RMSSD	fibrosis	0.004973540965185763	0.0208549841546902
SAN__HCAHeartST13233998	HRV_RMSSD	myocardium_atrial	0.006455287089851214	0.047552152639286
SAN__HCAHeartST13233998	HRV_RMSSD	node	0.012406381675057365	0.08728263636995355
SAN__HCAHeartST13233998	HRV_RMSSD	vessel	0.017151013456744302	0.0321778685454507
SAN__HCAHeartST13233998	HRV_RMSSD	adipose_tissue	0.25389890435478113	0.3482785235233522
SAN__HCAHeartST13233998	HRV_SDNNc	vessel	0.0022288447489177132	0.0052115526224742
SAN__HCAHeartST13233998	HRV_SDNNc	node	0.012078855764636853	0.0829983307853435
SAN__HCAHeartST13233998	HRV_SDNNc	adipose_tissue	0.03252465731337029	0.1652550007218152
SAN__HCAHeartST13233998	HRV_SDNNc	fibrosis	0.042267761567965745	0.1180470923200239
SAN__HCAHeartST13233998	HRV_SDNNc	myocardium_atrial	0.09450900210254787	0.30013647726437054
SAN__HCAHeartST13233998	AtrialFibrillation	myocardium_atrial	7.871068241627199e-10	3.042528935186708e-06
SAN__HCAHeartST13233998	AtrialFibrillation	fibrosis	4.29818769465129e-09	4.795853735371614e-06
SAN__HCAHeartST13233998	AtrialFibrillation	vessel	4.7068879627243376e-07	1.073769635673085e-06
SAN__HCAHeartST13233998	AtrialFibrillation	node	4.2818935611421693e-05	0.00247299469062965
SAN__HCAHeartST13233998	AtrialFibrillation	adipose_tissue	0.9099422983119606	0.1865811997815529
SAN__HCAHeartST13233998	HRV_RMSSDc	vessel	0.020341017057462274	0.0371269682653937
SAN__HCAHeartST13233998	HRV_RMSSDc	fibrosis	0.02815267340622596	0.0757283353797934
SAN__HCAHeartST13233998	HRV_RMSSDc	node	0.04735144871744312	0.1538229154007039
SAN__HCAHeartST13233998	HRV_RMSSDc	myocardium_atrial	0.05951342006846361	0.13789024510828674
SAN__HCAHeartST13233998	HRV_RMSSDc	adipose_tissue	0.2644148347563581	0.3315837743486406
SAN__HCAHeartST13233998	PRinterval	myocardium_atrial	2.0069168549241567e-11	1.995890634620316e-08
SAN__HCAHeartST13233998	PRinterval	fibrosis	5.894819965490683e-09	2.565000307964524e-07
SAN__HCAHeartST13233998	PRinterval	node	6.996327917008216e-08	0.0006233283089018
SAN__HCAHeartST13233998	PRinterval	vessel	1.719868637395372e-05	2.87531737514752e-05
SAN__HCAHeartST13233998	PRinterval	adipose_tissue	0.9970517979556234	0.3900078807066575
SAN__HCAHeartST13233998	RestingHeartRate	myocardium_atrial	1.1113332476497817e-13	8.739132155430351e-10
SAN__HCAHeartST13233998	RestingHeartRate	fibrosis	1.652011860642233e-13	4.6487732981427376e-10
SAN__HCAHeartST13233998	RestingHeartRate	node	2.507827279174535e-11	6.579856842544827e-06
SAN__HCAHeartST13233998	RestingHeartRate	vessel	3.123796332715756e-09	7.919094815216552e-09
SAN__HCAHeartST13233998	RestingHeartRate	adipose_tissue	0.9987703198751555	0.4579551462963411
SAN__HCAHeartST13233998	EducationalAttainment	node	4.110445785299177e-06	0.0015013363554772
SAN__HCAHeartST13233998	EducationalAttainment	fibrosis	1.6346585925752777e-05	0.00225690978985
SAN__HCAHeartST13233998	EducationalAttainment	myocardium_atrial	0.00013887380595833942	0.01086820412969865
SAN__HCAHeartST13233998	EducationalAttainment	vessel	0.008828833052349494	0.015445812135396
SAN__HCAHeartST13233998	EducationalAttainment	adipose_tissue	0.12089938014104318	0.3634542886358141
SAN__HCAHeartST13233997	PRinterval	myocardium_atrial	1.0190737143034312e-11	6.596204236320789e-09
SAN__HCAHeartST13233997	PRinterval	node	7.399806323249436e-10	1.8443105864995499e-06
SAN__HCAHeartST13233997	PRinterval	vessel	1.3646202345896086e-07	7.747402981514399e-07
SAN__HCAHeartST13233997	PRinterval	fibrosis	0.0012290676399655531	0.03830340249595255
SAN__HCAHeartST13233997	PRinterval	adipose_tissue	0.8123684177489274	0.2875519327975007
SAN__HCAHeartST13233997	HRV_SDNNc	fibrosis	0.0020738693406926467	0.038308417050120294
SAN__HCAHeartST13233997	HRV_SDNNc	vessel	0.009858847019428074	0.0136295688698254
SAN__HCAHeartST13233997	HRV_SDNNc	node	0.030282936364780078	0.11938285071609435
SAN__HCAHeartST13233997	HRV_SDNNc	adipose_tissue	0.03519446243222901	0.17018997499423386
SAN__HCAHeartST13233997	HRV_SDNNc	myocardium_atrial	0.16492254578588206	0.2767007050597619
SAN__HCAHeartST13233997	EducationalAttainment	node	7.228445559481766e-05	0.0015507967376011001
SAN__HCAHeartST13233997	EducationalAttainment	vessel	0.0005024334254253304	0.0014282058454625
SAN__HCAHeartST13233997	EducationalAttainment	myocardium_atrial	0.0008319273807101402	0.0136484536843869
SAN__HCAHeartST13233997	EducationalAttainment	fibrosis	0.002708901585348311	0.040728915767124355
SAN__HCAHeartST13233997	EducationalAttainment	adipose_tissue	0.19542085746398408	0.2839296349777932
SAN__HCAHeartST13233997	RestingHeartRate	myocardium_atrial	1.91402449445377e-13	1.176994310703121e-10
SAN__HCAHeartST13233997	RestingHeartRate	node	1.605060528930835e-11	3.977216919111858e-09
SAN__HCAHeartST13233997	RestingHeartRate	vessel	1.937506577398551e-08	7.040137556450023e-08
SAN__HCAHeartST13233997	RestingHeartRate	fibrosis	1.9593161066033815e-05	0.0047460562683378504
SAN__HCAHeartST13233997	RestingHeartRate	adipose_tissue	0.9998487901575689	0.3030560935727773
SAN__HCAHeartST13233997	AtrialFibrillation	myocardium_atrial	3.648332735917137e-08	1.355835726151417e-06
SAN__HCAHeartST13233997	AtrialFibrillation	node	3.967539513594076e-07	5.0078474698585525e-05
SAN__HCAHeartST13233997	AtrialFibrillation	vessel	9.193544297847467e-06	2.0894727002990276e-05
SAN__HCAHeartST13233997	AtrialFibrillation	fibrosis	0.0008863696223870843	0.026026279403166
SAN__HCAHeartST13233997	AtrialFibrillation	adipose_tissue	0.9135937588052101	0.29340963536365894
SAN__HCAHeartST13233997	HRV_RMSSDc	vessel	0.008877020665714053	0.0589504018467676
SAN__HCAHeartST13233997	HRV_RMSSDc	myocardium_atrial	0.02929759327882553	0.0842631141694971
SAN__HCAHeartST13233997	HRV_RMSSDc	node	0.03391321004915182	0.10397706806128204
SAN__HCAHeartST13233997	HRV_RMSSDc	adipose_tissue	0.06957536395644681	0.34399150517859606
SAN__HCAHeartST13233997	HRV_RMSSDc	fibrosis	0.08340751303397342	0.263991563169583
SAN__HCAHeartST13233997	HRV_RMSSD	myocardium_atrial	0.0027851289043868688	0.0229387908230507
SAN__HCAHeartST13233997	HRV_RMSSD	vessel	0.009081045138151445	0.0455245356080804
SAN__HCAHeartST13233997	HRV_RMSSD	node	0.010303726186772222	0.042148363534895
SAN__HCAHeartST13233997	HRV_RMSSD	fibrosis	0.09460758717716311	0.25582736230308617
SAN__HCAHeartST13233997	HRV_RMSSD	adipose_tissue	0.723628420253424	0.3931379075800625
SAN__HCAHeartST13233997	HRV_SDNN	fibrosis	0.0072908756664911145	0.06308084811217905
SAN__HCAHeartST13233997	HRV_SDNN	node	0.024262228715512646	0.0859442750341653
SAN__HCAHeartST13233997	HRV_SDNN	vessel	0.030739807210748538	0.0397975857980678
SAN__HCAHeartST13233997	HRV_SDNN	adipose_tissue	0.06489939123364885	0.24073836678241595
SAN__HCAHeartST13233997	HRV_SDNN	myocardium_atrial	0.07505182933800181	0.1566875849911329
AVN__HCAHeartST13228103	RestingHeartRate	myocardium_ventricular	1.1102230246251565e-15	6.68720316415209e-13
AVN__HCAHeartST13228103	RestingHeartRate	node	3.6637359812630166e-15	6.346033454585638e-14
AVN__HCAHeartST13228103	RestingHeartRate	myocardium_atrial	5.88418203051333e-15	7.078980358408064e-12
AVN__HCAHeartST13228103	RestingHeartRate	AV_bundle	8.948397578478762e-14	1.268161784977685e-10
AVN__HCAHeartST13228103	RestingHeartRate	membraneous_septum	7.659906042789544e-11	0.0125446738960761
AVN__HCAHeartST13228103	RestingHeartRate	adipose_tissue	1.8366681009407415e-07	0.008235744896974349
AVN__HCAHeartST13228103	EducationalAttainment	myocardium_ventricular	5.1632920628597034e-05	0.0035367887295506
AVN__HCAHeartST13228103	EducationalAttainment	AV_bundle	7.056835958274554e-05	0.00316819117579895
AVN__HCAHeartST13228103	EducationalAttainment	node	0.0004141196745557352	0.001530533352616
AVN__HCAHeartST13228103	EducationalAttainment	myocardium_atrial	0.000762862541005882	0.0166208622407209
AVN__HCAHeartST13228103	EducationalAttainment	adipose_tissue	0.010318227049913031	0.08216968830187679
AVN__HCAHeartST13228103	EducationalAttainment	membraneous_septum	0.013246434352406689	0.1546330265606158
AVN__HCAHeartST13228103	PRinterval	myocardium_ventricular	2.053179848360287e-11	1.6611327670323363e-09
AVN__HCAHeartST13228103	PRinterval	AV_bundle	8.279077423622994e-11	4.235913053654455e-09
AVN__HCAHeartST13228103	PRinterval	myocardium_atrial	3.185666175298252e-10	4.616624187827484e-08
AVN__HCAHeartST13228103	PRinterval	node	7.756788544810433e-10	7.80458369405508e-09
AVN__HCAHeartST13228103	PRinterval	membraneous_septum	1.4006877227079606e-05	0.0866093340936281
AVN__HCAHeartST13228103	PRinterval	adipose_tissue	0.0010512266620728017	0.1225826139721177
AVN__HCAHeartST13228103	AtrialFibrillation	myocardium_ventricular	1.925424264470621e-08	8.973831005243335e-07
AVN__HCAHeartST13228103	AtrialFibrillation	myocardium_atrial	4.5720338848198594e-08	3.82519100461946e-06
AVN__HCAHeartST13228103	AtrialFibrillation	node	6.267623275935108e-08	1.735798145964121e-07
AVN__HCAHeartST13228103	AtrialFibrillation	AV_bundle	1.7260938223184752e-07	4.423112087452746e-06
AVN__HCAHeartST13228103	AtrialFibrillation	adipose_tissue	0.0008846605832113497	0.03220945598764295
AVN__HCAHeartST13228103	AtrialFibrillation	membraneous_septum	0.0024845974767694345	0.0786519061489181
SAN__HCAHeartST10659160	HRV_RMSSD	node	0.005475357343120213	0.0486072087287523
SAN__HCAHeartST10659160	HRV_RMSSD	vessel	0.006055940213962163	0.00787484760373755
SAN__HCAHeartST10659160	HRV_RMSSD	fibrosis	0.015518738038491686	0.13261241886394598
SAN__HCAHeartST10659160	HRV_RMSSD	epicardium_subepicardium	0.022654115892704274	0.1362105630844476
SAN__HCAHeartST10659160	HRV_RMSSD	myocardium	0.05399225291283816	0.2162012853467143
SAN__HCAHeartST10659160	HRV_RMSSD	endocardium	0.09377454721937695	0.1654565860507422
SAN__HCAHeartST10659160	HRV_RMSSD	adipose_tissue	0.33942150510289826	0.3532317771094166
SAN__HCAHeartST10659160	HRV_RMSSDc	vessel	0.007451605694239749	0.008871040519417301
SAN__HCAHeartST10659160	HRV_RMSSDc	node	0.009629283750544615	0.078699823111676
SAN__HCAHeartST10659160	HRV_RMSSDc	epicardium_subepicardium	0.05180702418810568	0.1715824910621201
SAN__HCAHeartST10659160	HRV_RMSSDc	fibrosis	0.1088297313981137	0.2519656113702964
SAN__HCAHeartST10659160	HRV_RMSSDc	endocardium	0.18382330249437562	0.210069314787884
SAN__HCAHeartST10659160	HRV_RMSSDc	myocardium	0.23715363235019482	0.3732169199186571
SAN__HCAHeartST10659160	HRV_RMSSDc	adipose_tissue	0.8851820759185874	0.5188121661298183
SAN__HCAHeartST10659160	EducationalAttainment	vessel	7.432993220923834e-09	1.3817636132860296e-06
SAN__HCAHeartST10659160	EducationalAttainment	node	1.050206965724776e-06	0.00017124138790905
SAN__HCAHeartST10659160	EducationalAttainment	epicardium_subepicardium	3.290320706228478e-06	0.0010119872407843
SAN__HCAHeartST10659160	EducationalAttainment	myocardium	0.00018157085742409595	0.0284261353941161
SAN__HCAHeartST10659160	EducationalAttainment	endocardium	0.0014158433301307838	0.0067363568923848
SAN__HCAHeartST10659160	EducationalAttainment	adipose_tissue	0.012684071028785882	0.1056283140839977
SAN__HCAHeartST10659160	EducationalAttainment	fibrosis	0.016065757772212974	0.0505302635096463
SAN__HCAHeartST10659160	PRinterval	myocardium	1.887117240251257e-09	0.0001664198969458
SAN__HCAHeartST10659160	PRinterval	endocardium	3.125647518587016e-08	1.0887843014307235e-07
SAN__HCAHeartST10659160	PRinterval	node	1.5643661377406914e-07	1.99213991078137e-05
SAN__HCAHeartST10659160	PRinterval	vessel	2.6028792197152484e-06	9.930551317639114e-06
SAN__HCAHeartST10659160	PRinterval	epicardium_subepicardium	3.1312954280604544e-06	0.0003104571945785
SAN__HCAHeartST10659160	PRinterval	adipose_tissue	5.631449826792867e-06	0.0041936091448385
SAN__HCAHeartST10659160	PRinterval	fibrosis	4.352011088248897e-05	0.0038448211180702003
SAN__HCAHeartST10659160	HRV_SDNNc	vessel	0.002470363297825684	0.00399649011203875
SAN__HCAHeartST10659160	HRV_SDNNc	node	0.0055974565497454165	0.07312378867300301
SAN__HCAHeartST10659160	HRV_SDNNc	epicardium_subepicardium	0.01838904384762652	0.1305794578357961
SAN__HCAHeartST10659160	HRV_SDNNc	fibrosis	0.28904628605365434	0.5161494996650293
SAN__HCAHeartST10659160	HRV_SDNNc	myocardium	0.3171546729324569	0.3678432366115224
SAN__HCAHeartST10659160	HRV_SDNNc	endocardium	0.37802363731170696	0.3810495357136563
SAN__HCAHeartST10659160	HRV_SDNNc	adipose_tissue	0.37907412858325873	0.5189398376747298
SAN__HCAHeartST10659160	AtrialFibrillation	epicardium_subepicardium	1.5796395327338786e-06	0.0006048515969046
SAN__HCAHeartST10659160	AtrialFibrillation	myocardium	1.7278260530106948e-06	0.00160022268779
SAN__HCAHeartST10659160	AtrialFibrillation	node	3.7839709102760466e-06	0.00018677029859755
SAN__HCAHeartST10659160	AtrialFibrillation	vessel	3.070786459413721e-05	4.522326638514755e-05
SAN__HCAHeartST10659160	AtrialFibrillation	adipose_tissue	5.431035057268385e-05	0.0105732502572139
SAN__HCAHeartST10659160	AtrialFibrillation	endocardium	0.00010117799085529455	0.0009845125407234
SAN__HCAHeartST10659160	AtrialFibrillation	fibrosis	0.0008310845072027062	0.010413202696862151
SAN__HCAHeartST10659160	RestingHeartRate	node	1.965094753586527e-14	5.559713649775346e-09
SAN__HCAHeartST10659160	RestingHeartRate	vessel	1.4233059175694507e-13	7.371351972187304e-10
SAN__HCAHeartST10659160	RestingHeartRate	myocardium	9.313727566961916e-11	8.259297715222877e-05
SAN__HCAHeartST10659160	RestingHeartRate	epicardium_subepicardium	1.1427114809947625e-10	2.6442006974432963e-06
SAN__HCAHeartST10659160	RestingHeartRate	adipose_tissue	1.2548409212831402e-06	0.0009601165817043
SAN__HCAHeartST10659160	RestingHeartRate	endocardium	9.435984162364797e-06	0.0002266035694146
SAN__HCAHeartST10659160	RestingHeartRate	fibrosis	6.096356994456098e-05	0.0033641324141659
SAN__HCAHeartST10659160	HRV_SDNN	vessel	0.011390818044784479	0.0161456188589168
SAN__HCAHeartST10659160	HRV_SDNN	node	0.0121805782277572	0.08176443730812565
SAN__HCAHeartST10659160	HRV_SDNN	epicardium_subepicardium	0.033327317244621235	0.1500035825698143
SAN__HCAHeartST10659160	HRV_SDNN	myocardium	0.18571568133873062	0.3297834026865589
SAN__HCAHeartST10659160	HRV_SDNN	fibrosis	0.23303844939913843	0.38796505949673155
SAN__HCAHeartST10659160	HRV_SDNN	endocardium	0.33276899682311467	0.3323868223252233
SAN__HCAHeartST10659160	HRV_SDNN	adipose_tissue	0.771332402516473	0.4828902811376905
AVN__HCAHeartST11290662	EducationalAttainment	myocardium_atrial	2.986685886496865e-06	0.00235534983381435
AVN__HCAHeartST11290662	EducationalAttainment	node	7.138611540302708e-05	0.0016603794608215
AVN__HCAHeartST11290662	EducationalAttainment	fibrosis	0.00018843287647196671	0.008325532976646649
AVN__HCAHeartST11290662	EducationalAttainment	cardiac_skeleton	0.0003027871440358654	0.0329262165438846
AVN__HCAHeartST11290662	EducationalAttainment	myocardium_ventricular	0.0006067479295402967	0.010125289811801
AVN__HCAHeartST11290662	PRinterval	myocardium_ventricular	4.77889838812473e-10	1.0333619378332577e-06
AVN__HCAHeartST11290662	PRinterval	myocardium_atrial	1.9721116961690655e-09	7.912510091391778e-06
AVN__HCAHeartST11290662	PRinterval	node	2.485109407146524e-08	4.833314580130916e-06
AVN__HCAHeartST11290662	PRinterval	fibrosis	1.2640921032147645e-07	2.6703955371715408e-06
AVN__HCAHeartST11290662	PRinterval	cardiac_skeleton	0.0002236671062690876	0.0329604526651422
AVN__HCAHeartST11290662	RestingHeartRate	myocardium_ventricular	2.0805579481475434e-12	5.321682497423078e-08
AVN__HCAHeartST11290662	RestingHeartRate	myocardium_atrial	2.6669555452940585e-11	3.0570985065019574e-08
AVN__HCAHeartST11290662	RestingHeartRate	node	2.8581026434437717e-11	1.5501837134993838e-09
AVN__HCAHeartST11290662	RestingHeartRate	fibrosis	1.1056080051474737e-08	2.768417526397957e-06
AVN__HCAHeartST11290662	RestingHeartRate	cardiac_skeleton	7.377354338533593e-08	0.0048968673247637
AVN__HCAHeartST11290662	AtrialFibrillation	fibrosis	4.5893144839936895e-10	9.927126098828902e-06
AVN__HCAHeartST11290662	AtrialFibrillation	myocardium_ventricular	1.461139065295214e-07	4.079043345750539e-05
AVN__HCAHeartST11290662	AtrialFibrillation	node	1.2459602906078615e-06	1.1835784834313823e-05
AVN__HCAHeartST11290662	AtrialFibrillation	cardiac_skeleton	3.450182797570811e-06	0.0172537497736711
AVN__HCAHeartST11290662	AtrialFibrillation	myocardium_atrial	1.0760321331626521e-05	0.00015666783195595
SAN__HCAHeartST13233996	HRV_SDNN	adipose_tissue	0.0009724334878984386	0.25513849121315757
SAN__HCAHeartST13233996	HRV_SDNN	fibrosis	0.02599791746812552	0.105214725491683
SAN__HCAHeartST13233996	HRV_SDNN	vessel	0.028791509362986134	0.0855618411870222
SAN__HCAHeartST13233996	HRV_SDNN	node	0.03216426049708376	0.0752612257532325
SAN__HCAHeartST13233996	HRV_SDNN	myocardium_atrial	0.04495197121478289	0.1162940378957805
SAN__HCAHeartST13233996	HRV_RMSSDc	node	0.03908683922633671	0.0923775246948571
SAN__HCAHeartST13233996	HRV_RMSSDc	myocardium_atrial	0.04087995905013375	0.0858897778231651
SAN__HCAHeartST13233996	HRV_RMSSDc	vessel	0.049812257171689356	0.119902956424425
SAN__HCAHeartST13233996	HRV_RMSSDc	adipose_tissue	0.09348971321801658	0.30080763940005445
SAN__HCAHeartST13233996	HRV_RMSSDc	fibrosis	0.13219383002137675	0.2308243745620565
SAN__HCAHeartST13233996	RestingHeartRate	myocardium_atrial	5.793143742494067e-13	6.198766447747611e-11
SAN__HCAHeartST13233996	RestingHeartRate	node	1.9483525903751797e-11	5.3234130692733365e-09
SAN__HCAHeartST13233996	RestingHeartRate	fibrosis	1.0147112150526993e-08	0.0265005473414187
SAN__HCAHeartST13233996	RestingHeartRate	vessel	4.31693760738483e-08	5.95476542952925e-08
SAN__HCAHeartST13233996	RestingHeartRate	adipose_tissue	1.4427855643539544e-07	0.07288229592326706
SAN__HCAHeartST13233996	HRV_SDNNc	adipose_tissue	0.00178235905737123	0.20616712874455934
SAN__HCAHeartST13233996	HRV_SDNNc	fibrosis	0.0032944974946892414	0.0562846413273333
SAN__HCAHeartST13233996	HRV_SDNNc	vessel	0.025382085709006574	0.0552639285194608
SAN__HCAHeartST13233996	HRV_SDNNc	node	0.07988785084973304	0.1472979859345354
SAN__HCAHeartST13233996	HRV_SDNNc	myocardium_atrial	0.09438483566405953	0.2419992495224761
SAN__HCAHeartST13233996	EducationalAttainment	node	4.054311973245017e-05	0.002015149138897
SAN__HCAHeartST13233996	EducationalAttainment	fibrosis	0.00044749350515871367	0.0221675607792571
SAN__HCAHeartST13233996	EducationalAttainment	myocardium_atrial	0.0009724864512021814	0.00935883653115
SAN__HCAHeartST13233996	EducationalAttainment	vessel	0.0101890678558334	0.0276148112177821
SAN__HCAHeartST13233996	EducationalAttainment	adipose_tissue	0.02717335596653847	0.14062097957232256
SAN__HCAHeartST13233996	PRinterval	myocardium_atrial	1.6166956662289067e-11	9.31546393319066e-09
SAN__HCAHeartST13233996	PRinterval	node	1.1468131333458587e-08	2.759286402056692e-06
SAN__HCAHeartST13233996	PRinterval	fibrosis	6.8728613660251625e-06	0.0158005745640693
SAN__HCAHeartST13233996	PRinterval	vessel	9.814955464482189e-06	2.991944861639313e-05
SAN__HCAHeartST13233996	PRinterval	adipose_tissue	3.6987822419787264e-05	0.10630401068969725
SAN__HCAHeartST13233996	HRV_RMSSD	node	0.004700829136633389	0.0219890860663237
SAN__HCAHeartST13233996	HRV_RMSSD	myocardium_atrial	0.005586335779093954	0.0203402333090863
SAN__HCAHeartST13233996	HRV_RMSSD	vessel	0.017555546855981596	0.1002621504338638
SAN__HCAHeartST13233996	HRV_RMSSD	adipose_tissue	0.05598059080550133	0.2515410363403555
SAN__HCAHeartST13233996	HRV_RMSSD	fibrosis	0.10279550297866202	0.2614314031996728
SAN__HCAHeartST13233996	AtrialFibrillation	myocardium_atrial	7.5500974916487e-08	8.026012754203756e-07
SAN__HCAHeartST13233996	AtrialFibrillation	node	1.6331750486431318e-06	2.714201515446671e-05
SAN__HCAHeartST13233996	AtrialFibrillation	vessel	4.84234324327204e-06	1.612986083367134e-05
SAN__HCAHeartST13233996	AtrialFibrillation	fibrosis	0.0002582228351757365	0.0218596725705676
SAN__HCAHeartST13233996	AtrialFibrillation	adipose_tissue	0.0008842689633394851	0.1202402433352978
AVN__HCAHeartST12992075	RestingHeartRate	myocardium_ventricular	5.10658182406587e-12	4.088000994341455e-09
AVN__HCAHeartST12992075	RestingHeartRate	fibrosis	2.626598938348934e-11	0.0005777363673492
AVN__HCAHeartST12992075	RestingHeartRate	AV_bundle	7.338318841476621e-11	2.892673807625404e-07
AVN__HCAHeartST12992075	RestingHeartRate	membraneous_septum	1.4619626442891054e-05	0.010329696823833001
AVN__HCAHeartST12992075	AtrialFibrillation	myocardium_ventricular	9.282132185095548e-08	1.1410275574020787e-05
AVN__HCAHeartST12992075	AtrialFibrillation	fibrosis	9.051461498099656e-07	0.0031322409118263
AVN__HCAHeartST12992075	AtrialFibrillation	AV_bundle	7.925880314063605e-06	0.0001716077441691
AVN__HCAHeartST12992075	AtrialFibrillation	membraneous_septum	0.0005162059578273093	0.015218398655043899
AVN__HCAHeartST12992075	EducationalAttainment	fibrosis	7.093829224324999e-05	0.0188897442503092
AVN__HCAHeartST12992075	EducationalAttainment	AV_bundle	0.00027122875366758503	0.0100538137391707
AVN__HCAHeartST12992075	EducationalAttainment	myocardium_ventricular	0.0016151375151440828	0.0201115200809786
AVN__HCAHeartST12992075	EducationalAttainment	membraneous_septum	0.005582421382432479	0.033511112489696654
AVN__HCAHeartST12992075	PRinterval	myocardium_ventricular	4.049013346829611e-10	2.070406413797057e-07
AVN__HCAHeartST12992075	PRinterval	fibrosis	7.860892048405788e-08	0.0043251779588268
AVN__HCAHeartST12992075	PRinterval	AV_bundle	3.078644207343828e-07	4.529589443183396e-05
AVN__HCAHeartST12992075	PRinterval	membraneous_septum	0.04058789217176961	0.11223619305797855
AVN__HCAHeartST11290659	PRinterval	myocardium_ventricular	1.0963371877004136e-08	3.559672927038164e-06
AVN__HCAHeartST11290659	PRinterval	cardiac_skeleton	6.088580650764897e-08	0.0013667591927967
AVN__HCAHeartST11290659	PRinterval	AV_bundle	1.222057790517539e-07	0.0043471511388906
AVN__HCAHeartST11290659	PRinterval	fibrosis	6.340317489916814e-07	6.631778863076671e-05
AVN__HCAHeartST11290659	RestingHeartRate	fibrosis	2.929290143782737e-11	2.670004504504526e-07
AVN__HCAHeartST11290659	RestingHeartRate	myocardium_ventricular	4.848765833287416e-11	2.182578645197297e-07
AVN__HCAHeartST11290659	RestingHeartRate	cardiac_skeleton	2.7505209221345694e-10	0.0001668974715314
AVN__HCAHeartST11290659	RestingHeartRate	AV_bundle	2.4754510663527185e-09	8.906952983766915e-05
AVN__HCAHeartST11290659	EducationalAttainment	myocardium_ventricular	2.6641830839224667e-05	0.00576784856806765
AVN__HCAHeartST11290659	EducationalAttainment	fibrosis	0.0001890955857701826	0.0030451449660877
AVN__HCAHeartST11290659	EducationalAttainment	cardiac_skeleton	0.0004589347861574389	0.0195643222511668
AVN__HCAHeartST11290659	EducationalAttainment	AV_bundle	0.0031228903115563256	0.0567813644578122
AVN__HCAHeartST11290659	AtrialFibrillation	myocardium_ventricular	2.6830605481809044e-07	7.469460173020943e-05
AVN__HCAHeartST11290659	AtrialFibrillation	fibrosis	1.0756776723797046e-06	0.0002226342975552
AVN__HCAHeartST11290659	AtrialFibrillation	AV_bundle	3.4330802666238114e-06	0.0014947238702828
AVN__HCAHeartST11290659	AtrialFibrillation	cardiac_skeleton	2.2852343165569167e-05	0.0035840081480499
AVN__HCAHeartST11290658	PRinterval	myocardium_ventricular	1.948964989395563e-09	4.065523313835295e-06
AVN__HCAHeartST11290658	PRinterval	AV_bundle	4.7202343145258396e-08	2.595885689221308e-06
AVN__HCAHeartST11290658	PRinterval	cardiac_skeleton	1.5258411212304424e-07	0.0037046073696912
AVN__HCAHeartST11290658	PRinterval	myocardium_atrial	2.4424883993123814e-07	8.239850949289781e-07
AVN__HCAHeartST11290658	RestingHeartRate	cardiac_skeleton	8.50152170883689e-11	4.74925704622925e-05
AVN__HCAHeartST11290658	RestingHeartRate	myocardium_ventricular	1.393405391070246e-10	1.362421118431151e-07
AVN__HCAHeartST11290658	RestingHeartRate	AV_bundle	5.935513525123781e-09	3.621595263801332e-07
AVN__HCAHeartST11290658	RestingHeartRate	myocardium_atrial	6.547711484117258e-09	3.01259361567773e-08
AVN__HCAHeartST11290658	EducationalAttainment	cardiac_skeleton	5.236174237566171e-05	0.00193000462209675
AVN__HCAHeartST11290658	EducationalAttainment	myocardium_ventricular	0.00019379310804501504	0.007850029402766
AVN__HCAHeartST11290658	EducationalAttainment	myocardium_atrial	0.0013078890432743906	0.0053744911251893
AVN__HCAHeartST11290658	EducationalAttainment	AV_bundle	0.004247936778311701	0.0164719479147426
AVN__HCAHeartST11290658	AtrialFibrillation	myocardium_atrial	1.6634323276587537e-06	4.182853908459636e-06
AVN__HCAHeartST11290658	AtrialFibrillation	cardiac_skeleton	2.7292306514770104e-06	0.0022400232748055
AVN__HCAHeartST11290658	AtrialFibrillation	myocardium_ventricular	2.7941419246113597e-06	0.0001017686101194
AVN__HCAHeartST11290658	AtrialFibrillation	AV_bundle	8.98850835673315e-06	0.0001112065286786
SAN__HCAHeartST13233999	HRV_RMSSDc	myocardium_atrial	0.027296582845426354	0.07420569294336779
SAN__HCAHeartST13233999	HRV_RMSSDc	node	0.03458825043448033	0.097067183420163
SAN__HCAHeartST13233999	HRV_RMSSDc	vessel	0.06586092968110624	0.1469696432129143
SAN__HCAHeartST13233999	HRV_RMSSDc	adipose_tissue	0.09947463438391335	0.30693701085672614
SAN__HCAHeartST13233999	HRV_RMSSDc	fibrosis	0.2592630504852488	0.3074080623820138
SAN__HCAHeartST13233999	AtrialFibrillation	myocardium_atrial	2.2842920444077208e-08	3.3860410547653024e-07
SAN__HCAHeartST13233999	AtrialFibrillation	node	1.996877535548336e-07	1.4549350206338934e-06
SAN__HCAHeartST13233999	AtrialFibrillation	vessel	2.4496219619418724e-07	0.0001876369640012
SAN__HCAHeartST13233999	AtrialFibrillation	fibrosis	0.009760768524906815	0.1275131059108275
SAN__HCAHeartST13233999	AtrialFibrillation	adipose_tissue	0.010220206342145155	0.13691199917722055
SAN__HCAHeartST13233999	HRV_SDNNc	vessel	0.012877710840900725	0.0549054718917093
SAN__HCAHeartST13233999	HRV_SDNNc	fibrosis	0.018734933409077947	0.1357263459306509
SAN__HCAHeartST13233999	HRV_SDNNc	adipose_tissue	0.02320897483872575	0.10410140315268829
SAN__HCAHeartST13233999	HRV_SDNNc	node	0.035217802234462914	0.1085566019568331
SAN__HCAHeartST13233999	HRV_SDNNc	myocardium_atrial	0.22884054381444185	0.2830210134530491
SAN__HCAHeartST13233999	PRinterval	myocardium_atrial	9.360401342917157e-12	4.790924310137999e-10
SAN__HCAHeartST13233999	PRinterval	node	6.839071531317131e-10	7.184787121906509e-08
SAN__HCAHeartST13233999	PRinterval	vessel	1.637536627407954e-07	0.0003272315737412
SAN__HCAHeartST13233999	PRinterval	adipose_tissue	0.0012396675462906792	0.24836993412792818
SAN__HCAHeartST13233999	PRinterval	fibrosis	0.9958755396521947	0.1822870985134692
SAN__HCAHeartST13233999	HRV_RMSSD	myocardium_atrial	0.00275531893508707	0.01452276685282815
SAN__HCAHeartST13233999	HRV_RMSSD	node	0.009338057493760932	0.0322464187099847
SAN__HCAHeartST13233999	HRV_RMSSD	vessel	0.03343628384882957	0.1173802691648148
SAN__HCAHeartST13233999	HRV_RMSSD	fibrosis	0.13379307056060208	0.269849277399821
SAN__HCAHeartST13233999	HRV_RMSSD	adipose_tissue	0.15504182272575162	0.3270434128802746
SAN__HCAHeartST13233999	RestingHeartRate	myocardium_atrial	2.120525977034049e-14	4.113664073370989e-12
SAN__HCAHeartST13233999	RestingHeartRate	node	1.0708101072509635e-12	1.0102375041563279e-10
SAN__HCAHeartST13233999	RestingHeartRate	vessel	1.801708782167566e-09	8.208019718898697e-07
SAN__HCAHeartST13233999	RestingHeartRate	fibrosis	2.8801401703804075e-05	0.0933734392011318
SAN__HCAHeartST13233999	RestingHeartRate	adipose_tissue	0.008555196326184067	0.3160920020050275
SAN__HCAHeartST13233999	HRV_SDNN	vessel	0.017360820239477603	0.070735624949609
SAN__HCAHeartST13233999	HRV_SDNN	node	0.030986777356807216	0.0738486641866243
SAN__HCAHeartST13233999	HRV_SDNN	adipose_tissue	0.031827159686819706	0.14429124978934627
SAN__HCAHeartST13233999	HRV_SDNN	fibrosis	0.03311502031360469	0.1457623020331414
SAN__HCAHeartST13233999	HRV_SDNN	myocardium_atrial	0.08439933980897862	0.16058670094334576
SAN__HCAHeartST13233999	EducationalAttainment	node	5.627292906762449e-06	0.0017506848353913
SAN__HCAHeartST13233999	EducationalAttainment	myocardium_atrial	4.08553243788079e-05	0.004548172659105
SAN__HCAHeartST13233999	EducationalAttainment	vessel	0.0009404680957407763	0.0136667318211969
SAN__HCAHeartST13233999	EducationalAttainment	fibrosis	0.0017727282735012784	0.0757840976498562
SAN__HCAHeartST13233999	EducationalAttainment	adipose_tissue	0.0516264072649959	0.1995160811643279
