section	region	trait	n	total_umi	n_genes	mito_frac
AVN__HCAHeartST11290657	AVN	AtrialFibrillation	2060	0.5487925019282811	0.5741554181040769	-0.044832228555893854
AVN__HCAHeartST11290657	AVN	EducationalAttainment	2060	0.09144411046369133	0.08561251291393476	0.04856938998553578
AVN__HCAHeartST11290657	AVN	PRinterval	2060	0.7220782392150642	0.7083429783659612	0.14376435804112522
AVN__HCAHeartST11290657	AVN	RestingHeartRate	2060	0.6677342226297485	0.6670621175454681	0.11182229095043333
AVN__HCAHeartST11290658	AVN	AtrialFibrillation	2693	0.5779796999903998	0.5665732907711104	0.2304518453720231
AVN__HCAHeartST11290658	AVN	EducationalAttainment	2693	-0.21994824562114032	-0.1929801910614837	-0.17695946904649473
AVN__HCAHeartST11290658	AVN	PRinterval	2693	0.7491437924361791	0.7218515832026537	0.32179971749028297
AVN__HCAHeartST11290658	AVN	RestingHeartRate	2693	0.7296015890526962	0.7125670368849142	0.28782371418148267
AVN__HCAHeartST11290659	AVN	AtrialFibrillation	2333	0.602209304777451	0.5851142943173679	0.27984853153266503
AVN__HCAHeartST11290659	AVN	EducationalAttainment	2333	0.2401290850832448	0.23993380687167853	0.09199145151322272
AVN__HCAHeartST11290659	AVN	PRinterval	2333	0.6770829005081336	0.6762721540545098	0.19340402813530133
AVN__HCAHeartST11290659	AVN	RestingHeartRate	2333	0.6952072724078768	0.6940558450028862	0.21536464359732418
AVN__HCAHeartST11290662	AVN	AtrialFibrillation	3137	0.5873972486818422	0.6154910640342108	-0.09636760432235972
AVN__HCAHeartST11290662	AVN	EducationalAttainment	3137	0.3272816716943405	0.3093812961696771	0.05643458807798642
AVN__HCAHeartST11290662	AVN	PRinterval	3137	0.7214646239889067	0.7197413811827912	0.020476725990316837
AVN__HCAHeartST11290662	AVN	RestingHeartRate	3137	0.7786629305167961	0.7883186419347659	0.0008073441640536961
AVN__HCAHeartST11350377	AVN	AtrialFibrillation	2789	0.6773683841893561	0.6675276998177991	0.3603379832410876
AVN__HCAHeartST11350377	AVN	EducationalAttainment	2789	0.13869717785287308	0.1414999108523967	0.11947392292371939
AVN__HCAHeartST11350377	AVN	PRinterval	2789	0.7888764944706381	0.7630135448283922	0.4668071672839712
AVN__HCAHeartST11350377	AVN	RestingHeartRate	2789	0.6935134127283199	0.6970244698038781	0.3128076772931508
AVN__HCAHeartST12992074	AVN	AtrialFibrillation	4476	0.6913903813845957	0.6775871730186391	0.2509870825587722
AVN__HCAHeartST12992074	AVN	EducationalAttainment	4476	0.18271574931262402	0.21650665078879833	-0.04643981973532311
AVN__HCAHeartST12992074	AVN	PRinterval	4476	0.7832123059549753	0.7589821253818874	0.3282614252434176
AVN__HCAHeartST12992074	AVN	RestingHeartRate	4476	0.7973283887156157	0.8049066302485759	0.19736193963998358
AVN__HCAHeartST12992075	AVN	AtrialFibrillation	3478	0.6237639256569625	0.5820132331572576	0.3896543929525676
AVN__HCAHeartST12992075	AVN	EducationalAttainment	3478	0.1295269646829469	0.16221109321213395	-0.08876112416834407
AVN__HCAHeartST12992075	AVN	PRinterval	3478	0.7099599521293168	0.6569574642196263	0.47217556698947966
AVN__HCAHeartST12992075	AVN	RestingHeartRate	3478	0.6967170418301187	0.669253533915399	0.35367965376161054
AVN__HCAHeartST13228103	AVN	AtrialFibrillation	2942	0.8273547038057907	0.8257805104388872	0.42693219760379525
AVN__HCAHeartST13228103	AVN	EducationalAttainment	2942	0.580268612633145	0.59540403405919	0.22657176422636036
AVN__HCAHeartST13228103	AVN	PRinterval	2942	0.7888955703251065	0.7904690021049297	0.35963422411287327
AVN__HCAHeartST13228103	AVN	RestingHeartRate	2942	0.8470239113159522	0.844286507742507	0.4256081316442929
SAN__HCAHeartST10659160	SAN	AtrialFibrillation	4220	0.4895020318908455	0.49586880823044494	-0.24951836802153868
SAN__HCAHeartST10659160	SAN	EducationalAttainment	4220	0.4601992843062415	0.5746522881824857	-0.5349092089976089
SAN__HCAHeartST10659160	SAN	HRV_RMSSD	4220	0.3773659910674978	0.4196823347933536	-0.29745301828056303
SAN__HCAHeartST10659160	SAN	HRV_RMSSDc	4220	0.37454454987858	0.4447663723654478	-0.3733636238345465
SAN__HCAHeartST10659160	SAN	HRV_SDNN	4220	0.3230322481428939	0.3965066696541075	-0.3492558225204519
SAN__HCAHeartST10659160	SAN	HRV_SDNNc	4220	0.31307984849341547	0.407056145453682	-0.4045544792280723
SAN__HCAHeartST10659160	SAN	PRinterval	4220	0.5525333698539208	0.5380812578219896	-0.24239012902139898
SAN__HCAHeartST10659160	SAN	RestingHeartRate	4220	0.6494313974334627	0.7093150306195314	-0.4801270519920763
SAN__HCAHeartST12992072	SAN	AtrialFibrillation	3787	0.8193557142777697	0.7938758021567884	0.39428273638553135
SAN__HCAHeartST12992072	SAN	EducationalAttainment	3787	0.4787994801894715	0.48841844075519647	0.07597140634177998
SAN__HCAHeartST12992072	SAN	HRV_RMSSD	3787	0.5458286690547146	0.5381562440385004	0.14632944797190472
SAN__HCAHeartST12992072	SAN	HRV_RMSSDc	3787	0.47787018376967755	0.47517564602852613	0.10195049129177959
SAN__HCAHeartST12992072	SAN	HRV_SDNN	3787	0.2785924323856173	0.3251106915458127	-0.13805080075715673
SAN__HCAHeartST12992072	SAN	HRV_SDNNc	3787	0.18337976774138043	0.24138002919085916	-0.20748189369835487
SAN__HCAHeartST12992072	SAN	PRinterval	3787	0.8548125237101951	0.8133433060052823	0.46672687943455077
SAN__HCAHeartST12992072	SAN	RestingHeartRate	3787	0.8561909892522478	0.8328328505720424	0.4081408544207088
SAN__HCAHeartST13228105	SAN	AtrialFibrillation	2835	0.8217050209727956	0.7886043434554126	0.505877398307394
SAN__HCAHeartST13228105	SAN	EducationalAttainment	2835	0.6634755905363725	0.6531031542025026	0.3494858030034958
SAN__HCAHeartST13228105	SAN	HRV_RMSSD	2835	0.6212894821067523	0.6023921313336335	0.4421901142163518
SAN__HCAHeartST13228105	SAN	HRV_RMSSDc	2835	0.52738428266557	0.5169341151302299	0.3589373833338325
SAN__HCAHeartST13228105	SAN	HRV_SDNN	2835	0.10310162550117183	0.16385522213424245	-0.13077692601966737
SAN__HCAHeartST13228105	SAN	HRV_SDNNc	2835	-0.07544763571958998	-0.009612169650309506	-0.2602337520899091
SAN__HCAHeartST13228105	SAN	PRinterval	2835	0.8260497045238565	0.7737879101822099	0.5841746701000331
SAN__HCAHeartST13228105	SAN	RestingHeartRate	2835	0.8398108848761098	0.8059832734408126	0.5380600385354002
SAN__HCAHeartST13228106	SAN	AtrialFibrillation	3382	0.6911583255778332	0.6387411187197611	0.445091826682209
SAN__HCAHeartST13228106	SAN	EducationalAttainment	3382	0.3115253296987524	0.3253037476966571	0.06668350593672392
SAN__HCAHeartST13228106	SAN	HRV_RMSSD	3382	0.4477451112945947	0.42904607514207693	0.28222292579972097
SAN__HCAHeartST13228106	SAN	HRV_RMSSDc	3382	0.4460497003303105	0.42061591814845567	0.28600507646484885
SAN__HCAHeartST13228106	SAN	HRV_SDNN	3382	0.0409761915521083	0.09863951700778799	-0.1325741950325694
SAN__HCAHeartST13228106	SAN	HRV_SDNNc	3382	-0.0068310624747805705	0.05232869184133228	-0.176543112522306
SAN__HCAHeartST13228106	SAN	PRinterval	3382	0.7879375038071856	0.6987712346516113	0.5885585947374775
SAN__HCAHeartST13228106	SAN	RestingHeartRate	3382	0.7326022324121845	0.7080654505016386	0.3999347509487577
SAN__HCAHeartST13233996	SAN	AtrialFibrillation	3044	0.773844990091936	0.8383919337995714	0.12301744909579115
SAN__HCAHeartST13233996	SAN	EducationalAttainment	3044	0.5247734354353423	0.5940335666494571	-0.08642851951780953
SAN__HCAHeartST13233996	SAN	HRV_RMSSD	3044	0.5688831785016971	0.5930739837789376	0.060022154510857864
SAN__HCAHeartST13233996	SAN	HRV_RMSSDc	3044	0.3935430626300853	0.405390306552851	0.01091428841583123
SAN__HCAHeartST13233996	SAN	HRV_SDNN	3044	0.2548734278714776	0.27194028889625943	-0.11374952467936787
SAN__HCAHeartST13233996	SAN	HRV_SDNNc	3044	-0.022568395460707987	-0.020551855028855284	-0.18270315025120876
SAN__HCAHeartST13233996	SAN	PRinterval	3044	0.7810648552891766	0.8401225052547932	0.15341123328277564
SAN__HCAHeartST13233996	SAN	RestingHeartRate	3044	0.7910181591451378	0.8565336870169472	0.14385711112484265
SAN__HCAHeartST13233997	SAN	AtrialFibrillation	3400	0.7938672346210117	0.7854589617606862	0.49464744474900263
SAN__HCAHeartST13233997	SAN	EducationalAttainment	3400	0.5345743112559865	0.560770682733376	0.2029913598691916
SAN__HCAHeartST13233997	SAN	HRV_RMSSD	3400	0.6030278509555932	0.5714049950964835	0.3334341050736574
SAN__HCAHeartST13233997	SAN	HRV_RMSSDc	3400	0.4070164637754696	0.3746842715178751	0.1475908770477406
SAN__HCAHeartST13233997	SAN	HRV_SDNN	3400	0.17312390575488132	0.1760861422336307	-0.1539353913039684
SAN__HCAHeartST13233997	SAN	HRV_SDNNc	3400	-0.09859976971848139	-0.08442300981271142	-0.36650202737328774
SAN__HCAHeartST13233997	SAN	PRinterval	3400	0.7910335855827069	0.7838022587011994	0.5382565707018732
SAN__HCAHeartST13233997	SAN	RestingHeartRate	3400	0.8179979472870361	0.8182347997529978	0.5320264954988465
SAN__HCAHeartST13233998	SAN	AtrialFibrillation	3439	0.7554941954616372	0.7354297636356446	0.5562041441580838
SAN__HCAHeartST13233998	SAN	EducationalAttainment	3439	0.6020598573598691	0.6024129730846982	0.38485753177388404
SAN__HCAHeartST13233998	SAN	HRV_RMSSD	3439	0.6141612549872111	0.6007622559681416	0.45746575781565485
SAN__HCAHeartST13233998	SAN	HRV_RMSSDc	3439	0.47526851404831044	0.46674090841575466	0.33072664460060225
SAN__HCAHeartST13233998	SAN	HRV_SDNN	3439	0.17918095316614374	0.20479886250630314	-0.007708325367628024
SAN__HCAHeartST13233998	SAN	HRV_SDNNc	3439	-0.027819253582696435	0.0036921442663122956	-0.1875742595509734
SAN__HCAHeartST13233998	SAN	PRinterval	3439	0.7696709753562878	0.7394752196541199	0.59550706690701
SAN__HCAHeartST13233998	SAN	RestingHeartRate	3439	0.8001215679365239	0.7821321582966408	0.605876443472075
SAN__HCAHeartST13233999	SAN	AtrialFibrillation	2871	0.7578495425696149	0.7428974724923174	0.5773375481633869
SAN__HCAHeartST13233999	SAN	EducationalAttainment	2871	0.5794266776866693	0.5817796613976427	0.36993812568217066
SAN__HCAHeartST13233999	SAN	HRV_RMSSD	2871	0.6416831005091045	0.612945158875371	0.4805853977119054
SAN__HCAHeartST13233999	SAN	HRV_RMSSDc	2871	0.5043006622786078	0.480422003615763	0.33486515540313905
SAN__HCAHeartST13233999	SAN	HRV_SDNN	2871	0.15966928556994048	0.17246621043095814	-0.05630243097024817
SAN__HCAHeartST13233999	SAN	HRV_SDNNc	2871	-0.056722021818655745	-0.026088239755332192	-0.2717765064179679
SAN__HCAHeartST13233999	SAN	PRinterval	2871	0.7731285429971573	0.7509481189891349	0.6086977849121812
SAN__HCAHeartST13233999	SAN	RestingHeartRate	2871	0.7853187425251772	0.7689916819206504	0.5938765782105312
