spec	exposure	outcome	n_iv	F_mean	F_min	I2_gx	steiger_z_bound	steiger_null_cut	ivw	ivw_se	ivw_p	Q	Q_df	Q_over_df	Q_p	wmedian	wmedian_se	wmedian_p	wmode	wmode_se	wmode_p	raps	raps_se	raps_p	egger	egger_intercept_p	mde_80	global_p	n_outliers	beta_outlier_corrected	distortion_p
primary	EducationalAttainment	HRV_RMSSD	116	46.094674987681884	29.8057034916	0.4417878216479636	1.3888645995520263	0.16487392700708892	0.23690398092659487	0.06956480749686726	0.0006603943583885156	147.17442521636582	115	1.2797776105770942	0.023086865889503587	0.23255391673984094	0.09208207138743967	0.011553147671072775	0.23774788232929112	0.27200912645952013	0.38209441772570707	0.2369039464007946	0.06925991408577074	0.0006250477447230802			0.19492059060622208	0.025974025974025976	0	0.23690398092659487	
primary	EducationalAttainment	HRV_SDNN	116	46.094674987681884	29.8057034916	0.4417878216479636	1.3888645995520263	0.16487392700708892	0.16849477467059343	0.07063910686816534	0.01706564980565227	151.75519676762246	115	1.3196104066749779	0.012294807404376417	0.08619112605266127	0.09783666515545054	0.37833428373224987	0.01650746105105716	0.25495713628535843	0.9483762172384805	0.1684947614150204	0.0703316717265403	0.016587905111962023			0.19793077744459928	0.012987012987012988	0	0.16849477467059346	
primary	EducationalAttainment	RestingHeartRate	66	44.46403694286516	29.8057034916	0.4304488553669708	4.34212922480668	1.4110849179564039e-05	-0.07036194959005355	0.055310009555771096	0.2033241902751095	287.5002621348031	65	4.423080955920048	9.445644737917187e-30	-0.1366951142324726	0.04666593163190329	0.003398059910940661	-0.12200029145807512	0.08548446618125174	0.15353283494574535	-0.0703619566966657	0.054888594936501764	0.19987602232691593			0.15497864677527062	0.000999000999000999	0	-0.07036194959005355	
primary	Intelligence	HRV_RMSSD	162	43.0072002654321	29.724304	0.20085505690058228	2.517612924775126	0.01181530877554089	0.06830290063981286	0.030541916744255118	0.02532781397926437	178.64472725429297	161	1.109594579219211	0.16198053877633514	0.01142891718022139	0.040991860300618604	0.7803910776896387	-0.07962055899789044	0.12448312895919626	0.5224266764653117	0.06830290441928388	0.03044696907695386	0.02487489609934114			0.08557845071740285	0.15284715284715283	0	0.06830290063981286	
primary	Intelligence	HRV_SDNN	162	43.0072002654321	29.724304	0.20085505690058228	2.517612924775126	0.01181530877554089	0.054694311634452916	0.029531102529911295	0.06401264767313476	167.01556513022808	161	1.0373637585728452	0.35636333739093373	0.04054945160238346	0.04202319058411975	0.334579703440541	0.0025055831957414565	0.11627253345718243	0.9828075352463818	0.05469431777789993	0.0294394466901845	0.06318915201988679			0.08274614928881145	0.36563436563436563	0	0.054694311634452916	
primary	Intelligence	RestingHeartRate	90	42.13177492222222	29.724304	0.10764349080886675	7.852744668813223	4.0702978780562786e-15	-0.018511520530580052	0.025928869024631117	0.47526753043639003	385.8717559152477	89	4.3356377069128955	1.358207214464925e-38	-0.014638011647569928	0.021920736564127696	0.5042803786147301	-0.015488393782381649	0.06296930989379047	0.8057075132810555	-0.01851152057285594	0.02578433146504996	0.472796252491788			0.07265269100701639	0.000999000999000999	0	-0.01851152053058005	
primary	ReactionTime	HRV_RMSSD	73	40.54164689062466	29.715145345599996	0.0	1.9670294680546492	0.04917981360924647	0.004505911799522362	0.07618495804590963	0.9528371135944228	131.81909659027943	72	1.8308207859761032	2.1863876035540263e-05	-0.045538506165818254	0.08942297988158794	0.6105781469962295	-0.12339937304551807	0.22329921015593934	0.5805243692631464	0.0045059284487224335	0.07566090963432978	0.9525106597992613			0.2134702524446388	0.000999000999000999	0	0.004505911799522362	
primary	ReactionTime	HRV_SDNN	73	40.54164689062466	29.715145345599996	0.0	1.9670294680546492	0.04917981360924647	0.022094039099722046	0.07068644128900438	0.7546119080843423	113.47811178501853	72	1.5760848859030352	0.0013207517206957336	0.04592363630658501	0.08764129660777746	0.6002817390403616	0.24130512705453855	0.2099268711030055	0.25036127510823936	0.022094045875387172	0.07020043235196402	0.7529681374544148			0.19806340849179027	0.002997002997002997	0	0.022094039099722074	
primary	ReactionTime	RestingHeartRate	45	41.80998291980445	30.0943307889	0.13183872572835284	6.151052516284805	7.697042500207752e-10	-0.043283923350841184	0.05014159333325032	0.3880088764778763	220.97470987789032	44	5.02215249722478	2.0305566578036656e-25	-0.07857669352453066	0.038489872027564286	0.04120213477090206	-0.0713633308969589	0.08868076189325055	0.42098031113971335	-0.043283916999057925	0.049580780559608344	0.38266422575760983			0.1404967445197674	0.000999000999000999	6	-0.09524491128861778	0.1158456678321931
primary	HRV_RMSSD	EducationalAttainment	14	65.96229406805713	30.00191076	0.857122937059409	27.990601124284577	2.1145201211058527e-172	-0.0009039698006811644	0.009174713476335973	0.9215127250711423	20.43175035247842	13	1.5716731040368015	0.08495525795904824	-0.006770682059599525	0.009892293845725313	0.4936973354973462	-0.019650480624093566	0.014703946191264625	0.18141574622999024	-0.0009039705260398176	0.008840973444809833	0.9185599479929735			0.025707547160693397	0.07992007992007992	1	-0.00593229022405783	0.6306168059340226
primary	HRV_SDNN	EducationalAttainment	7	69.64138138824286	34.945241102500006	0.7114023512581091	37.97793818865649	0.0	-0.007562835298793338	0.011281917700631066	0.5026346004708825	7.527242987724563	6	1.2545404979540937	0.27482315844324556	-0.010624117041206745	0.013078659928489007	0.4166054052510352	-0.02454815326426961	0.020319898234050216	0.2270147769258315	-0.007562835715300909	0.010444864813793288	0.46902144180530925			0.031611933397168245		0		
primary	RestingHeartRate	EducationalAttainment	276	82.27217172274494	29.7140551236	0.9289030653374721	9.969171282132267	2.0795670614861903e-23	-0.01123477768959516	0.007090200400374141	0.11306859216663578	637.1580327040517	275	2.3169383007420064	8.74799957477576e-31	-0.014680386791096248	0.00793693880306252	0.0643671380324475	-0.01831789807327644	0.011843808610913992	0.12195435816471101	-0.011234777486623757	0.007077333195316048	0.11241508288612007	-0.0008113056396095723	0.5057546754320189	0.019866741521848343	0.000999000999000999	0	-0.011234777689595158	
primary	HRV_RMSSD	Intelligence	13	68.69169238295385	30.00191076	0.8601734159360643	15.127580918103922	1.065403381589034e-51	-0.022899465334265432	0.01382719211574407	0.09769787236658703	6.349962312043717	12	0.529163526003643	0.8974234107939947	-0.026195808809564444	0.018051168064421527	0.14672489069593503	-0.029340889524453462	0.023738763692571607	0.21646204610475894	-0.022729714085933054	0.013796072254963026	0.09944511872556311			0.03874379230831488	0.9040959040959041	0	-0.02289946533426543	
primary	HRV_SDNN	Intelligence	5	79.55080000574	34.945241102500006	0.717627439315174	22.019416831104643	1.876631123485529e-107	-0.029195933857844695	0.020718127596323622	0.15877677330639062	1.276342372743418	4	0.3190855931858545	0.8653764217835874	-0.024409612426512458	0.024554560488231448	0.32017569514401545	-0.02253073343684936	0.0331349865173269	0.49652466718478017	-0.02892470935995728	0.020670878099058057	0.16172376997946136			0.058052193524898786		0		
primary	RestingHeartRate	Intelligence	274	81.8760269479376	29.7140551236	0.928735881703585	5.356621610856108	8.479243621247205e-08	0.002080883482401952	0.015041583442945906	0.8899700942287687	814.7483934886134	273	2.9844263497751404	2.5846139489441978e-55	-0.00720780138343418	0.015737848355315054	0.6469585202437309	-0.006907093910089257	0.026926097202270325	0.7975490107187816	0.0020808822999878614	0.015014098849793489	0.8897700224904227	-0.006790238753485741	0.7893338554555103	0.04214651680713443	0.000999000999000999	0	0.002080883482401954	
primary	HRV_RMSSD	ReactionTime	13	68.69169238295385	30.00191076	0.8601734159360643	19.14633727010015	1.0383830822509065e-81	-0.004002954534025003	0.012132555773620842	0.7414490926238066	14.799610492009156	12	1.2333008743340963	0.2525785854650346	-0.0014422079468898194	0.01602642793162704	0.9282956722816706	-0.007355971601562622	0.024161543211641084	0.7607854024784827	-0.004002955351031368	0.011656560011043749	0.7312915812510872			0.0339954212776856	0.23276723276723277	0	-0.0040029545340250034	
primary	HRV_SDNN	ReactionTime	6	74.83605108026667	34.945241102500006	0.6931874426796601	26.870017778468576	4.923006195665482e-159	-0.006907154553082689	0.021100371917731595	0.743405049835094	9.378410017030937	5	1.8756820034061874	0.0948897287790506	-0.0009218683126706656	0.020292143419156992	0.9637647169269974	-0.004944533914717053	0.027480029435137145	0.857206031131081	-0.006907155642419095	0.019261842153241025	0.7198998219368944			0.05912324211348393		0		
primary	RestingHeartRate	ReactionTime	261	82.9044921175111	29.765426292900003	0.931334202942075	6.775208601807098	1.2422688686439835e-11	0.015371015782332664	0.010988362293664086	0.16185946508421134	639.8184021785919	260	2.4608400083791997	5.49021356718391e-34	0.009723239752091516	0.01285544985945352	0.4494384332734971	0.016166562045519695	0.017731468273731905	0.36190342941651743	0.015371011647066902	0.010967277750498173	0.1610544751504166	0.002681539770696764	0.5953396028243476	0.03078939114684677	0.000999000999000999	0	0.015371015782332664	
primary	EducationalAttainment	AtrialFibrillation	99	46.790158950144445	29.9886569161	0.4737834488354606	9.939848825734083	2.792506013567175e-23	-0.02204682480319828	0.016247167561325743	0.17479258456230384	300.8967379874191	98	3.070374877422644	1.765016235927054e-22	-0.017166672118915136	0.015176996226496991	0.2580137894075548	-0.015784696735416603	0.0319348912981642	0.6211102462506176	-0.02204682671258837	0.016164762822715614	0.17260475230947636			0.04552456350683473	0.000999000999000999	0	-0.02204682480319828	
primary	EducationalAttainment	QTinterval	116	46.094674987681884	29.8057034916	0.4417878216479636	2.2182234886353687	0.026539597966145308	0.12232751159846095	0.05196193151227518	0.018563838900805905	209.46647675886592	115	1.8214476239901385	1.7699615870327102e-07	0.0625388724076146	0.05995912766649935	0.29693668901128156	-0.09537491694746758	0.15348951999555682	0.5343513465581418	0.1223275115649829	0.051735894715440336	0.018056322512466562			0.14559733209739506	0.000999000999000999	0	0.12232751159846095	
primary	Intelligence	AtrialFibrillation	125	43.146306687999996	29.724304	0.22564050123785592	17.92389193484601	7.676478403866957e-72	-0.001020641264409616	0.008265029279243023	0.9017197824385607	395.9856640089232	124	3.1934327742655095	3.643253178835808e-30	-0.012046862886940922	0.007591492124576797	0.11253756167804907	-0.01510868005513194	0.01936701407153282	0.43531766101806146	-0.0010206427333668499	0.008231901521128725	0.9013261491342612			0.02315861204043895	0.000999000999000999	0	-0.0010206412644096167	
primary	Intelligence	QTinterval	162	43.0072002654321	29.724304	0.20085505690058228	4.021002570610179	5.795097253595892e-05	0.019488485266175474	0.024346004944500163	0.4234328601909668	289.5635009714997	161	1.7985310619347807	2.161236598357547e-09	0.0055556447533969796	0.029201391256527067	0.8491110837287072	-0.042134253226705054	0.07415591010212357	0.5699095621732457	0.0194884836994779	0.02427067441325027	0.42199540229565147			0.06821750585448946	0.000999000999000999	0	0.019488485266175467	
primary	ReactionTime	AtrialFibrillation	60	41.27838069948	29.799698388100005	0.0	14.108325805378687	3.3749543855913487e-45	-0.03383946881186307	0.016365905734925506	0.03867004996648484	211.78193428816758	59	3.589524309968942	4.378485686040431e-19	-0.03670779166128268	0.014142808733449135	0.009445084556768396	-0.04624331325333475	0.03359993666989693	0.16873134804406276	-0.03383946603199824	0.01622825668569517	0.037049443580669375			0.04585726786926127	0.000999000999000999	0	-0.03383946881186306	
primary	ReactionTime	QTinterval	73	40.54164689062466	29.715145345599996	0.0	3.1416388395845996	0.0016800513269969249	0.1525910201139877	0.051346046875272444	0.002960437372863488	152.73714694353816	72	2.1213492631046966	9.537856203201632e-08	0.07186604083579748	0.056299564771496925	0.20178104557697052	0.020371185514910684	0.12149941313437831	0.8668469202818755	0.1525910124086343	0.05098923583809532	0.002766009169751066			0.1438716233445134	0.000999000999000999	0	0.15259102011398767	
primary	HRV_RMSSD	RheumatoidArthritis	14	65.96229406805713	30.00191076	0.857122937059409	14.500161889010583	1.208645042124745e-47	0.0006062470159904829	0.014178898263563305	0.9658952493546399	13.09564147943047	13	1.0073570368792668	0.44045149910637177	-0.028201923538362168	0.01959175939361222	0.150014894408978	-0.03286854506555101	0.02901201905556476	0.257244253904923	0.0006056539288769407	0.014120127249027836	0.9657868677172488			0.03972927293450438	0.42357642357642356	0	0.0006062470159904808	
primary	HRV_SDNN	RheumatoidArthritis	7	69.64138138824286	34.945241102500006	0.7114023512581091	19.673970183819396	3.6042428810832545e-86	-0.008482482168387585	0.019443746893273762	0.6626498479663057	5.457483311401312	6	0.9095805519002186	0.4866102473779458	-0.03409409337092766	0.02537965352589637	0.17915438664805605	-0.04043750491253256	0.03714346484157714	0.2762931525824974	-0.008455689459356496	0.01941667242328054	0.6632096818908952			0.05448137879495308		0		
primary	RestingHeartRate	RheumatoidArthritis	277	82.1434657890343	29.7140551236	0.9286823041018708	5.159058050747097	2.481953541028679e-07	-0.013475474432400002	0.010764736917637126	0.21063676544603605	396.39244654864393	276	1.4362045164805939	2.6458081302527057e-06	-0.00951192770771429	0.01463349446920098	0.5156853221951101	-0.0045142930480404075	0.02303246245399913	0.8446125309529071	-0.013475473181278397	0.010745276161095932	0.209811669016432	-0.016449353678432435	0.9006497126808002	0.030162792843219228	0.000999000999000999	0	-0.013475474432399999	
primary	EducationalAttainment	RheumatoidArthritis	116	46.094674987681884	29.8057034916	0.4417878216479636	3.235170999168705	0.001215698992799037	-0.19401978501833933	0.03228817959616697	1.866670669373903e-09	172.03426577984763	115	1.4959501372160664	0.00045653292253062085	-0.15864344578715545	0.0417295795101179	0.00014370523107221366	-0.03402534074769825	0.12704567178652254	0.7888380634099791	-0.19401979189554963	0.03214389409983087	1.5800417233860945e-09			0.09047147922845986	0.000999000999000999	0	-0.19401978501833933	
primary	Intelligence	RheumatoidArthritis	162	43.0072002654321	29.724304	0.20085505690058228	5.8644365505405665	4.506603803138602e-09	-0.05540401333886875	0.016167986912047645	0.000610800509039822	271.63403641120806	161	1.6871679280199259	1.135312199830495e-07	-0.04903557358003478	0.019325912365754514	0.011171223286241653	-0.06816149025221974	0.05468042963178189	0.21256522402586175	-0.05540401364226196	0.016117372649612705	0.0005870373958816948			0.045302699327557504	0.000999000999000999	0	-0.05540401333886875	
primary	ReactionTime	RheumatoidArthritis	73	40.54164689062466	29.715145345599996	0.0	4.581927346706964	4.60709969271947e-06	-0.04393979480814372	0.034108025894513665	0.19765762109319518	143.35990294482852	72	1.9911097631226182	1.1892605382320913e-06	-0.04281754657463677	0.03973358544912566	0.281205168371226	-0.07177041779341864	0.08907345434294985	0.4203903673396473	-0.0439397925170258	0.03387310246206557	0.19456640216722865			0.0955706885564273	0.000999000999000999	0	-0.04393979480814372	
sensitivity	EducationalAttainment	HRV_RMSSD	139	44.53108981122301	29.752115702500003	0.3671380661624691	1.3714311247801452	0.17024060041756606	0.21366345628961572	0.0694631559570138	0.0020985064029743453	203.8509870574825	138	1.4771810656339313	0.00022863169982569381	0.20046717954074936	0.08756395918093414	0.022057281381420126	0.15218768665791016	0.2463730594386297	0.5367649558554464	0.2136634577427175	0.06921011041821842	0.002020712001271208			0.19463576299155266	0.000999000999000999	0	0.21366345628961572	
sensitivity	EducationalAttainment	HRV_SDNN	139	44.53108981122301	29.752115702500003	0.3671380661624691	1.3714311247801452	0.17024060041756606	0.12355902759559029	0.0667005071490666	0.06396193423435136	187.9585425592775	138	1.3620184243425906	0.0030275299341172785	0.07940320273373117	0.09025563352688733	0.3789898988160759	0.004007624797777609	0.2446652699170213	0.9869312102670362	0.1235590330582176	0.06645914525143318	0.06300265342124739			0.18689482103168462	0.002997002997002997	0	0.1235590275955903	
sensitivity	EducationalAttainment	RestingHeartRate	80	43.008152917409994	29.752115702500003	0.3349598559330822	4.300523426402113	1.7039515629070356e-05	-0.06258378865204502	0.05062571622081697	0.2163821881462571	343.2217693401725	79	4.344579358736361	1.2504350806113873e-34	-0.11200294211726089	0.04129892680930965	0.006687735874617577	-0.13282949259364774	0.09123052822762194	0.14539915422067523	-0.06258378845812862	0.050307763519045326	0.21349275462716244			0.14185325685072916	0.000999000999000999	0	-0.06258378865204502	
sensitivity	Intelligence	HRV_RMSSD	216	41.55748116666667	29.713400999999998	0.07611175995674348	2.4835241234795498	0.013008952287512955	0.07057176936620904	0.026649169519792657	0.008092667848509207	234.00457557016892	215	1.0883933747449717	0.1780773741747558	0.05495563053460293	0.039026257025060594	0.15908053868167293	-0.051217538191510315	0.12347866945524066	0.6782967026924093	0.07057177301307226	0.02658685699295885	0.00794529519565118			0.07467097299445903	0.17182817182817184	0	0.07057176936620904	
sensitivity	Intelligence	HRV_SDNN	216	41.55748116666667	29.713400999999998	0.07611175995674348	2.4835241234795498	0.013008952287512955	0.055296548784534286	0.025752394248984126	0.031774248486852986	218.52051499423936	215	1.0163744883452994	0.4203612149663981	0.04783833869150934	0.03664558586927627	0.1917456185278309	0.01394048549525917	0.11364930986610887	0.9023745203168468	0.055296546362632315	0.025692348351301537	0.031377088550479784			0.07215820868565352	0.4245754245754246	0	0.055296548784534286	
sensitivity	Intelligence	RestingHeartRate	130	40.55553921538461	29.713400999999998	0.0	7.78949496086048	6.727756545845435e-15	-0.0012266359840550779	0.020854124908202067	0.9530956174860263	503.0379561546961	129	3.8995190399588844	1.3460486790834558e-45	-0.006911524924260196	0.018540010723906212	0.7093049738593957	-0.013825026043638666	0.05235131481055656	0.7917169378253911	-0.0012266267388232966	0.020773760288198533	0.9529147297376046			0.05843325799278219	0.000999000999000999	0	-0.0012266359840550779	
sensitivity	ReactionTime	HRV_RMSSD	89	39.28587860349213	29.715145345599996	0.0	1.9375493436821694	0.05267822777588498	0.006397271932428212	0.0661628437589635	0.9229727426738008	143.55575189705013	88	1.6313153624664787	0.00017040335856727192	-0.03586362012658488	0.0770549308986628	0.6416240783563001	-0.0866600582410939	0.21448792572100595	0.6861889388835295	0.006397255116139019	0.06578986753205596	0.9225376330668988			0.18538828821261574	0.000999000999000999	0	0.006397271932428198	
sensitivity	ReactionTime	HRV_SDNN	89	39.28587860349213	29.715145345599996	0.0	1.9375493436821694	0.05267822777588498	0.018814709627361367	0.060703262524052296	0.756602319038469	120.84156397119938	88	1.373199590581811	0.011606922392299374	0.03664933979981236	0.07790075200675578	0.6380250119690178	0.16243005970556812	0.19941429267529528	0.41533813144661247	0.018814710908024328	0.060361133206160864	0.7552666934984871			0.17009054159239453	0.011988011988011988	0	0.01881470962736137	
sensitivity	ReactionTime	RestingHeartRate	53	40.354406481373594	30.0943307889	0.032426579026358794	6.093948443105892	1.101591518817606e-09	-0.021864744400419786	0.04502831714658075	0.627266646295372	239.41025072407885	52	4.604043283155362	7.506868692685638e-26	-0.05423922721996043	0.0373215983453695	0.1461423486684274	-0.028110679285675122	0.09576936336331048	0.769121077658133	-0.021864735781568757	0.04460130530439996	0.6239737261189778			0.12616934464471927	0.000999000999000999	0	-0.021864744400419796	
sensitivity	HRV_RMSSD	EducationalAttainment	17	60.53237804511765	29.827108416400005	0.839159336065717	27.874883134819054	5.380039685927071e-171	0.003627823234836708	0.009132101166482049	0.6911753594130335	27.762046764946277	16	1.7351279228091423	0.03375146834383218	0.002970325340300716	0.0100731054925867	0.7680879780810653	-0.01766518879095355	0.014654839142891962	0.2280424526611864	0.0036278236503867424	0.008859415242049829	0.6821816192640391			0.025588147468482703	0.03696303696303696	1	-0.000696601003485181	0.6620965693322107
sensitivity	HRV_SDNN	EducationalAttainment	7	69.64138138824286	34.945241102500006	0.7114023512581091	37.97793818865649	0.0	-0.007562835298793338	0.011281917700631066	0.5026346004708825	7.527242987724563	6	1.2545404979540937	0.27482315844324556	-0.010624117041206745	0.013025144585469032	0.4146934099994224	-0.02454815326426961	0.02039504123496311	0.22873129579405727	-0.007562835715300909	0.010444864813793288	0.46902144180530925			0.031611933397168245		0		
sensitivity	RestingHeartRate	EducationalAttainment	445	70.94693283732967	29.736517734400003	0.9079330939874121	9.515531408635022	1.8078649813255638e-21	-0.01342628477959253	0.006115165845339596	0.028122617098253568	1063.9678129040653	444	2.396323902937084	8.222622049219023e-53	-0.012953910854817263	0.006885922862583823	0.05994249093316484	-0.011822118586654162	0.011023567232892767	0.283522281035297	-0.013426285347213848	0.006108277015884371	0.02794569407437153	0.00012190526675301976	0.3469107737097825	0.017134694698641546	0.000999000999000999	0	-0.013426284779592528	
sensitivity	HRV_RMSSD	Intelligence	16	62.41064442453751	29.827108416400005	0.8433369642906975	15.065298367257068	2.739261816111668e-51	-0.021680764542389475	0.01307580563951938	0.09730081501200004	6.456519413530905	15	0.43043462756872697	0.9710176771314103	-0.023936682498774425	0.017485079917153337	0.17100628129695594	-0.030266985835591148	0.02251411210755591	0.17883323544365193	-0.021475155403328394	0.013030662845421448	0.09934286009548673			0.036638407401933304	0.977022977022977	0	-0.021680764542389475	
sensitivity	HRV_SDNN	Intelligence	5	79.55080000574	34.945241102500006	0.717627439315174	22.019416831104643	1.876631123485529e-107	-0.029195933857844695	0.020718127596323622	0.15877677330639062	1.276342372743418	4	0.3190855931858545	0.8653764217835874	-0.024409612426512458	0.023839346549813314	0.3058724939590165	-0.02253073343684936	0.0336077405085939	0.502600858712335	-0.02892470935995728	0.020670878099058057	0.16172376997946136			0.058052193524898786		0		
sensitivity	RestingHeartRate	Intelligence	442	70.68668663854503	29.736517734400003	0.9077175222392605	5.118920671410932	3.0728917192345856e-07	-0.00013377486786155944	0.012690514489403818	0.9915893933967571	1304.738178242716	441	2.958589973339492	2.8276172178429087e-86	0.00142577419970427	0.013086348245590192	0.913241144782022	-0.00856477197822425	0.02582156335831033	0.7401228369087358	-0.0001337732125310615	0.012676137945677976	0.9915799591133219	-0.009686484999071158	0.7493139013045301	0.035558821599309495	0.000999000999000999	0	-0.0001337748678615579	
sensitivity	HRV_RMSSD	ReactionTime	15	64.58288015841333	30.00191076	0.8465968072442788	19.14633727010015	1.0383830822509065e-81	-0.017641940661695	0.016680288748121153	0.2902141287014749	35.40468299903299	14	2.5289059285023567	0.0012802539848299538	-0.0021893283166831276	0.01524683424038504	0.8858224047581816	-0.007701978454835556	0.020920591666772476	0.7127591580530177	-0.01764194058174456	0.01611437983758799	0.2736065089063713			0.04673816907223547	0.001998001998001998	1	-0.01060113802247638	0.6380538790374439
sensitivity	HRV_SDNN	ReactionTime	6	74.83605108026667	34.945241102500006	0.6931874426796601	26.870017778468576	4.923006195665482e-159	-0.006907154553082689	0.021100371917731595	0.743405049835094	9.378410017030937	5	1.8756820034061874	0.0948897287790506	-0.0009218683126706656	0.02040026256276072	0.9639566289013339	-0.004944533914717053	0.026905758481706666	0.8541920642216999	-0.006907155642419095	0.019261842153241025	0.7198998219368944			0.05912324211348393		0		
sensitivity	RestingHeartRate	ReactionTime	417	71.85313206684195	29.736517734400003	0.9116837552518192	6.4755155143038525	9.448877770953124e-11	0.008960157480617023	0.009026676511183173	0.32088989019898995	956.5985445324216	416	2.29951573204909	1.4321897776775202e-44	0.0054289465933305804	0.011162146607492845	0.626704009116783	0.005340368089788217	0.019082638923693857	0.7795889068087808	0.008960154917567804	0.00901583907617246	0.3203086858657913	0.008800848560708542	0.9939256412377265	0.02529274758433525	0.000999000999000999	0	0.008960157480617027	
sensitivity	EducationalAttainment	AtrialFibrillation	120	44.8735149394375	29.752115702500003	0.40510113102629836	9.783788225070191	1.3216894452857328e-22	-0.021265865241776927	0.014579046077457263	0.14465882602801597	341.99746228366337	119	2.873928254484566	1.952068390227103e-23	-0.01874116869862717	0.01307740427566104	0.1518305586513224	-0.02480173505686578	0.032068208480098497	0.4392823208077373	-0.021265866977979296	0.014518039240510183	0.14297844135105356			0.04085048710903525	0.000999000999000999	0	-0.021265865241776927	
sensitivity	EducationalAttainment	QTinterval	139	44.53108981122301	29.752115702500003	0.3671380661624691	2.1903796345692546	0.028496715746126985	0.09770392421772747	0.04704001652637639	0.037798008224292884	238.4676712354648	138	1.728026603155542	2.3697141943888845e-07	0.055529150553349484	0.05621268116676561	0.32323087830135777	-0.09592957107088607	0.1560383387330782	0.5386986595459338	0.097703931892309	0.04686967120011018	0.03710675782351538			0.13180612630690666	0.000999000999000999	0	0.0977039242177275	
sensitivity	Intelligence	AtrialFibrillation	167	41.428562245508985	29.713400999999998	0.06617607030579711	17.638310870838115	1.251462311979246e-69	0.0002772516072043309	0.007360717364278365	0.9699536786002954	539.3616342939458	166	3.249166471650276	4.877783875911858e-41	-0.011375085599526467	0.006821794066620362	0.0954224805896278	-0.01550278961391438	0.01788129970547753	0.3859511174352297	0.0002772475051079944	0.00733864468696579	0.9698637959144741			0.02062473005470798	0.000999000999000999	0	0.0002772516072043309	
sensitivity	Intelligence	QTinterval	216	41.55748116666667	29.713400999999998	0.07611175995674348	3.966557681052434	7.291813478169349e-05	0.02759588050377221	0.021153042927092167	0.19203519732997942	376.09146226232224	215	1.7492626151735917	6.678392836413934e-11	0.029668774483359986	0.025201860008698056	0.23909756134908366	0.03964402247870402	0.07225079067421836	0.5832112166519468	0.02759588528134959	0.021103887169223345	0.19100190276280493			0.059270826281712256	0.000999000999000999	0	0.0275958805037722	
sensitivity	ReactionTime	AtrialFibrillation	71	40.06553695712253	29.799698388100005	0.0	13.988190755066814	1.8403431193030012e-44	-0.03204695943091747	0.014494707834572497	0.027039848473217748	226.37538065715452	70	3.2339340093879216	2.265121147627275e-18	-0.025222471601040547	0.013035518884588333	0.053002134045403416	-0.034819654276332934	0.032677866165096534	0.28663051669022144	-0.03204695912756847	0.014391643673506089	0.025962283489254556			0.04061417135247214	0.000999000999000999	0	-0.032046959430917475	
sensitivity	ReactionTime	QTinterval	89	39.28587860349213	29.715145345599996	0.0	3.0945546930435905	0.001971085893760564	0.13553288262796076	0.045297016834338344	0.002770719302789535	171.641482257695	88	1.9504713892919887	2.4238790405036295e-07	0.0780900143853741	0.05289365393011475	0.1398475818695542	0.019906403323949995	0.11801088954247413	0.8660461748716839	0.1355328819142517	0.04503884550513211	0.002618985679572987			0.12692224116981604	0.000999000999000999	0	0.13553288262796073	
sensitivity	HRV_RMSSD	RheumatoidArthritis	17	60.53237804511765	29.827108416400005	0.839159336065717	14.440215710174675	2.8893643869028845e-47	0.002480052089589365	0.013792892645471271	0.8573044612803431	16.99581583522869	16	1.0622384897017931	0.38586790750820676	-0.025931631508314252	0.01905661835445707	0.1735870994086729	-0.03277220151830321	0.028405185310666575	0.24860673588471827	0.0024800405385149386	0.013382902773527277	0.8529826819655906			0.038647685192610505	0.3776223776223776	0	0.0024800520895893654	
sensitivity	HRV_SDNN	RheumatoidArthritis	7	69.64138138824286	34.945241102500006	0.7114023512581091	19.673970183819396	3.6042428810832545e-86	-0.008482482168387585	0.019443746893273762	0.6626498479663057	5.457483311401312	6	0.9095805519002186	0.4866102473779458	-0.03409409337092766	0.02450150258202834	0.1640707364609858	-0.04043750491253256	0.037660624460499774	0.28294177568374457	-0.008455689459356496	0.01941667242328054	0.6632096818908952			0.05448137879495308		0		
sensitivity	RestingHeartRate	RheumatoidArthritis	444	70.86649548571555	29.736517734400003	0.9078682995046913	4.934499123183728	8.035670662540864e-07	-0.009470257219690323	0.009911991654850833	0.33935809430283925	745.9438947223658	443	1.6838462634816385	8.48839833521786e-18	-0.004593747078817779	0.012932137515524862	0.7224251771004659	0.00041600385286511	0.022309863545024622	0.985123000999225	-0.00947025529657422	0.009900812722443314	0.3388131596140349	-0.020893743609281794	0.6248000201358643	0.027773400616892034	0.000999000999000999	0	-0.009470257219690323	
sensitivity	EducationalAttainment	RheumatoidArthritis	139	44.53108981122301	29.752115702500003	0.3671380661624691	3.1945620931494134	0.0014004315580709887	-0.22695098243404305	0.03123683499625833	3.716822545199423e-13	223.6724570596084	138	1.6208149062290464	5.39952446735351e-06	-0.17325227552661204	0.04026302922942847	1.6849214395018934e-05	-0.03145882245617848	0.12046317981400109	0.7939777113360635	-0.22695097464716033	0.03111823453735204	3.0271678507934773e-13			0.08752561165951585	0.000999000999000999	0	-0.22695098243404302	
sensitivity	Intelligence	RheumatoidArthritis	214	41.65393406542057	29.713400999999998	0.07993133301184671	5.789362522813312	7.065405787793724e-09	-0.05171229854808018	0.014873785917388941	0.000507548206429502	389.11921940933297	213	1.826850795348981	1.9348897346852246e-12	-0.03911951304367228	0.017150523477860127	0.022551314249802272	-0.04044243280231419	0.05088295960379095	0.4267223445818995	-0.051712292719907016	0.014838496034499526	0.0004921204274952967			0.04167634814052382	0.000999000999000999	0	-0.05171229854808018	
sensitivity	ReactionTime	RheumatoidArthritis	89	39.28587860349213	29.715145345599996	0.0	4.513257410521322	6.38394617930221e-06	-0.0628549854419633	0.03248002739430483	0.05296713085410662	187.71531641108652	88	2.1331285955805286	3.4087503628480476e-09	-0.05000676175578649	0.03708291001829775	0.17749365398347972	-0.08118432645478668	0.08625792050949563	0.34661204895305764	-0.06285498670127275	0.03229613183136544	0.051629772122894824			0.09100903675884214	0.000999000999000999	0	-0.06285498544196329	
