analysis	exposure	outcome	n_iv	ivw	ivw_se	ivw_p	Q_over_df	F_mean	beta_rhr	beta_rhr_se	cond_F_rmssd	cond_F_rhr	mean_shrink_bx	F_mean_corrected	ivw_naive
hr_corrected_hrv	HRV_RMSSDc	EducationalAttainment	10	-0.007893640823545945	0.007832151324738105	0.31352604224874525	0.9025113253903115	80.62773256045999							
hr_corrected_hrv	HRV_RMSSDc	Intelligence	10	-0.028593493149551872	0.014551761162078854	0.04941994488352053	0.40029808691633506	80.62773256045999							
hr_corrected_hrv	HRV_RMSSDc	ReactionTime	10	-0.005952076684198985	0.014498012475817184	0.6814066983728374	1.5900773916779458	80.62773256045999							
hr_corrected_hrv	HRV_SDNNc	EducationalAttainment	6	-0.004155225737244741	0.01134765600057694	0.7142346403404813	1.0176949373349844	65.14793078154999							
hr_corrected_hrv	HRV_SDNNc	ReactionTime	5	-0.017956054981834082	0.018784865312502997	0.33913345820993057	1.1942052210396703	72.13996253074							
mvmr	HRV_RMSSD|RestingHeartRate	EducationalAttainment	276	-0.007109580813453243	0.011901604961350868	0.5502649181889475			-0.015149502711887971	0.009945195234547885	2.8517746378580093	5.27051041030901			
mvmr	HRV_RMSSD|RestingHeartRate	Intelligence	274	-0.04302975641404407	0.02512253504207292	0.08675023096778102			-0.022826937628660202	0.02090969629124947	2.8467604422821093	5.313796322971904			
mvmr	HRV_RMSSD|RestingHeartRate	ReactionTime	261	-0.012241499128552867	0.018203851290713783	0.5012860969299267			0.007555020128678548	0.01532177702979811	2.9309884269649715	5.435685871904339			
intersection_clumping	HRV_RMSSD	EducationalAttainment	14	-0.0009039698006811644	0.009174713476335973	0.9215127250711423	1.5716731040368015								
intersection_clumping	HRV_RMSSD	Intelligence	14	-0.022885593607017557	0.013601897310926338	0.09246620769662489	0.4884610346617662								
intersection_clumping	HRV_RMSSD	ReactionTime	13	-0.004002954534025003	0.012132555773620842	0.7414490926238066	1.2333008743340963								
intersection_clumping	HRV_SDNN	EducationalAttainment	7	-0.007562835298793338	0.011281917700631066	0.5026346004708825	1.2545404979540937								
intersection_clumping	HRV_SDNN	Intelligence	6	-0.031247586489142908	0.01950209513966676	0.10909631888487617	0.2724811357561456								
intersection_clumping	HRV_SDNN	ReactionTime	6	-0.006907154553082689	0.021100371917731595	0.743405049835094	1.8756820034061874								
intersection_clumping	RestingHeartRate	EducationalAttainment	277	-0.010401286849859727	0.007159438229324875	0.14627715878694725	2.3670999387033054								
intersection_clumping	RestingHeartRate	Intelligence	278	0.003588686655612088	0.014862592417416116	0.80920043500653	2.9459548250501455								
intersection_clumping	RestingHeartRate	ReactionTime	274	0.015312024930456957	0.01086170326205139	0.1586206197298533	2.4946675334528297								
winners_curse_corrected	HRV_RMSSD	EducationalAttainment	14	-0.0029513878399222144	0.009996464501064319	0.7678081282604807	1.562370643247198						0.761943507576604	55.23441574318845	-0.0009039698006811644
winners_curse_corrected	HRV_RMSSD	Intelligence	13	-0.02464048577144405	0.014860569331019088	0.09729489704778556	0.5286129306198508						0.814880984590604	59.47046221501826	-0.022899465334265432
winners_curse_corrected	HRV_RMSSD	ReactionTime	13	-0.004573101355309846	0.01303159654456914	0.7256452868609172	1.2318470724228954						0.814880984590604	59.47046221501826	-0.004002954534025003
winners_curse_corrected	HRV_SDNN	EducationalAttainment	7	-0.006857340536696385	0.011746746163527456	0.559378356639026	1.2760248492912163						0.9333475423365313	65.3390039920065	-0.007562835298793338
winners_curse_corrected	HRV_SDNN	Intelligence	5	-0.030321135744007164	0.02121070585573976	0.15285472905026362	0.30466288935739905						0.9384565026207646	75.89887098285075	-0.029195933857844695
winners_curse_corrected	HRV_SDNN	ReactionTime	6	-0.009935123343849633	0.0213582519481794	0.6418128960146064	1.8364082340974526						0.9459371682718496	71.51047991909151	-0.006907154553082689
winners_curse_corrected	RestingHeartRate	EducationalAttainment	276	-0.00965668468800638	0.0074730612073966845	0.19628812354528602	2.3239813221422305						0.8276636201973465	74.28327936046249	-0.01123477768959516
winners_curse_corrected	RestingHeartRate	Intelligence	274	0.005149013008141652	0.015827332602277717	0.7449357797844567	2.983478945695193						0.8288503258095362	73.92486305387655	0.002080883482401952
winners_curse_corrected	RestingHeartRate	ReactionTime	261	0.0169857226432604	0.011556394785362429	0.1416127975096781	2.4589290614959305						0.828129966334079	74.89656234860227	0.015371015782332664
