section	pair	compartment	effect
SAN__HCAHeartST10659160	Res-Atr	fibrosis	-0.563665408192203
SAN__HCAHeartST10659160	Res-Atr	node	2.3098989200926847
SAN__HCAHeartST10659160	Res-Atr	epicardium_subepicardium	-0.048541815486251055
SAN__HCAHeartST10659160	Res-Atr	adipose_tissue	-0.3131381270022392
SAN__HCAHeartST10659160	Res-Atr	myocardium_atrial	-1.0395132485010365
SAN__HCAHeartST12992072	Res-Atr	node	0.8759829818592841
SAN__HCAHeartST12992072	Res-Atr	epicardium_subepicardium	-0.037469151159051584
SAN__HCAHeartST12992072	Res-Atr	vessel	0.2786221544318719
SAN__HCAHeartST12992072	Res-Atr	endocardium	-0.46269767471847617
SAN__HCAHeartST12992072	Res-Atr	adipose_tissue	-0.45586253280713923
SAN__HCAHeartST12992072	Res-Atr	myocardium_atrial	0.26038097724460174
SAN__HCAHeartST13228105	Res-Atr	haemorrhage	-0.0886118155956161
SAN__HCAHeartST13228105	Res-Atr	node	1.248279510847329
SAN__HCAHeartST13228105	Res-Atr	nerve	-1.1859727954191095
SAN__HCAHeartST13228105	Res-Atr	adipose_tissue	-0.6554330907231882
SAN__HCAHeartST13228105	Res-Atr	myocardium_atrial	0.07638328707039316
SAN__HCAHeartST13228106	Res-Atr	fibrosis	-0.44657258673671807
SAN__HCAHeartST13228106	Res-Atr	haemorrhage	-0.28519109822345934
SAN__HCAHeartST13228106	Res-Atr	node	1.1854125879041222
SAN__HCAHeartST13228106	Res-Atr	adipose_tissue	-1.539902441651956
SAN__HCAHeartST13228106	Res-Atr	myocardium_atrial	-0.5526229723097679
SAN__HCAHeartST13233996	Res-Atr	fibrosis	-1.1247951452909413
SAN__HCAHeartST13233996	Res-Atr	node	1.2044915888543128
SAN__HCAHeartST13233996	Res-Atr	vessel	-1.9216945562201344
SAN__HCAHeartST13233996	Res-Atr	adipose_tissue	-0.6064778429918787
SAN__HCAHeartST13233996	Res-Atr	myocardium_atrial	0.9140877570919173
SAN__HCAHeartST13233997	Res-Atr	adipose_tissue	-1.0666238783802093
SAN__HCAHeartST13233997	Res-Atr	myocardium_atrial	0.49258720270503864
SAN__HCAHeartST13233997	Res-Atr	fibrosis	-1.2564699840721512
SAN__HCAHeartST13233997	Res-Atr	node	1.0685709753188082
SAN__HCAHeartST13233998	Res-Atr	adipose_tissue	-1.2599171663580977
SAN__HCAHeartST13233998	Res-Atr	myocardium_atrial	0.4754031455535408
SAN__HCAHeartST13233998	Res-Atr	fibrosis	0.7856898469563112
SAN__HCAHeartST13233998	Res-Atr	node	-0.00883149186982135
SAN__HCAHeartST13233999	Res-Atr	fibrosis	-0.661214567882825
SAN__HCAHeartST13233999	Res-Atr	node	1.0518592822116661
SAN__HCAHeartST13233999	Res-Atr	vessel	-1.581950097028218
SAN__HCAHeartST13233999	Res-Atr	adipose_tissue	-1.2404569574272628
SAN__HCAHeartST13233999	Res-Atr	myocardium_atrial	1.6070263977786075
SAN__HCAHeartST10659160	Res-PRi	fibrosis	-0.16723713251506256
SAN__HCAHeartST10659160	Res-PRi	node	2.6201567113035327
SAN__HCAHeartST10659160	Res-PRi	epicardium_subepicardium	0.756144558474466
SAN__HCAHeartST10659160	Res-PRi	adipose_tissue	-0.021644185378606573
SAN__HCAHeartST10659160	Res-PRi	myocardium_atrial	-1.4749811992186737
SAN__HCAHeartST12992072	Res-PRi	node	1.2766291208741825
SAN__HCAHeartST12992072	Res-PRi	epicardium_subepicardium	-0.06418412191398737
SAN__HCAHeartST12992072	Res-PRi	vessel	0.8626055643668157
SAN__HCAHeartST12992072	Res-PRi	endocardium	-0.5906956338222987
SAN__HCAHeartST12992072	Res-PRi	adipose_tissue	-0.2561126229069415
SAN__HCAHeartST12992072	Res-PRi	myocardium_atrial	-0.6999514971191099
SAN__HCAHeartST13228105	Res-PRi	haemorrhage	-0.016060455353357095
SAN__HCAHeartST13228105	Res-PRi	node	1.370147274509235
SAN__HCAHeartST13228105	Res-PRi	nerve	-0.20241149498520983
SAN__HCAHeartST13228105	Res-PRi	adipose_tissue	-0.23956974294703537
SAN__HCAHeartST13228105	Res-PRi	myocardium_atrial	-1.45879486394849
SAN__HCAHeartST13228106	Res-PRi	fibrosis	-0.7023258734380774
SAN__HCAHeartST13228106	Res-PRi	haemorrhage	0.48523615235528417
SAN__HCAHeartST13228106	Res-PRi	node	1.661197286333715
SAN__HCAHeartST13228106	Res-PRi	adipose_tissue	-0.8633474374105443
SAN__HCAHeartST13228106	Res-PRi	myocardium_atrial	-1.3325259345305631
SAN__HCAHeartST13233996	Res-PRi	fibrosis	-0.6561804317917852
SAN__HCAHeartST13233996	Res-PRi	node	1.1873429733565533
SAN__HCAHeartST13233996	Res-PRi	vessel	0.040944677514882954
SAN__HCAHeartST13233996	Res-PRi	adipose_tissue	-0.5271764929806122
SAN__HCAHeartST13233996	Res-PRi	myocardium_atrial	-0.04917962260836983
SAN__HCAHeartST13233997	Res-PRi	adipose_tissue	-0.8020340523891889
SAN__HCAHeartST13233997	Res-PRi	myocardium_atrial	-0.2860347700591843
SAN__HCAHeartST13233997	Res-PRi	fibrosis	-0.09842689786021896
SAN__HCAHeartST13233997	Res-PRi	node	0.9565621317902337
SAN__HCAHeartST13233998	Res-PRi	adipose_tissue	-0.6638678044846302
SAN__HCAHeartST13233998	Res-PRi	myocardium_atrial	-0.631980421287309
SAN__HCAHeartST13233998	Res-PRi	fibrosis	1.1119627695886416
SAN__HCAHeartST13233998	Res-PRi	node	0.36359149332209584
SAN__HCAHeartST13233999	Res-PRi	fibrosis	-0.2668063563694827
SAN__HCAHeartST13233999	Res-PRi	node	1.078456798991639
SAN__HCAHeartST13233999	Res-PRi	vessel	0.47929179546786527
SAN__HCAHeartST13233999	Res-PRi	adipose_tissue	-0.5833958171648941
SAN__HCAHeartST13233999	Res-PRi	myocardium_atrial	-0.7013009634642318
SAN__HCAHeartST10659160	PRi-Atr	fibrosis	-0.39642827567714045
SAN__HCAHeartST10659160	PRi-Atr	node	-0.31025779121084784
SAN__HCAHeartST10659160	PRi-Atr	epicardium_subepicardium	-0.8046863739607171
SAN__HCAHeartST10659160	PRi-Atr	adipose_tissue	-0.2914939416236326
SAN__HCAHeartST10659160	PRi-Atr	myocardium_atrial	0.43546795071763705
SAN__HCAHeartST12992072	PRi-Atr	node	-0.4006461390148984
SAN__HCAHeartST12992072	PRi-Atr	epicardium_subepicardium	0.026714970754935785
SAN__HCAHeartST12992072	PRi-Atr	vessel	-0.5839834099349438
SAN__HCAHeartST12992072	PRi-Atr	endocardium	0.12799795910382256
SAN__HCAHeartST12992072	PRi-Atr	adipose_tissue	-0.19974990990019775
SAN__HCAHeartST12992072	PRi-Atr	myocardium_atrial	0.9603324743637116
SAN__HCAHeartST13228105	PRi-Atr	haemorrhage	-0.072551360242259
SAN__HCAHeartST13228105	PRi-Atr	node	-0.12186776366190588
SAN__HCAHeartST13228105	PRi-Atr	nerve	-0.9835613004338997
SAN__HCAHeartST13228105	PRi-Atr	adipose_tissue	-0.41586334777615286
SAN__HCAHeartST13228105	PRi-Atr	myocardium_atrial	1.535178151018883
SAN__HCAHeartST13228106	PRi-Atr	fibrosis	0.25575328670135933
SAN__HCAHeartST13228106	PRi-Atr	haemorrhage	-0.7704272505787435
SAN__HCAHeartST13228106	PRi-Atr	node	-0.47578469842959276
SAN__HCAHeartST13228106	PRi-Atr	adipose_tissue	-0.6765550042414117
SAN__HCAHeartST13228106	PRi-Atr	myocardium_atrial	0.7799029622207954
SAN__HCAHeartST13233996	PRi-Atr	fibrosis	-0.46861471349915595
SAN__HCAHeartST13233996	PRi-Atr	node	0.01714861549775959
SAN__HCAHeartST13233996	PRi-Atr	vessel	-1.9626392337350174
SAN__HCAHeartST13233996	PRi-Atr	adipose_tissue	-0.07930135001126648
SAN__HCAHeartST13233996	PRi-Atr	myocardium_atrial	0.9632673797002871
SAN__HCAHeartST13233997	PRi-Atr	adipose_tissue	-0.26458982599102043
SAN__HCAHeartST13233997	PRi-Atr	myocardium_atrial	0.778621972764223
SAN__HCAHeartST13233997	PRi-Atr	fibrosis	-1.1580430862119322
SAN__HCAHeartST13233997	PRi-Atr	node	0.11200884352857438
SAN__HCAHeartST13233998	PRi-Atr	adipose_tissue	-0.5960493618734675
SAN__HCAHeartST13233998	PRi-Atr	myocardium_atrial	1.1073835668408498
SAN__HCAHeartST13233998	PRi-Atr	fibrosis	-0.3262729226323305
SAN__HCAHeartST13233998	PRi-Atr	node	-0.3724229851919172
SAN__HCAHeartST13233999	PRi-Atr	fibrosis	-0.39440821151334227
SAN__HCAHeartST13233999	PRi-Atr	node	-0.026597516779972796
SAN__HCAHeartST13233999	PRi-Atr	vessel	-2.061241892496083
SAN__HCAHeartST13233999	PRi-Atr	adipose_tissue	-0.6570611402623687
SAN__HCAHeartST13233999	PRi-Atr	myocardium_atrial	2.3083273612428394
SAN__HCAHeartST10659160	Res-Edu	fibrosis	-0.42587586015040824
SAN__HCAHeartST10659160	Res-Edu	node	1.05468343785725
SAN__HCAHeartST10659160	Res-Edu	epicardium_subepicardium	-0.6207422208358248
SAN__HCAHeartST10659160	Res-Edu	adipose_tissue	-0.053731629861249686
SAN__HCAHeartST10659160	Res-Edu	myocardium_atrial	-0.09367477972735228
SAN__HCAHeartST12992072	Res-Edu	node	1.2597698653094567
SAN__HCAHeartST12992072	Res-Edu	epicardium_subepicardium	-0.5579985199870993
SAN__HCAHeartST12992072	Res-Edu	vessel	-1.908269990963844
SAN__HCAHeartST12992072	Res-Edu	endocardium	0.07327028934354934
SAN__HCAHeartST12992072	Res-Edu	adipose_tissue	-0.49433229839830933
SAN__HCAHeartST12992072	Res-Edu	myocardium_atrial	0.8983379821497357
SAN__HCAHeartST13228105	Res-Edu	haemorrhage	-0.1521326188394519
SAN__HCAHeartST13228105	Res-Edu	node	1.976128123908256
SAN__HCAHeartST13228105	Res-Edu	nerve	-1.3916412167188006
SAN__HCAHeartST13228105	Res-Edu	adipose_tissue	-1.6081917211698276
SAN__HCAHeartST13228105	Res-Edu	myocardium_atrial	0.810412424413619
SAN__HCAHeartST13228106	Res-Edu	fibrosis	-1.0157301099285259
SAN__HCAHeartST13228106	Res-Edu	haemorrhage	-0.7395045847469133
SAN__HCAHeartST13228106	Res-Edu	node	0.5950884000598476
SAN__HCAHeartST13228106	Res-Edu	adipose_tissue	-1.946759235345473
SAN__HCAHeartST13228106	Res-Edu	myocardium_atrial	0.3631084977467719
SAN__HCAHeartST13233996	Res-Edu	fibrosis	-2.2099872215249285
SAN__HCAHeartST13233996	Res-Edu	node	1.0547059870408813
SAN__HCAHeartST13233996	Res-Edu	vessel	-1.5435067145293977
SAN__HCAHeartST13233996	Res-Edu	adipose_tissue	-1.0402184913419883
SAN__HCAHeartST13233996	Res-Edu	myocardium_atrial	2.7773059140759
SAN__HCAHeartST13233997	Res-Edu	adipose_tissue	-1.7247108765441996
SAN__HCAHeartST13233997	Res-Edu	myocardium_atrial	2.750080501337471
SAN__HCAHeartST13233997	Res-Edu	fibrosis	-2.3692635112707654
SAN__HCAHeartST13233997	Res-Edu	node	-0.05535250106179701
SAN__HCAHeartST13233998	Res-Edu	adipose_tissue	-1.882006591800958
SAN__HCAHeartST13233998	Res-Edu	myocardium_atrial	1.4676504749293138
SAN__HCAHeartST13233998	Res-Edu	fibrosis	1.2600044489738806
SAN__HCAHeartST13233998	Res-Edu	node	-2.3685366827922056
SAN__HCAHeartST13233999	Res-Edu	fibrosis	-1.9039007562004637
SAN__HCAHeartST13233999	Res-Edu	node	1.5607414467961065
SAN__HCAHeartST13233999	Res-Edu	vessel	-1.9631160060428432
SAN__HCAHeartST13233999	Res-Edu	adipose_tissue	-1.7641087614843807
SAN__HCAHeartST13233999	Res-Edu	myocardium_atrial	3.37081077636298
