pair	compartment	depth	effect	residual
Res-Atr	adipose_tissue	2029.0	-0.8922265046677464	-0.47399418292854967
Res-Atr	endocardium	3996.0	-0.46269767471847617	-0.15267639347610557
Res-Atr	epicardium_subepicardium	3714.0	-0.04300548332265132	0.2787005732721973
Res-Atr	fibrosis	3251.0	-0.5445046408697546	-0.20154011087860468
Res-Atr	haemorrhage	693.0	-0.18690145690953772	0.4028506211467977
Res-Atr	myocardium_atrial	6837.5	0.27921656832916186	0.50347880587799
Res-Atr	nerve	4526.0	-1.1859727954191095	-0.8958364581388361
Res-Atr	node	5865.0	1.1169580444022982	1.3657156451866
Res-Atr	vessel	5881.5	-1.0750074996054935	-0.8266983641684817
Res-PRi	adipose_tissue	2029.0	-0.49464351945780666	-0.48623038345240505
Res-PRi	endocardium	3996.0	-0.5906956338222987	-0.6082217239674098
Res-PRi	epicardium_subepicardium	3714.0	0.34598021828023934	0.3312550994047358
Res-PRi	fibrosis	3251.0	-0.12983565373099756	-0.13946493310607386
Res-PRi	haemorrhage	693.0	0.23458784850096354	0.28411591084456095
Res-PRi	myocardium_atrial	6837.5	-0.8293436590294915	-0.8674270037274437
Res-PRi	nerve	4526.0	-0.20241149498520983	-0.2247041983753313
Res-PRi	node	5865.0	1.3142604738101484	1.2820489018783094
Res-PRi	vessel	5881.5	0.460947345783188	0.42862824707217423
PRi-Atr	adipose_tissue	2029.0	-0.39758298520993973	0.012236140919210658
PRi-Atr	endocardium	3996.0	0.12799795910382256	0.45554527088665947
PRi-Atr	epicardium_subepicardium	3714.0	-0.38898570160289064	-0.05255455593486086
PRi-Atr	fibrosis	3251.0	-0.414668987138757	-0.062075207574853186
PRi-Atr	haemorrhage	693.0	-0.4214893054105012	0.11873471030223681
PRi-Atr	myocardium_atrial	6837.5	1.1085602273586534	1.3709057798031115
PRi-Atr	nerve	4526.0	-0.9835613004338997	-0.6711323491704719
PRi-Atr	node	5865.0	-0.19730242940785012	0.08366671350596824
PRi-Atr	vessel	5881.5	-1.5359548453886813	-1.2553267602522677
Res-Edu	adipose_tissue	2029.0	-1.3142574507432983	-0.6208863932329223
Res-Edu	endocardium	3996.0	0.07327028934354934	0.508825747412397
Res-Edu	epicardium_subepicardium	3714.0	-0.589370370411462	-0.1259757285352413
Res-Edu	fibrosis	3251.0	-1.110792168350202	-0.5967485987853827
Res-Edu	haemorrhage	693.0	-0.44581860179318256	0.6562033308087462
Res-Edu	myocardium_atrial	6837.5	1.543003973911055	1.7742361402013382
Res-Edu	nerve	4526.0	-1.3916412167188006	-1.0034623913403826
Res-Edu	node	5865.0	0.6346535096397244	0.9242464909782254
Res-Edu	vessel	5881.5	-1.8049642371786951	-1.5164398479117274
